#,Product Registration No,Product Trade Name,Inn Of Api,Dosage Form Name,Country of Origin,Local Foreign,Mah Company Name,Local Technical Representative,Date of Registration,Date of Expiry
1,H2009/19912/R1,Zealor 400mg Tablets,Aciclovir BP,Tablet,India,Foreign,HARLEYS LIMITED,HARLEYS LTD-NAIROBI,2026 September 02,2031 September 02
2,H2009/18534/216/R1,DFENAC Injection,Diclofenac Sodium,Solution For Injection,India,Foreign,Syner-Med Pharmaceuticals (K) Ltd,SYNER-MED PHARMACEUTICALS (K)LTD,2026 September 02,2031 September 02
3,H2009/19071/429/R1,VANCO 500,Vancomycin Hydrochloride USP,Powder For Injection,India,Foreign,Syner-Med Pharmaceuticals (K) Ltd,SYNER-MED PHARMACEUTICALS (K)LTD,2026 September 02,2031 September 02
4,H2009/19079/235/R1,Rabeto 20 Tablets,Rabeprazole Sodium BP,Coated Tablet,India,Foreign,Harley's Limited,HARLEYS LTD-NAIROBI,2026 September 02,2031 September 02
5,H2009/19459/258/R1,SPECTRIX500MG TABLET,Levofloxacin,Tablet,Pakistan,Foreign,PHARMEVO  (PVT) LTD,HARLEYS LTD-NAIROBI,2026 September 02,2031 September 02
6,H2009/19598/168/R1,CABERLINE 0.5MG  TABLETS,Cabergoline,Tablet,India,Foreign,Sun Pharmaceutical Industries Limited,SUN PHARMA EAST AFRICA LTD,2026 September 02,2031 September 02
7,H2009/19647/295/R1,CLOBEDERM OINTMENT,CLOBETASOL PROPIONATE,Ointment,Pakistan,Foreign,ATCO Laboratories Limited,GLOBE PHARMACY LTD,2026 September 02,2031 September 02
8,H2009/19973/558/R1,LYSOFLAM TABLETS,Paracetamol diclofenac potassium serratiopeptidase,Tablet,India,Foreign,CACHET PHARMACEUTICALS PVT. LTD,PHILLIPS THERAPEUTICS LIMITED,2026 September 02,2031 September 02
9,H2009/20067/143/R1,Azin Powder for suspension,Azithromycin Dihydrate,Powder For Oral Suspension,Bangladesh,Foreign,The ACME Laboratories Ltd,HIGHRIDGE PHARMACEUTICALS LTD,2026 September 02,2031 September 02
10,H2009/19987/167/R1,BENUTRION VE,L-Isoleucine L-Leucine  L-Lysine L-Methionine …,Infusion,Indonesia,Foreign,PT Sanbe Farma,SAI PHARMACEUTICALS LTD,2026 September 02,2031 September 02
11,H2018/4873/623ER/R1,TRIJECT 1 G IV INJECTION,Ceftriaxone Sodium USP,Injection,Bangladesh,Foreign,Eskayef Pharmaceuticals Limited,UMOJA PHARMACEUTICALS LTD,2026 September 02,2031 September 02
12,H2009/19459/258/R1,SPECTRIX500MG TABLET,Levofloxacin,Tablet,Pakistan,Foreign,PHARMEVO  (PVT) LTD,HARLEYS LTD-NAIROBI,2026 September 02,2031 September 02
13,H2009/19598/168/R1,CABERLINE 0.5MG  TABLETS,Cabergoline,Tablet,India,Foreign,Sun Pharmaceutical Industries Limited,SUN PHARMA EAST AFRICA LTD,2026 September 02,2031 September 02
14,H2009/19647/295/R1,CLOBEDERM OINTMENT,CLOBETASOL PROPIONATE,Ointment,Pakistan,Foreign,ATCO Laboratories Limited,GLOBE PHARMACY LTD,2026 September 02,2031 September 02
15,H2009/19912/R1,Zealor 400mg Tablets,Aciclovir BP,Tablet,India,Foreign,HARLEYS LIMITED,HARLEYS LTD-NAIROBI,2026 September 02,2031 September 02
16,H2009/19952/446/R1,ELAXIM 50,TNK-t-PA (Recombinant tissue plasminogen…,Powder For Injection,India,Foreign,Emcure Pharmaceuticals Ltd,LAZOR PHARMACEUTICALS LIMITED,2026 September 02,2031 September 02
17,H2009/19964/197/R1,Clavulin Suspension 457mg/5ml,Amoxicillin + Clavulanate,Powder For Oral Suspension,United Kingdom,Foreign,GlaxoSmithKline Trading Services Limited,LABOREX KENYA LTD-MOMBASA ROAD,2026 September 02,2031 September 02
18,H2009/19973/558/R1,LYSOFLAM TABLETS,Paracetamol diclofenac potassium serratiopeptidase,Tablet,India,Foreign,CACHET PHARMACEUTICALS PVT. LTD,PHILLIPS THERAPEUTICS LIMITED,2026 September 02,2031 September 02
19,H2009/19987/167/R1,BENUTRION VE,L-Isoleucine L-Leucine  L-Lysine L-Methionine …,Infusion,Indonesia,Foreign,PT Sanbe Farma,SAI PHARMACEUTICALS LTD,2026 September 02,2031 September 02
20,H2009/20067/143/R1,Azin Powder for suspension,Azithromycin Dihydrate,Powder For Oral Suspension,Bangladesh,Foreign,The ACME Laboratories Ltd,HIGHRIDGE PHARMACEUTICALS LTD,2026 September 02,2031 September 02
21,H2008/20084/945/R1,SICLOFEN 100MG TABS,Aceclofenac,Film-Coated Tablet,India,Foreign,Zest Pharma,SYNER-MED PHARMACEUTICALS (K)LTD,2026 September 02,2031 September 02
22,H2008/19752/649/R1,CANEM INJECTION 500MG,Meropenum trihydrate usp,Injection,India,Foreign,CACHET PHARMACEUTICALS PVT. LTD,PHILLIPS THERAPEUTICS LIMITED,2026 September 02,2031 September 02
23,H2018/CTD4000/455ER/R1,Oxcin Ophthalmic Solution,Moxifloxacin,"Eye Drops, Solution",Pakistan,Foreign,ATCO Laboratories Limited,GLOBE PHARMACY LTD,2026 September 02,2031 September 02
24,H2008/19731/83/R1,EMITINO TABLETS,Ondansetron,Tablet,India,Foreign,CACHET PHARMACEUTICALS PVT. LTD,PHILLIPS THERAPEUTICS LIMITED,2026 September 02,2031 September 02
25,H2008/19473/773/R1,Levoplant,Levonorgestrel,Implant,China,Foreign,Shanghai Dahua Pharmaceutical Co. Ltd.,IMPERIAL MANAGED SOLUTIONS EAST AFRICA LTD-…,2026 September 02,2031 September 02
26,H2008/19372/407/R1,DOXOL 20 mg/0.5 ml Injection,Docetaxel,Solution For Infusion,India,Foreign,Venus Remedies Limited,HARLEYS LTD-NAIROBI,2026 September 02,2031 September 02
27,H2008/19264/342/R1,CARBOL 150 MG INJECTION,Carboplatin BP,Solution For Injection,India,Foreign,Venus Remedies Limited,HARLEYS LTD-NAIROBI,2026 September 02,2031 September 02
28,H2008/19232/389/R1,Amlozaar,Losartan Potassium 50 mg & Amlodipine 5 mg Tablets,Tablet,India,Foreign,Micro Labs Ltd,MICRO LABS (EA) LTD,2026 September 02,2031 September 02
29,H2008/19002/133/R1,Glirin 100mg,Irinotican,Injection,Argentina,Foreign,Glenmark Pharmaceuticals Kenya Limited,GLENMARK PHARMACEUTICALS (K) LTD,2026 September 02,2031 September 02
30,H2008/18995/246/R1,BRUPAL-KID TABLETS,Ibuprofen and Paracetamol,Tablet,India,Foreign,Geno Pharmaceuticals Pvt. Ltd,HARLEYS LTD-NAIROBI,2026 September 02,2031 September 02
31,H2009/20208/087/R1,PARIN-E 20 mg Pre-filled Syringes,Enoxaparin Sodium,Solution For Injection,India,Foreign,Venus Remedies Limited,HARLEYS LTD-NAIROBI,2026 September 02,2031 September 02
32,H2008/4759/R1,Flu-Gone Capsule,Paracetamol Pseudoephedrine Hydrochloride…,Capsule,Pakistan,Foreign,Globe Pharmacy Limited,GLOBE PHARMACY LTD,2026 September 02,2031 September 02
33,H2009/15429/R1,Avas-10,Atorvastatin Calcium (Micronized),Tablet,India,Foreign,Micro Labs Ltd,MICRO LABS (EA) LTD,2026 September 02,2031 September 02
34,H2018/4873/623ER/R1,TRIJECT 1 G IV INJECTION,Ceftriaxone Sodium USP,Injection,Bangladesh,Foreign,Eskayef Pharmaceuticals Limited,UMOJA PHARMACEUTICALS LTD,2026 September 02,2031 September 02
35,H2009/18534/216/R1,DFENAC Injection,Diclofenac Sodium,Solution For Injection,India,Foreign,Syner-Med Pharmaceuticals (K) Ltd,SYNER-MED PHARMACEUTICALS (K)LTD,2026 September 02,2031 September 02
36,H2009/19071/429/R1,VANCO 500,Vancomycin Hydrochloride USP,Powder For Injection,India,Foreign,Syner-Med Pharmaceuticals (K) Ltd,SYNER-MED PHARMACEUTICALS (K)LTD,2026 September 02,2031 September 02
37,H2009/19079/235/R1,Rabeto 20 Tablets,Rabeprazole Sodium BP,Coated Tablet,India,Foreign,Harley's Limited,HARLEYS LTD-NAIROBI,2026 September 02,2031 September 02
38,H2009/19459/258/R1,SPECTRIX500MG TABLET,Levofloxacin,Tablet,Pakistan,Foreign,PHARMEVO  (PVT) LTD,HARLEYS LTD-NAIROBI,2026 September 02,2031 September 02
39,H2009/19598/168/R1,CABERLINE 0.5MG  TABLETS,Cabergoline,Tablet,India,Foreign,Sun Pharmaceutical Industries Limited,SUN PHARMA EAST AFRICA LTD,2026 September 02,2031 September 02
40,H2009/19647/295/R1,CLOBEDERM OINTMENT,CLOBETASOL PROPIONATE,Ointment,Pakistan,Foreign,ATCO Laboratories Limited,GLOBE PHARMACY LTD,2026 September 02,2031 September 02
41,H2009/19071/429/R1,VANCO 500,Vancomycin Hydrochloride USP,Powder For Injection,India,Foreign,Syner-Med Pharmaceuticals (K) Ltd,SYNER-MED PHARMACEUTICALS (K)LTD,2026 September 02,2031 September 02
42,H2009/19079/235/R1,Rabeto 20 Tablets,Rabeprazole Sodium BP,Coated Tablet,India,Foreign,Harley's Limited,HARLEYS LTD-NAIROBI,2026 September 02,2031 September 02
43,H2009/19459/258/R1,SPECTRIX500MG TABLET,Levofloxacin,Tablet,Pakistan,Foreign,PHARMEVO  (PVT) LTD,HARLEYS LTD-NAIROBI,2026 September 02,2031 September 02
44,H2009/19598/168/R1,CABERLINE 0.5MG  TABLETS,Cabergoline,Tablet,India,Foreign,Sun Pharmaceutical Industries Limited,SUN PHARMA EAST AFRICA LTD,2026 September 02,2031 September 02
45,H2009/19647/295/R1,CLOBEDERM OINTMENT,CLOBETASOL PROPIONATE,Ointment,Pakistan,Foreign,ATCO Laboratories Limited,GLOBE PHARMACY LTD,2026 September 02,2031 September 02
46,H2009/19912/R1,Zealor 400mg Tablets,Aciclovir BP,Tablet,India,Foreign,HARLEYS LIMITED,HARLEYS LTD-NAIROBI,2026 September 02,2031 September 02
47,H2009/19952/446/R1,ELAXIM 50,TNK-t-PA (Recombinant tissue plasminogen…,Powder For Injection,India,Foreign,Emcure Pharmaceuticals Ltd,LAZOR PHARMACEUTICALS LIMITED,2026 September 02,2031 September 02
48,H2009/19964/197/R1,Clavulin Suspension 457mg/5ml,Amoxicillin + Clavulanate,Powder For Oral Suspension,United Kingdom,Foreign,GlaxoSmithKline Trading Services Limited,LABOREX KENYA LTD-MOMBASA ROAD,2026 September 02,2031 September 02
49,H2009/19973/558/R1,LYSOFLAM TABLETS,Paracetamol diclofenac potassium serratiopeptidase,Tablet,India,Foreign,CACHET PHARMACEUTICALS PVT. LTD,PHILLIPS THERAPEUTICS LIMITED,2026 September 02,2031 September 02
50,H2009/19987/167/R1,BENUTRION VE,L-Isoleucine L-Leucine  L-Lysine L-Methionine …,Infusion,Indonesia,Foreign,PT Sanbe Farma,SAI PHARMACEUTICALS LTD,2026 September 02,2031 September 02
51,H2009/20613/358/R1,Coversyl 5mg,perindopril arginine,Film-Coated Tablet,France,Foreign,Les Laboratoires Servier - France,HARLEYS LTD-NAIROBI,2026 September 02,2031 September 02
52,H2009/20556/404/R1,SILYBON 140 TABLETS,SILYMARIN TABLETS 140mg,Tablet,India,Foreign,Micro Labs Ltd,MICRO LABS (EA) LTD,2026 September 02,2031 September 02
53,H2009/20432/229/R1,Drez Powder,Iodinated  Povidone and Metronidazole Powder,Cutaneous Powder,India,Foreign,M/s. Stedman Pharmaceuticals Private Limited,SIMBA PHARMACEUTICALS LTD,2026 September 02,2031 September 02
54,H2009/20394/223/R1,Combigan,Brimonidine tartrate and  timolol maleate,Eye Drops,United States,Foreign,Allergan Pharmaceuticals (pty) ltd,HARLEYS LTD-NAIROBI,2026 September 02,2031 September 02
55,H2009/20325/190/R1,NUGREL TABLETS,Clopidogrel Bisulfate USP,Tablet,India,Foreign,Micro Labs Ltd,MICRO LABS (EA) LTD,2026 September 02,2031 September 02
56,H2009/20208/087/R1,PARIN-E 20 mg Pre-filled Syringes,Enoxaparin Sodium,Solution For Injection,India,Foreign,Venus Remedies Limited,HARLEYS LTD-NAIROBI,2026 September 02,2031 September 02
57,H2009/20067/143/R1,Azin Powder for suspension,Azithromycin Dihydrate,Powder For Oral Suspension,Bangladesh,Foreign,The ACME Laboratories Ltd,HIGHRIDGE PHARMACEUTICALS LTD,2026 September 02,2031 September 02
58,H2009/19987/167/R1,BENUTRION VE,L-Isoleucine L-Leucine  L-Lysine L-Methionine …,Infusion,Indonesia,Foreign,PT Sanbe Farma,SAI PHARMACEUTICALS LTD,2026 September 02,2031 September 02
59,H2009/19973/558/R1,LYSOFLAM TABLETS,Paracetamol diclofenac potassium serratiopeptidase,Tablet,India,Foreign,CACHET PHARMACEUTICALS PVT. LTD,PHILLIPS THERAPEUTICS LIMITED,2026 September 02,2031 September 02
60,H2009/19964/197/R1,Clavulin Suspension 457mg/5ml,Amoxicillin + Clavulanate,Powder For Oral Suspension,United Kingdom,Foreign,GlaxoSmithKline Trading Services Limited,LABOREX KENYA LTD-MOMBASA ROAD,2026 September 02,2031 September 02
61,H2009/19973/558/R1,LYSOFLAM TABLETS,Paracetamol diclofenac potassium serratiopeptidase,Tablet,India,Foreign,CACHET PHARMACEUTICALS PVT. LTD,PHILLIPS THERAPEUTICS LIMITED,2026 September 02,2031 September 02
62,H2009/19987/167/R1,BENUTRION VE,L-Isoleucine L-Leucine  L-Lysine L-Methionine …,Infusion,Indonesia,Foreign,PT Sanbe Farma,SAI PHARMACEUTICALS LTD,2026 September 02,2031 September 02
63,H2008/18878/675/R1,LETROZ 2.5MG TABLETS,Letrozole,Tablet,India,Foreign,Sun Pharmaceutical Industries Limited,SUN PHARMA EAST AFRICA LTD,2026 September 02,2031 September 02
64,H2009/20208/087/R1,PARIN-E 20 mg Pre-filled Syringes,Enoxaparin Sodium,Solution For Injection,India,Foreign,Venus Remedies Limited,HARLEYS LTD-NAIROBI,2026 September 02,2031 September 02
65,H2009/20325/190/R1,NUGREL TABLETS,Clopidogrel Bisulfate USP,Tablet,India,Foreign,Micro Labs Ltd,MICRO LABS (EA) LTD,2026 September 02,2031 September 02
66,H2009/20394/223/R1,Combigan,Brimonidine tartrate and  timolol maleate,Eye Drops,United States,Foreign,Allergan Pharmaceuticals (pty) ltd,HARLEYS LTD-NAIROBI,2026 September 02,2031 September 02
67,H2009/20432/229/R1,Drez Powder,Iodinated  Povidone and Metronidazole Powder,Cutaneous Powder,India,Foreign,M/s. Stedman Pharmaceuticals Private Limited,SIMBA PHARMACEUTICALS LTD,2026 September 02,2031 September 02
68,H2009/20556/404/R1,SILYBON 140 TABLETS,SILYMARIN TABLETS 140mg,Tablet,India,Foreign,Micro Labs Ltd,MICRO LABS (EA) LTD,2026 September 02,2031 September 02
69,H2009/20613/358/R1,Coversyl 5mg,perindopril arginine,Film-Coated Tablet,France,Foreign,Les Laboratoires Servier - France,HARLEYS LTD-NAIROBI,2026 September 02,2031 September 02
70,H2009/20717/491/R1,Cefotil 750 IM/IV Injection,Cefuroxime Axetil,Injection,Bangladesh,Foreign,Square Pharmaceuticals Ltd.,ACE PHARMACEUTICALS LTD,2026 September 02,2031 September 02
71,H2008/18878/675/R1,LETROZ 2.5MG TABLETS,Letrozole,Tablet,India,Foreign,Sun Pharmaceutical Industries Limited,SUN PHARMA EAST AFRICA LTD,2026 September 02,2031 September 02
72,H2009/19964/197/R1,Clavulin Suspension 457mg/5ml,Amoxicillin + Clavulanate,Powder For Oral Suspension,United Kingdom,Foreign,GlaxoSmithKline Trading Services Limited,LABOREX KENYA LTD-MOMBASA ROAD,2026 September 02,2031 September 02
73,H2009/19973/558/R1,LYSOFLAM TABLETS,Paracetamol diclofenac potassium serratiopeptidase,Tablet,India,Foreign,CACHET PHARMACEUTICALS PVT. LTD,PHILLIPS THERAPEUTICS LIMITED,2026 September 02,2031 September 02
74,H2009/19987/167/R1,BENUTRION VE,L-Isoleucine L-Leucine  L-Lysine L-Methionine …,Infusion,Indonesia,Foreign,PT Sanbe Farma,SAI PHARMACEUTICALS LTD,2026 September 02,2031 September 02
75,H2009/20067/143/R1,Azin Powder for suspension,Azithromycin Dihydrate,Powder For Oral Suspension,Bangladesh,Foreign,The ACME Laboratories Ltd,HIGHRIDGE PHARMACEUTICALS LTD,2026 September 02,2031 September 02
76,H2009/20208/087/R1,PARIN-E 20 mg Pre-filled Syringes,Enoxaparin Sodium,Solution For Injection,India,Foreign,Venus Remedies Limited,HARLEYS LTD-NAIROBI,2026 September 02,2031 September 02
77,H2009/20325/190/R1,NUGREL TABLETS,Clopidogrel Bisulfate USP,Tablet,India,Foreign,Micro Labs Ltd,MICRO LABS (EA) LTD,2026 September 02,2031 September 02
78,H2009/20394/223/R1,Combigan,Brimonidine tartrate and  timolol maleate,Eye Drops,United States,Foreign,Allergan Pharmaceuticals (pty) ltd,HARLEYS LTD-NAIROBI,2026 September 02,2031 September 02
79,H2009/20432/229/R1,Drez Powder,Iodinated  Povidone and Metronidazole Powder,Cutaneous Powder,India,Foreign,M/s. Stedman Pharmaceuticals Private Limited,SIMBA PHARMACEUTICALS LTD,2026 September 02,2031 September 02
80,H2009/20556/404/R1,SILYBON 140 TABLETS,SILYMARIN TABLETS 140mg,Tablet,India,Foreign,Micro Labs Ltd,MICRO LABS (EA) LTD,2026 September 02,2031 September 02
81,H2009/19598/168/R1,CABERLINE 0.5MG  TABLETS,Cabergoline,Tablet,India,Foreign,Sun Pharmaceutical Industries Limited,SUN PHARMA EAST AFRICA LTD,2026 September 02,2031 September 02
82,H2009/19647/295/R1,CLOBEDERM OINTMENT,CLOBETASOL PROPIONATE,Ointment,Pakistan,Foreign,ATCO Laboratories Limited,GLOBE PHARMACY LTD,2026 September 02,2031 September 02
83,H2009/19912/R1,Zealor 400mg Tablets,Aciclovir BP,Tablet,India,Foreign,HARLEYS LIMITED,HARLEYS LTD-NAIROBI,2026 September 02,2031 September 02
84,H2009/19952/446/R1,ELAXIM 50,TNK-t-PA (Recombinant tissue plasminogen…,Powder For Injection,India,Foreign,Emcure Pharmaceuticals Ltd,LAZOR PHARMACEUTICALS LIMITED,2026 September 02,2031 September 02
85,H2009/19964/197/R1,Clavulin Suspension 457mg/5ml,Amoxicillin + Clavulanate,Powder For Oral Suspension,United Kingdom,Foreign,GlaxoSmithKline Trading Services Limited,LABOREX KENYA LTD-MOMBASA ROAD,2026 September 02,2031 September 02
86,H2009/19973/558/R1,LYSOFLAM TABLETS,Paracetamol diclofenac potassium serratiopeptidase,Tablet,India,Foreign,CACHET PHARMACEUTICALS PVT. LTD,PHILLIPS THERAPEUTICS LIMITED,2026 September 02,2031 September 02
87,H2009/19987/167/R1,BENUTRION VE,L-Isoleucine L-Leucine  L-Lysine L-Methionine …,Infusion,Indonesia,Foreign,PT Sanbe Farma,SAI PHARMACEUTICALS LTD,2026 September 02,2031 September 02
88,H2009/20067/143/R1,Azin Powder for suspension,Azithromycin Dihydrate,Powder For Oral Suspension,Bangladesh,Foreign,The ACME Laboratories Ltd,HIGHRIDGE PHARMACEUTICALS LTD,2026 September 02,2031 September 02
89,H2009/20208/087/R1,PARIN-E 20 mg Pre-filled Syringes,Enoxaparin Sodium,Solution For Injection,India,Foreign,Venus Remedies Limited,HARLEYS LTD-NAIROBI,2026 September 02,2031 September 02
90,H2009/20325/190/R1,NUGREL TABLETS,Clopidogrel Bisulfate USP,Tablet,India,Foreign,Micro Labs Ltd,MICRO LABS (EA) LTD,2026 September 02,2031 September 02
91,H2009/19079/235/R1,Rabeto 20 Tablets,Rabeprazole Sodium BP,Coated Tablet,India,Foreign,Harley's Limited,HARLEYS LTD-NAIROBI,2026 September 02,2031 September 02
92,H2009/19459/258/R1,SPECTRIX500MG TABLET,Levofloxacin,Tablet,Pakistan,Foreign,PHARMEVO  (PVT) LTD,HARLEYS LTD-NAIROBI,2026 September 02,2031 September 02
93,H2009/19598/168/R1,CABERLINE 0.5MG  TABLETS,Cabergoline,Tablet,India,Foreign,Sun Pharmaceutical Industries Limited,SUN PHARMA EAST AFRICA LTD,2026 September 02,2031 September 02
94,H2009/19647/295/R1,CLOBEDERM OINTMENT,CLOBETASOL PROPIONATE,Ointment,Pakistan,Foreign,ATCO Laboratories Limited,GLOBE PHARMACY LTD,2026 September 02,2031 September 02
95,H2009/19912/R1,Zealor 400mg Tablets,Aciclovir BP,Tablet,India,Foreign,HARLEYS LIMITED,HARLEYS LTD-NAIROBI,2026 September 02,2031 September 02
96,H2009/19952/446/R1,ELAXIM 50,TNK-t-PA (Recombinant tissue plasminogen…,Powder For Injection,India,Foreign,Emcure Pharmaceuticals Ltd,LAZOR PHARMACEUTICALS LIMITED,2026 September 02,2031 September 02
97,H2009/19964/197/R1,Clavulin Suspension 457mg/5ml,Amoxicillin + Clavulanate,Powder For Oral Suspension,United Kingdom,Foreign,GlaxoSmithKline Trading Services Limited,LABOREX KENYA LTD-MOMBASA ROAD,2026 September 02,2031 September 02
98,H2009/19973/558/R1,LYSOFLAM TABLETS,Paracetamol diclofenac potassium serratiopeptidase,Tablet,India,Foreign,CACHET PHARMACEUTICALS PVT. LTD,PHILLIPS THERAPEUTICS LIMITED,2026 September 02,2031 September 02
99,H2009/19987/167/R1,BENUTRION VE,L-Isoleucine L-Leucine  L-Lysine L-Methionine …,Infusion,Indonesia,Foreign,PT Sanbe Farma,SAI PHARMACEUTICALS LTD,2026 September 02,2031 September 02
100,H2009/20067/143/R1,Azin Powder for suspension,Azithromycin Dihydrate,Powder For Oral Suspension,Bangladesh,Foreign,The ACME Laboratories Ltd,HIGHRIDGE PHARMACEUTICALS LTD,2026 September 02,2031 September 02
101,H2007/353/R1,Metrogyl v gel,Metronidazole USP,Gel,India,Foreign,Unique Pharmaceutical Laboratories,PHILLIPS THERAPEUTICS LIMITED,2026 September 02,2031 September 02
102,H2007/311/R1,Artesun,Artesunate.,Powder And Solvent For Solution For Injection,China,Foreign,Guilin Pharmaceutical Co. Ltd.,TRIDEM PHARMA KENYA LTD,2026 September 02,2031 September 02
103,H2007/253/16787/R1,SYLENT TABLETS,ETHAMSYLATE BP 500MG,Tablet,India,Foreign,zest pharma,SYNER-MED PHARMACEUTICALS (K)LTD,2026 September 02,2031 September 02
104,H2007/251/15298/R1,IFEN 400 TABLETS,Ibuprofen,Tablet,India,Foreign,Zest Pharma,SYNER-MED PHARMACEUTICALS (K)LTD,2026 September 02,2031 September 02
105,H2007/250/15297/R1,IFEN 200 TABLETS,Ibuprofen,Tablet,India,Foreign,Zest Pharma,SYNER-MED PHARMACEUTICALS (K)LTD,2026 September 02,2031 September 02
106,H2007/224/R1,CLAXY 1.2G  INJECTION,Sterile Amoxicillin Sodium with Potassium…,Powder For Injection,India,Foreign,Syner-Med Pharmaceuticals (K) Ltd,SYNER-MED PHARMACEUTICALS (K)LTD,2026 September 02,2031 September 02
107,H2007/223/R1,NEXITO 20 TABLETS,Escitalopram Oxalate,Tablet,India,Foreign,Sun Pharmaceutical Industries Limited,SUN PHARMA EAST AFRICA LTD,2026 September 02,2031 September 02
108,H2007/13513/R1,Saferon  Plus Chewable Tablets,Elemental Iron & Folic Acid,Chewable Tablet,India,Foreign,Glenmark Pharmaceuticals Limited,GLENMARK PHARMACEUTICALS (K) LTD,2026 September 02,2031 September 02
109,H2007/10139/R1,Megacid Tablets,Aluminium Hydroxide BP & Magnesium Trisilicate BP,Tablet,Kenya,Local,Harley's Limited,HARLEYS LTD-NAIROBI,2026 September 02,2031 September 02
110,H2006/8352/R1,CIPROBAY 500mg,Ciprofloxacin HCl,Tablet,Germany,Foreign,Bayer Pharma AG,BAYER EAST AFRICA LTD,2026 September 02,2031 September 02
111,H2008/14881/706/R1,Polygynax,Neomycin sulphate,Vaginal Capsule,France,Foreign,LABORATOIRE INNOTECH INTERNATIONAL,HARLEYS LTD-NAIROBI,2026 September 02,2031 September 02
112,H2007/506/R1,BECOACTIN SYRUP,Cyproheptadine hcl usp  vitamin b vitamin b2 bp…,Syrup,India,Foreign,MEYER ORGANIC PVT LTD,HARLEYS LTD-NAIROBI,2026 September 02,2031 September 02
113,H2007/353/R1,Metrogyl v gel,Metronidazole USP,Gel,India,Foreign,Unique Pharmaceutical Laboratories,PHILLIPS THERAPEUTICS LIMITED,2026 September 02,2031 September 02
114,H2007/311/R1,Artesun,Artesunate.,Powder And Solvent For Solution For Injection,China,Foreign,Guilin Pharmaceutical Co. Ltd.,TRIDEM PHARMA KENYA LTD,2026 September 02,2031 September 02
115,H2007/253/16787/R1,SYLENT TABLETS,ETHAMSYLATE BP 500MG,Tablet,India,Foreign,zest pharma,SYNER-MED PHARMACEUTICALS (K)LTD,2026 September 02,2031 September 02
116,H2007/251/15298/R1,IFEN 400 TABLETS,Ibuprofen,Tablet,India,Foreign,Zest Pharma,SYNER-MED PHARMACEUTICALS (K)LTD,2026 September 02,2031 September 02
117,H2007/250/15297/R1,IFEN 200 TABLETS,Ibuprofen,Tablet,India,Foreign,Zest Pharma,SYNER-MED PHARMACEUTICALS (K)LTD,2026 September 02,2031 September 02
118,H2007/224/R1,CLAXY 1.2G  INJECTION,Sterile Amoxicillin Sodium with Potassium…,Powder For Injection,India,Foreign,Syner-Med Pharmaceuticals (K) Ltd,SYNER-MED PHARMACEUTICALS (K)LTD,2026 September 02,2031 September 02
119,H2007/223/R1,NEXITO 20 TABLETS,Escitalopram Oxalate,Tablet,India,Foreign,Sun Pharmaceutical Industries Limited,SUN PHARMA EAST AFRICA LTD,2026 September 02,2031 September 02
120,H2007/13513/R1,Saferon  Plus Chewable Tablets,Elemental Iron & Folic Acid,Chewable Tablet,India,Foreign,Glenmark Pharmaceuticals Limited,GLENMARK PHARMACEUTICALS (K) LTD,2026 September 02,2031 September 02
121,H2008/18176/276/R1,LACTULIN,Lactulose concentrate usp equivalent to lactulose,Syrup,India,Foreign,MEYER ORGANIC PVT LTD,HARLEYS LTD-NAIROBI,2026 September 02,2031 September 02
122,H2018/CTD4202/586ER/R1,ALERFREE TABLET,Levocetirizine Hydrochloride,Tablet,India,Foreign,National Pharmacy Limited,NATIONAL PHARMACY LTD,2026 September 02,2031 September 02
123,H2008/17452/896/R1,Thymogam Injection,Antithymocyte Globulin,Injection,India,Foreign,Bharat Serum & Vaccines Limited,NAIROBI ENTERPRISES LTD,2026 September 02,2031 September 02
124,H2008/14881/706/R1,Polygynax,Neomycin sulphate,Vaginal Capsule,France,Foreign,LABORATOIRE INNOTECH INTERNATIONAL,HARLEYS LTD-NAIROBI,2026 September 02,2031 September 02
125,H2007/506/R1,BECOACTIN SYRUP,Cyproheptadine hcl usp  vitamin b vitamin b2 bp…,Syrup,India,Foreign,MEYER ORGANIC PVT LTD,HARLEYS LTD-NAIROBI,2026 September 02,2031 September 02
126,H2007/353/R1,Metrogyl v gel,Metronidazole USP,Gel,India,Foreign,Unique Pharmaceutical Laboratories,PHILLIPS THERAPEUTICS LIMITED,2026 September 02,2031 September 02
127,H2007/311/R1,Artesun,Artesunate.,Powder And Solvent For Solution For Injection,China,Foreign,Guilin Pharmaceutical Co. Ltd.,TRIDEM PHARMA KENYA LTD,2026 September 02,2031 September 02
128,H2007/253/16787/R1,SYLENT TABLETS,ETHAMSYLATE BP 500MG,Tablet,India,Foreign,zest pharma,SYNER-MED PHARMACEUTICALS (K)LTD,2026 September 02,2031 September 02
129,H2007/251/15298/R1,IFEN 400 TABLETS,Ibuprofen,Tablet,India,Foreign,Zest Pharma,SYNER-MED PHARMACEUTICALS (K)LTD,2026 September 02,2031 September 02
130,H2007/250/15297/R1,IFEN 200 TABLETS,Ibuprofen,Tablet,India,Foreign,Zest Pharma,SYNER-MED PHARMACEUTICALS (K)LTD,2026 September 02,2031 September 02
131,H2018/CTD4202/586ER/R1,ALERFREE TABLET,Levocetirizine Hydrochloride,Tablet,India,Foreign,National Pharmacy Limited,NATIONAL PHARMACY LTD,2026 September 02,2031 September 02
132,H2008/18176/276/R1,LACTULIN,Lactulose concentrate usp equivalent to lactulose,Syrup,India,Foreign,MEYER ORGANIC PVT LTD,HARLEYS LTD-NAIROBI,2026 September 02,2031 September 02
133,H2010/21679/540/R1,Galvusmet tablets 50/850mg,Vildagliptin/metformin,Tablet,Switzerland,Foreign,Novartis Pharma Services Inc,NVS KENYA LTD,2026 September 02,2031 September 02
134,H2008/18425/536/R1,TELTAS 80mg,Telmisartan,Tablet,India,Foreign,Intas Pharmaceuticals Ltd,ACCORD HEALTHCARE (K) LTD,2026 September 02,2031 September 02
135,H2008/18708/R1,Catoxymag N Suspension,Dried Aluminium HydroxideMagnesium…,Oral Suspension,India,Foreign,Raptakos Brett & Co. Ltd,PAN PHARMACEUTICALS LTD,2026 September 02,2031 September 02
136,H2008/18766/994/R1,SYNER-CEF 250MG TABLETS,Cefuroxime Axetil Tablets USP,Tablet,India,Foreign,Syner-Med Pharmaceuticals (K) Ltd,SYNER-MED PHARMACEUTICALS (K)LTD,2026 September 02,2031 September 02
137,H2008/18791/752/R1,ACTICEF 400MG  TABLETS,Cefixime,Tablet,India,Foreign,SAI PHARMACEUTICALS LIMITED,SAI PHARMACEUTICALS LTD,2026 September 02,2031 September 02
138,H2008/18856/031/R1,YASMIN,Drospirenone / Ethinyl estradiol,Tablet,Germany,Foreign,Bayer Pharma AG,BAYER EAST AFRICA LTD,2026 September 02,2031 September 02
139,H2008/18878/675/R1,LETROZ 2.5MG TABLETS,Letrozole,Tablet,India,Foreign,Sun Pharmaceutical Industries Limited,SUN PHARMA EAST AFRICA LTD,2026 September 02,2031 September 02
140,H2008/18995/246/R1,BRUPAL-KID TABLETS,Ibuprofen and Paracetamol,Tablet,India,Foreign,Geno Pharmaceuticals Pvt. Ltd,HARLEYS LTD-NAIROBI,2026 September 02,2031 September 02
141,H2008/18708/R1,Catoxymag N Suspension,Dried Aluminium HydroxideMagnesium…,Oral Suspension,India,Foreign,Raptakos Brett & Co. Ltd,PAN PHARMACEUTICALS LTD,2026 September 02,2031 September 02
142,H2010/21679/540/R1,Galvusmet tablets 50/850mg,Vildagliptin/metformin,Tablet,Switzerland,Foreign,Novartis Pharma Services Inc,NVS KENYA LTD,2026 September 02,2031 September 02
143,H2008/18791/752/R1,ACTICEF 400MG  TABLETS,Cefixime,Tablet,India,Foreign,SAI PHARMACEUTICALS LIMITED,SAI PHARMACEUTICALS LTD,2026 September 02,2031 September 02
144,H2008/18856/031/R1,YASMIN,Drospirenone / Ethinyl estradiol,Tablet,Germany,Foreign,Bayer Pharma AG,BAYER EAST AFRICA LTD,2026 September 02,2031 September 02
145,H2008/18878/675/R1,LETROZ 2.5MG TABLETS,Letrozole,Tablet,India,Foreign,Sun Pharmaceutical Industries Limited,SUN PHARMA EAST AFRICA LTD,2026 September 02,2031 September 02
146,H2008/18995/246/R1,BRUPAL-KID TABLETS,Ibuprofen and Paracetamol,Tablet,India,Foreign,Geno Pharmaceuticals Pvt. Ltd,HARLEYS LTD-NAIROBI,2026 September 02,2031 September 02
147,H2008/19002/133/R1,Glirin 100mg,Irinotican,Injection,Argentina,Foreign,Glenmark Pharmaceuticals Kenya Limited,GLENMARK PHARMACEUTICALS (K) LTD,2026 September 02,2031 September 02
148,H2008/19232/389/R1,Amlozaar,Losartan Potassium 50 mg & Amlodipine 5 mg Tablets,Tablet,India,Foreign,Micro Labs Ltd,MICRO LABS (EA) LTD,2026 September 02,2031 September 02
149,H2008/19264/342/R1,CARBOL 150 MG INJECTION,Carboplatin BP,Solution For Injection,India,Foreign,Venus Remedies Limited,HARLEYS LTD-NAIROBI,2026 September 02,2031 September 02
150,H2008/19372/407/R1,DOXOL 20 mg/0.5 ml Injection,Docetaxel,Solution For Infusion,India,Foreign,Venus Remedies Limited,HARLEYS LTD-NAIROBI,2026 September 02,2031 September 02
151,H2010/21679/540/R1,Galvusmet tablets 50/850mg,Vildagliptin/metformin,Tablet,Switzerland,Foreign,Novartis Pharma Services Inc,NVS KENYA LTD,2026 September 02,2031 September 02
152,H2008/18995/246/R1,BRUPAL-KID TABLETS,Ibuprofen and Paracetamol,Tablet,India,Foreign,Geno Pharmaceuticals Pvt. Ltd,HARLEYS LTD-NAIROBI,2026 September 02,2031 September 02
153,H2008/19002/133/R1,Glirin 100mg,Irinotican,Injection,Argentina,Foreign,Glenmark Pharmaceuticals Kenya Limited,GLENMARK PHARMACEUTICALS (K) LTD,2026 September 02,2031 September 02
154,H2008/19232/389/R1,Amlozaar,Losartan Potassium 50 mg & Amlodipine 5 mg Tablets,Tablet,India,Foreign,Micro Labs Ltd,MICRO LABS (EA) LTD,2026 September 02,2031 September 02
155,H2008/19264/342/R1,CARBOL 150 MG INJECTION,Carboplatin BP,Solution For Injection,India,Foreign,Venus Remedies Limited,HARLEYS LTD-NAIROBI,2026 September 02,2031 September 02
156,H2008/19372/407/R1,DOXOL 20 mg/0.5 ml Injection,Docetaxel,Solution For Infusion,India,Foreign,Venus Remedies Limited,HARLEYS LTD-NAIROBI,2026 September 02,2031 September 02
157,H2008/19473/773/R1,Levoplant,Levonorgestrel,Implant,China,Foreign,Shanghai Dahua Pharmaceutical Co. Ltd.,IMPERIAL MANAGED SOLUTIONS EAST AFRICA LTD-…,2026 September 02,2031 September 02
158,H2008/19731/83/R1,EMITINO TABLETS,Ondansetron,Tablet,India,Foreign,CACHET PHARMACEUTICALS PVT. LTD,PHILLIPS THERAPEUTICS LIMITED,2026 September 02,2031 September 02
159,H2018/CTD4000/455ER/R1,Oxcin Ophthalmic Solution,Moxifloxacin,"Eye Drops, Solution",Pakistan,Foreign,ATCO Laboratories Limited,GLOBE PHARMACY LTD,2026 September 02,2031 September 02
160,H2008/19752/649/R1,CANEM INJECTION 500MG,Meropenum trihydrate usp,Injection,India,Foreign,CACHET PHARMACEUTICALS PVT. LTD,PHILLIPS THERAPEUTICS LIMITED,2026 September 02,2031 September 02
161,H2010/21679/540/R1,Galvusmet tablets 50/850mg,Vildagliptin/metformin,Tablet,Switzerland,Foreign,Novartis Pharma Services Inc,NVS KENYA LTD,2026 September 02,2031 September 02
162,H2008/19372/407/R1,DOXOL 20 mg/0.5 ml Injection,Docetaxel,Solution For Infusion,India,Foreign,Venus Remedies Limited,HARLEYS LTD-NAIROBI,2026 September 02,2031 September 02
163,H2008/19473/773/R1,Levoplant,Levonorgestrel,Implant,China,Foreign,Shanghai Dahua Pharmaceutical Co. Ltd.,IMPERIAL MANAGED SOLUTIONS EAST AFRICA LTD-…,2026 September 02,2031 September 02
164,H2008/19731/83/R1,EMITINO TABLETS,Ondansetron,Tablet,India,Foreign,CACHET PHARMACEUTICALS PVT. LTD,PHILLIPS THERAPEUTICS LIMITED,2026 September 02,2031 September 02
165,H2018/CTD4000/455ER/R1,Oxcin Ophthalmic Solution,Moxifloxacin,"Eye Drops, Solution",Pakistan,Foreign,ATCO Laboratories Limited,GLOBE PHARMACY LTD,2026 September 02,2031 September 02
166,H2008/19752/649/R1,CANEM INJECTION 500MG,Meropenum trihydrate usp,Injection,India,Foreign,CACHET PHARMACEUTICALS PVT. LTD,PHILLIPS THERAPEUTICS LIMITED,2026 September 02,2031 September 02
167,H2008/20084/945/R1,SICLOFEN 100MG TABS,Aceclofenac,Film-Coated Tablet,India,Foreign,Zest Pharma,SYNER-MED PHARMACEUTICALS (K)LTD,2026 September 02,2031 September 02
168,H2008/4759/R1,Flu-Gone Capsule,Paracetamol Pseudoephedrine Hydrochloride…,Capsule,Pakistan,Foreign,Globe Pharmacy Limited,GLOBE PHARMACY LTD,2026 September 02,2031 September 02
169,H2009/15429/R1,Avas-10,Atorvastatin Calcium (Micronized),Tablet,India,Foreign,Micro Labs Ltd,MICRO LABS (EA) LTD,2026 September 02,2031 September 02
170,H2018/4873/623ER/R1,TRIJECT 1 G IV INJECTION,Ceftriaxone Sodium USP,Injection,Bangladesh,Foreign,Eskayef Pharmaceuticals Limited,UMOJA PHARMACEUTICALS LTD,2026 September 02,2031 September 02
171,H2008/19731/83/R1,EMITINO TABLETS,Ondansetron,Tablet,India,Foreign,CACHET PHARMACEUTICALS PVT. LTD,PHILLIPS THERAPEUTICS LIMITED,2026 September 02,2031 September 02
172,H2018/CTD4000/455ER/R1,Oxcin Ophthalmic Solution,Moxifloxacin,"Eye Drops, Solution",Pakistan,Foreign,ATCO Laboratories Limited,GLOBE PHARMACY LTD,2026 September 02,2031 September 02
173,H2008/19752/649/R1,CANEM INJECTION 500MG,Meropenum trihydrate usp,Injection,India,Foreign,CACHET PHARMACEUTICALS PVT. LTD,PHILLIPS THERAPEUTICS LIMITED,2026 September 02,2031 September 02
174,H2008/20084/945/R1,SICLOFEN 100MG TABS,Aceclofenac,Film-Coated Tablet,India,Foreign,Zest Pharma,SYNER-MED PHARMACEUTICALS (K)LTD,2026 September 02,2031 September 02
175,H2008/4759/R1,Flu-Gone Capsule,Paracetamol Pseudoephedrine Hydrochloride…,Capsule,Pakistan,Foreign,Globe Pharmacy Limited,GLOBE PHARMACY LTD,2026 September 02,2031 September 02
176,H2009/15429/R1,Avas-10,Atorvastatin Calcium (Micronized),Tablet,India,Foreign,Micro Labs Ltd,MICRO LABS (EA) LTD,2026 September 02,2031 September 02
177,H2018/4873/623ER/R1,TRIJECT 1 G IV INJECTION,Ceftriaxone Sodium USP,Injection,Bangladesh,Foreign,Eskayef Pharmaceuticals Limited,UMOJA PHARMACEUTICALS LTD,2026 September 02,2031 September 02
178,H2009/18534/216/R1,DFENAC Injection,Diclofenac Sodium,Solution For Injection,India,Foreign,Syner-Med Pharmaceuticals (K) Ltd,SYNER-MED PHARMACEUTICALS (K)LTD,2026 September 02,2031 September 02
179,H2009/19071/429/R1,VANCO 500,Vancomycin Hydrochloride USP,Powder For Injection,India,Foreign,Syner-Med Pharmaceuticals (K) Ltd,SYNER-MED PHARMACEUTICALS (K)LTD,2026 September 02,2031 September 02
180,H2009/19079/235/R1,Rabeto 20 Tablets,Rabeprazole Sodium BP,Coated Tablet,India,Foreign,Harley's Limited,HARLEYS LTD-NAIROBI,2026 September 02,2031 September 02
181,H2008/4759/R1,Flu-Gone Capsule,Paracetamol Pseudoephedrine Hydrochloride…,Capsule,Pakistan,Foreign,Globe Pharmacy Limited,GLOBE PHARMACY LTD,2026 September 02,2031 September 02
182,H2009/15429/R1,Avas-10,Atorvastatin Calcium (Micronized),Tablet,India,Foreign,Micro Labs Ltd,MICRO LABS (EA) LTD,2026 September 02,2031 September 02
183,H2018/4873/623ER/R1,TRIJECT 1 G IV INJECTION,Ceftriaxone Sodium USP,Injection,Bangladesh,Foreign,Eskayef Pharmaceuticals Limited,UMOJA PHARMACEUTICALS LTD,2026 September 02,2031 September 02
184,H2009/18534/216/R1,DFENAC Injection,Diclofenac Sodium,Solution For Injection,India,Foreign,Syner-Med Pharmaceuticals (K) Ltd,SYNER-MED PHARMACEUTICALS (K)LTD,2026 September 02,2031 September 02
185,H2009/19071/429/R1,VANCO 500,Vancomycin Hydrochloride USP,Powder For Injection,India,Foreign,Syner-Med Pharmaceuticals (K) Ltd,SYNER-MED PHARMACEUTICALS (K)LTD,2026 September 02,2031 September 02
186,H2009/19079/235/R1,Rabeto 20 Tablets,Rabeprazole Sodium BP,Coated Tablet,India,Foreign,Harley's Limited,HARLEYS LTD-NAIROBI,2026 September 02,2031 September 02
187,H2009/19459/258/R1,SPECTRIX500MG TABLET,Levofloxacin,Tablet,Pakistan,Foreign,PHARMEVO  (PVT) LTD,HARLEYS LTD-NAIROBI,2026 September 02,2031 September 02
188,H2009/19598/168/R1,CABERLINE 0.5MG  TABLETS,Cabergoline,Tablet,India,Foreign,Sun Pharmaceutical Industries Limited,SUN PHARMA EAST AFRICA LTD,2026 September 02,2031 September 02
189,H2009/19647/295/R1,CLOBEDERM OINTMENT,CLOBETASOL PROPIONATE,Ointment,Pakistan,Foreign,ATCO Laboratories Limited,GLOBE PHARMACY LTD,2026 September 02,2031 September 02
190,H2009/19912/R1,Zealor 400mg Tablets,Aciclovir BP,Tablet,India,Foreign,HARLEYS LIMITED,HARLEYS LTD-NAIROBI,2026 September 02,2031 September 02
191,H2009/19071/429/R1,VANCO 500,Vancomycin Hydrochloride USP,Powder For Injection,India,Foreign,Syner-Med Pharmaceuticals (K) Ltd,SYNER-MED PHARMACEUTICALS (K)LTD,2026 September 02,2031 September 02
192,H2009/19079/235/R1,Rabeto 20 Tablets,Rabeprazole Sodium BP,Coated Tablet,India,Foreign,Harley's Limited,HARLEYS LTD-NAIROBI,2026 September 02,2031 September 02
193,H2009/19459/258/R1,SPECTRIX500MG TABLET,Levofloxacin,Tablet,Pakistan,Foreign,PHARMEVO  (PVT) LTD,HARLEYS LTD-NAIROBI,2026 September 02,2031 September 02
194,H2009/19598/168/R1,CABERLINE 0.5MG  TABLETS,Cabergoline,Tablet,India,Foreign,Sun Pharmaceutical Industries Limited,SUN PHARMA EAST AFRICA LTD,2026 September 02,2031 September 02
195,H2009/19647/295/R1,CLOBEDERM OINTMENT,CLOBETASOL PROPIONATE,Ointment,Pakistan,Foreign,ATCO Laboratories Limited,GLOBE PHARMACY LTD,2026 September 02,2031 September 02
196,H2009/19912/R1,Zealor 400mg Tablets,Aciclovir BP,Tablet,India,Foreign,HARLEYS LIMITED,HARLEYS LTD-NAIROBI,2026 September 02,2031 September 02
197,H2009/19952/446/R1,ELAXIM 50,TNK-t-PA (Recombinant tissue plasminogen…,Powder For Injection,India,Foreign,Emcure Pharmaceuticals Ltd,LAZOR PHARMACEUTICALS LIMITED,2026 September 02,2031 September 02
198,H2009/19964/197/R1,Clavulin Suspension 457mg/5ml,Amoxicillin + Clavulanate,Powder For Oral Suspension,United Kingdom,Foreign,GlaxoSmithKline Trading Services Limited,LABOREX KENYA LTD-MOMBASA ROAD,2026 September 02,2031 September 02
199,H2009/19973/558/R1,LYSOFLAM TABLETS,Paracetamol diclofenac potassium serratiopeptidase,Tablet,India,Foreign,CACHET PHARMACEUTICALS PVT. LTD,PHILLIPS THERAPEUTICS LIMITED,2026 September 02,2031 September 02
200,H2009/19987/167/R1,BENUTRION VE,L-Isoleucine L-Leucine  L-Lysine L-Methionine …,Infusion,Indonesia,Foreign,PT Sanbe Farma,SAI PHARMACEUTICALS LTD,2026 September 02,2031 September 02
201,H2017/CTD5357/105/R1,ESOPRAZ 20 TABLETS,Esomeprazole,Tablet,India,Foreign,HighChem Marketing Ltd,HIGHCHEM MARKETING LTD,2026 September 02,2031 September 02
202,H2013/CTD166/131/R1,Glimepiride Denk 2,Glimepiride,Tablet,Germany,Foreign,DENK PHARMA GMBH & CO. KG,LABOREX KENYA LTD-MOMBASA ROAD,2026 September 02,2031 September 02
203,H2017CTD4509/R1,ACLOSARA-P,Aceclofenac BP and Paracetamol BP,Tablet,India,Foreign,KRISHNA CHEMISTS LTD,KRISHNA CHEMISTS LTD,2026 September 02,2031 September 02
204,H2013/CTD1178/268/R1,"Efavirenz, Lamivudine and Tenofovir Disoproxil…",Efavirenz Lamivudine and Tenofovir Disoproxil…,Film-Coated Tablet,India,Foreign,Hetero Labs Limited,UNISEL LTD,2026 September 02,2031 September 02
205,H2013/CTD1050/365/R1,FLUCONA-DENK 100,FLUCONAZOLE PH. EUR,"Capsule, Hard",Germany,Foreign,DENK PHARMA GMBH & CO. KG,LABOREX KENYA LTD-MOMBASA ROAD,2026 September 02,2031 September 02
206,H2013/CTD1010/311/R1,CEFAZ 200,Cefpodoxime Proxetil USP,Tablet,India,Foreign,zest pharma,SYNER-MED PHARMACEUTICALS (K)LTD,2026 September 02,2031 September 02
207,H2013/CTD055/119/R1,Ganfort,Bimatoprost and timolol maleate,Eye Drops,Ireland,Foreign,Allergan Pharmaceuticals (pty) ltd,HARLEYS LTD-NAIROBI,2026 September 02,2031 September 02
208,H2013/214/006/R1,MICROMOX-400,Moxifloxacin Hydrochloride,Tablet,India,Foreign,Micro Labs Limited India,MICRO LABS (EA) LTD,2026 September 02,2031 September 02
209,H2013/19390/361/R1,CAREBENZAR,BENZATHINE PENICILLIN,Injection,China,Foreign,careplus ltd,TOPSTONE PHARMA LIMITED,2026 September 02,2031 September 02
210,H2013/19214/124/R1,Claranta 250,Clarithromycin,Tablet,India,Foreign,Ajanta Pharma Limited,HARLEYS LTD-NAIROBI,2026 September 02,2031 September 02
211,H2013/CTD1178/268/R1,"Efavirenz, Lamivudine and Tenofovir Disoproxil…",Efavirenz Lamivudine and Tenofovir Disoproxil…,Film-Coated Tablet,India,Foreign,Hetero Labs Limited,UNISEL LTD,2026 September 02,2031 September 02
212,H2013/CTD1050/365/R1,FLUCONA-DENK 100,FLUCONAZOLE PH. EUR,"Capsule, Hard",Germany,Foreign,DENK PHARMA GMBH & CO. KG,LABOREX KENYA LTD-MOMBASA ROAD,2026 September 02,2031 September 02
213,H2013/CTD1010/311/R1,CEFAZ 200,Cefpodoxime Proxetil USP,Tablet,India,Foreign,zest pharma,SYNER-MED PHARMACEUTICALS (K)LTD,2026 September 02,2031 September 02
214,H2013/CTD055/119/R1,Ganfort,Bimatoprost and timolol maleate,Eye Drops,Ireland,Foreign,Allergan Pharmaceuticals (pty) ltd,HARLEYS LTD-NAIROBI,2026 September 02,2031 September 02
215,H2013/214/006/R1,MICROMOX-400,Moxifloxacin Hydrochloride,Tablet,India,Foreign,Micro Labs Limited India,MICRO LABS (EA) LTD,2026 September 02,2031 September 02
216,H2013/19390/361/R1,CAREBENZAR,BENZATHINE PENICILLIN,Injection,China,Foreign,careplus ltd,TOPSTONE PHARMA LIMITED,2026 September 02,2031 September 02
217,H2013/19214/124/R1,Claranta 250,Clarithromycin,Tablet,India,Foreign,Ajanta Pharma Limited,HARLEYS LTD-NAIROBI,2026 September 02,2031 September 02
218,H2013/16653/R1,Cosvate G Cream,Clobetasol proprionate BP Gentamycin sulphate,Cream,India,Foreign,OAKNET HEALTHCARE PVT. LTD.,PHILLIPS THERAPEUTICS LIMITED,2026 September 02,2031 September 02
219,H2012/CTD551/393/R1,Trevia 50 mg Tablets,Sitagliptin Phosphate (as Monohydrate),Film-Coated Tablet,Pakistan,Foreign,Getz Pharma (Pvt) Limited,HARLEYS LTD-NAIROBI,2026 September 02,2031 September 02
220,H2012/CTD526/431/R1,QLAIRA,Estradiol valerate and Dienogest,Tablet,Germany,Foreign,Bayer Pharma AG,BAYER EAST AFRICA LTD,2026 September 02,2031 September 02
221,H2013/214/006/R1,MICROMOX-400,Moxifloxacin Hydrochloride,Tablet,India,Foreign,Micro Labs Limited India,MICRO LABS (EA) LTD,2026 September 02,2031 September 02
222,H2013/19390/361/R1,CAREBENZAR,BENZATHINE PENICILLIN,Injection,China,Foreign,careplus ltd,TOPSTONE PHARMA LIMITED,2026 September 02,2031 September 02
223,H2013/19214/124/R1,Claranta 250,Clarithromycin,Tablet,India,Foreign,Ajanta Pharma Limited,HARLEYS LTD-NAIROBI,2026 September 02,2031 September 02
224,H2013/16653/R1,Cosvate G Cream,Clobetasol proprionate BP Gentamycin sulphate,Cream,India,Foreign,OAKNET HEALTHCARE PVT. LTD.,PHILLIPS THERAPEUTICS LIMITED,2026 September 02,2031 September 02
225,H2012/CTD551/393/R1,Trevia 50 mg Tablets,Sitagliptin Phosphate (as Monohydrate),Film-Coated Tablet,Pakistan,Foreign,Getz Pharma (Pvt) Limited,HARLEYS LTD-NAIROBI,2026 September 02,2031 September 02
226,H2012/CTD526/431/R1,QLAIRA,Estradiol valerate and Dienogest,Tablet,Germany,Foreign,Bayer Pharma AG,BAYER EAST AFRICA LTD,2026 September 02,2031 September 02
227,H2012/CTD409/442/R1,ASOMEX D TABLETS,S (-) Amlodipine Besilate & Hydrochlorothiazide,Tablet,India,Foreign,Emcure Pharmaceuticals Ltd,LAZOR PHARMACEUTICALS LIMITED,2026 September 02,2031 September 02
228,H2012/CTD402/349/R1,G-COSPE,Sulfadoxine & Pyrimethamine,Tablet,China,Foreign,Guilin Pharmaceutical Co. Ltd.,TRIDEM PHARMA KENYA LTD,2026 September 02,2031 September 02
229,H2012/CTD389/378/R1,Artesun 120mg,Artesunate.,Powder And Solvent For Solution For Injection,China,Foreign,Guilin Pharmaceutical Co. Ltd.,TRIDEM PHARMA KENYA LTD,2026 September 02,2031 September 02
230,H2012/CTD388/065/R1,Artesun 30mg,Artesunate.,Powder And Solvent For Solution For Infusion,China,Foreign,Guilin Pharmaceutical Co. Ltd.,TRIDEM PHARMA KENYA LTD,2026 September 02,2031 September 02
231,H2012/CTD551/393/R1,Trevia 50 mg Tablets,Sitagliptin Phosphate (as Monohydrate),Film-Coated Tablet,Pakistan,Foreign,Getz Pharma (Pvt) Limited,HARLEYS LTD-NAIROBI,2026 September 02,2031 September 02
232,H2012/CTD526/431/R1,QLAIRA,Estradiol valerate and Dienogest,Tablet,Germany,Foreign,Bayer Pharma AG,BAYER EAST AFRICA LTD,2026 September 02,2031 September 02
233,H2012/CTD409/442/R1,ASOMEX D TABLETS,S (-) Amlodipine Besilate & Hydrochlorothiazide,Tablet,India,Foreign,Emcure Pharmaceuticals Ltd,LAZOR PHARMACEUTICALS LIMITED,2026 September 02,2031 September 02
234,H2012/CTD402/349/R1,G-COSPE,Sulfadoxine & Pyrimethamine,Tablet,China,Foreign,Guilin Pharmaceutical Co. Ltd.,TRIDEM PHARMA KENYA LTD,2026 September 02,2031 September 02
235,H2012/CTD389/378/R1,Artesun 120mg,Artesunate.,Powder And Solvent For Solution For Injection,China,Foreign,Guilin Pharmaceutical Co. Ltd.,TRIDEM PHARMA KENYA LTD,2026 September 02,2031 September 02
236,H2012/CTD388/065/R1,Artesun 30mg,Artesunate.,Powder And Solvent For Solution For Infusion,China,Foreign,Guilin Pharmaceutical Co. Ltd.,TRIDEM PHARMA KENYA LTD,2026 September 02,2031 September 02
237,H2012/CTD185/034/R1,Dawaflox  250mg capsule,Flucloxacillin sodium,Capsule,Kenya,Local,Dawa Limited,DAWA LTD,2026 September 02,2031 September 02
238,H2012/22254/420/R1,Megafer Injection,Iron Sucrose Complex,Injection,Pakistan,Foreign,Surge Laboratories (Pvt). Ltd.,HARLEYS LTD-NAIROBI,2026 September 02,2031 September 02
239,H2012/21536/447/R1,Azarga Eye Drops,"Brinzolamide, Timolol maleate","Eye Drops, Suspension",Belgium,Foreign,Novartis Pharma AG,NVS KENYA LTD,2026 September 02,2031 September 02
240,H2012/17648/R1,CEFUMED 500 Tablets,Cefuroxime Axetil USP,Film-Coated Tablet,India,Foreign,Harley's Limited,HARLEYS LTD-NAIROBI,2026 September 02,2031 September 02
241,H2012/CTD389/378/R1,Artesun 120mg,Artesunate.,Powder And Solvent For Solution For Injection,China,Foreign,Guilin Pharmaceutical Co. Ltd.,TRIDEM PHARMA KENYA LTD,2026 September 02,2031 September 02
242,H2012/CTD388/065/R1,Artesun 30mg,Artesunate.,Powder And Solvent For Solution For Infusion,China,Foreign,Guilin Pharmaceutical Co. Ltd.,TRIDEM PHARMA KENYA LTD,2026 September 02,2031 September 02
243,H2012/CTD185/034/R1,Dawaflox  250mg capsule,Flucloxacillin sodium,Capsule,Kenya,Local,Dawa Limited,DAWA LTD,2026 September 02,2031 September 02
244,H2012/22254/420/R1,Megafer Injection,Iron Sucrose Complex,Injection,Pakistan,Foreign,Surge Laboratories (Pvt). Ltd.,HARLEYS LTD-NAIROBI,2026 September 02,2031 September 02
245,H2012/21536/447/R1,Azarga Eye Drops,"Brinzolamide, Timolol maleate","Eye Drops, Suspension",Belgium,Foreign,Novartis Pharma AG,NVS KENYA LTD,2026 September 02,2031 September 02
246,H2012/17648/R1,CEFUMED 500 Tablets,Cefuroxime Axetil USP,Film-Coated Tablet,India,Foreign,Harley's Limited,HARLEYS LTD-NAIROBI,2026 September 02,2031 September 02
247,H2011/8459/R1,Adalat LA 30mg,Nifedipine,Tablet,Germany,Foreign,Bayer Pharma AG,BAYER EAST AFRICA LTD,2026 September 02,2031 September 02
248,H2011/8298/R1,Regamol 500mg,Paracetamol,Tablet,India,Foreign,"Bal Pharma Limited,",KENTONS LIMITED,2026 September 02,2031 September 02
249,H2011/5719b/R1,Humulin N Vial,Human Insulin,Suspension For Injection,Egypt,Foreign,Eli Lilly Exports S.A,BETA HEALTHCARE INTERNATIONAL LTD,2026 September 02,2031 September 02
250,H2011/22142/238/R1,Sitizine Syrup,Cetirizine Dihydrochloride,Syrup,Pakistan,Foreign,GLOBE PHARMACY LTD,GLOBE PHARMACY LTD,2026 September 02,2031 September 02
251,H2012/22254/420/R1,Megafer Injection,Iron Sucrose Complex,Injection,Pakistan,Foreign,Surge Laboratories (Pvt). Ltd.,HARLEYS LTD-NAIROBI,2026 September 02,2031 September 02
252,H2012/21536/447/R1,Azarga Eye Drops,"Brinzolamide, Timolol maleate","Eye Drops, Suspension",Belgium,Foreign,Novartis Pharma AG,NVS KENYA LTD,2026 September 02,2031 September 02
253,H2012/17648/R1,CEFUMED 500 Tablets,Cefuroxime Axetil USP,Film-Coated Tablet,India,Foreign,Harley's Limited,HARLEYS LTD-NAIROBI,2026 September 02,2031 September 02
254,H2011/8459/R1,Adalat LA 30mg,Nifedipine,Tablet,Germany,Foreign,Bayer Pharma AG,BAYER EAST AFRICA LTD,2026 September 02,2031 September 02
255,H2011/8298/R1,Regamol 500mg,Paracetamol,Tablet,India,Foreign,"Bal Pharma Limited,",KENTONS LIMITED,2026 September 02,2031 September 02
256,H2011/5719b/R1,Humulin N Vial,Human Insulin,Suspension For Injection,Egypt,Foreign,Eli Lilly Exports S.A,BETA HEALTHCARE INTERNATIONAL LTD,2026 September 02,2031 September 02
257,H2011/22142/238/R1,Sitizine Syrup,Cetirizine Dihydrochloride,Syrup,Pakistan,Foreign,GLOBE PHARMACY LTD,GLOBE PHARMACY LTD,2026 September 02,2031 September 02
258,H2011/21833/123/R1,Glycopyrronium Bromide 200mcg/ml Solution for…,Glycopyrronium Bromide,Solution For Injection,United Kingdom,Foreign,Macarthys Laboratories Ltd T/a Martindale…,LABOREX KENYA LTD-MOMBASA ROAD,2026 September 02,2031 September 02
259,H2011/21483/171/R1,MAXGALIN 75MG CAPSULES,Pregabalin,Tablet,India,Foreign,Sun Pharmaceutical Industries Limited,SUN PHARMA EAST AFRICA LTD,2026 September 02,2031 September 02
260,H2011/21395/006/R1,ZYCLAVE 625 TABLETS,AMOXICILLIN TRIHYDRATE USP EQ. TO AMOXICILLIN…,Tablet,India,Foreign,NATIONAL PHARMACY LTD,NATIONAL PHARMACY LTD,2026 September 02,2031 September 02
261,H2011/8298/R1,Regamol 500mg,Paracetamol,Tablet,India,Foreign,"Bal Pharma Limited,",KENTONS LIMITED,2026 September 02,2031 September 02
262,H2011/5719b/R1,Humulin N Vial,Human Insulin,Suspension For Injection,Egypt,Foreign,Eli Lilly Exports S.A,BETA HEALTHCARE INTERNATIONAL LTD,2026 September 02,2031 September 02
263,H2011/22142/238/R1,Sitizine Syrup,Cetirizine Dihydrochloride,Syrup,Pakistan,Foreign,GLOBE PHARMACY LTD,GLOBE PHARMACY LTD,2026 September 02,2031 September 02
264,H2011/21833/123/R1,Glycopyrronium Bromide 200mcg/ml Solution for…,Glycopyrronium Bromide,Solution For Injection,United Kingdom,Foreign,Macarthys Laboratories Ltd T/a Martindale…,LABOREX KENYA LTD-MOMBASA ROAD,2026 September 02,2031 September 02
265,H2011/21483/171/R1,MAXGALIN 75MG CAPSULES,Pregabalin,Tablet,India,Foreign,Sun Pharmaceutical Industries Limited,SUN PHARMA EAST AFRICA LTD,2026 September 02,2031 September 02
266,H2011/21395/006/R1,ZYCLAVE 625 TABLETS,AMOXICILLIN TRIHYDRATE USP EQ. TO AMOXICILLIN…,Tablet,India,Foreign,NATIONAL PHARMACY LTD,NATIONAL PHARMACY LTD,2026 September 02,2031 September 02
267,H2011/20493/340/R1,CLAXY 1G TABLETS,Amoxicillin Trihydrate USP and Diluted Potassium…,Film-Coated Tablet,India,Foreign,Syner-Med Pharmaceuticals (K) Ltd,SYNER-MED PHARMACEUTICALS (K)LTD,2026 September 02,2031 September 02
268,H2010/22640/176/R1,MEROZ 500MG,MEROPENAM,Injection,India,Foreign,ZAWADI HEALTHCARE LTD,ZAWADI HEALTHCARE LTD,2026 September 02,2031 September 02
269,H2010/22195/791/R1,ENTEZMA OINTMENT,Betamethasone Salicylic Acid,Eye Ointment,India,Foreign,Centaur Pharmaceuticals Pvt. Ltd.,SAI PHARMACEUTICALS LTD,2026 September 02,2031 September 02
270,H2010/21695/354/R1,TULAC Oral Solution,Lactulose,Oral Solution,Bangladesh,Foreign,Eskayef Bangladesh Ltd.,UMOJA PHARMACEUTICALS LTD,2026 September 02,2031 September 02
271,H2012/CTD185/034/R1,Dawaflox  250mg capsule,Flucloxacillin sodium,Capsule,Kenya,Local,Dawa Limited,DAWA LTD,2026 September 02,2031 September 02
272,H2008/19342/668/R1,Artefan Suspension,Artemether and Lumefantrine,Powder For Oral Suspension,India,Foreign,Ajanta Pharma Limited,HARLEYS LTD-NAIROBI,2026 September 01,2031 September 01
273,H2010/22641/846/R1,TOGOZED 2GM,SPECTINOMYCIN + DILUENT,Injection,India,Foreign,Zawadi Healthcare Ltd,ZAWADI HEALTHCARE LTD,2026 September 01,2031 September 01
274,H2008/19077/344/R1,Clindacin Capsules 150mg,Clindamycin Hydrochloride BP,Capsule,Kenya,Local,Harley's Limited,HARLEYS LTD-NAIROBI,2026 September 01,2031 September 01
275,H2011/21776/193/R1,TRAMACETAL TABLETS,Tramadol hydrochloride bp paracetamol bp,Tablet,India,Foreign,CACHET PHARMACEUTICALS PVT. LTD,PHILLIPS THERAPEUTICS LIMITED,2026 September 01,2031 September 01
276,H2010/15773/211/R1,Kleen Enema,Monobasic Sodium Phosphate + Dibasic Sodium…,Enema,Pakistan,Foreign,Nabiqasim Industries (Pvt). Ltd.,HARLEYS LTD-NAIROBI,2026 September 01,2031 September 01
277,H2009/19311/622/R1,FERROSE INJECTION,IRON SUCROSE,Injection,India,Foreign,GALAXY PHARMACEUTICAL LIMITED,GALAXY PHARMACEUTICAL LIMITED,2026 May 30,2031 May 30
278,H2026/CTD13007/27707,CALQUENCE 100 mg tablets,acalabrutinib maleate,Film-Coated Tablet,Sweden,Foreign,ASTRAZENECA UK LIMITED,ASTRAZENECA PHARMACEUTICALS LIMITED,2026 May 20,2031 May 20
279,H2026/CTD13636/29904,Paralife,Paracetamol,Injection,India,Foreign,UNISEL LIMITED,UNISEL LTD,2026 May 20,2031 May 20
280,H2001/0314/R1,CLOZOLE-B CREAM,Clotrimazole and Betamethasone Cream,Cream,India,Foreign,SHALINA HEALTHCARE KENYA LIMITED,SHALINA HEALTHCARE KENYA LIMITED,2026 May 19,2031 May 19
281,H2003/235/14671/R1,Predni-POS 1 % Eye Drops,Prednisoloine acetate,Eye Drops,Germany,Foreign,URSAPHARM Arzneimittel GmbH,GLOBE PHARMACY LTD,2026 May 19,2031 May 19
282,H2015/CTD2812/417/R1,Voriole 200mg tablets.,Voriconazole,Tablet,India,Foreign,MSN Laboratories Private Limited,MSN LABORATORIES PVT LTD,2026 May 18,2031 May 18
283,H2017/CTD4204/228/R1,Rinovil - D Syrup,"Dextromethorphan hydrobromide, Phenylephrine…",Syrup,India,Foreign,NATIONAL PHARMACY LTD,NATIONAL PHARMACY LTD,2026 May 18,2031 May 18
284,H2012/CTD159/443/R1,PREZISTA 600mg,Darunavir,Film-Coated Tablet,Belgium,Foreign,Janssen-Cilag International NV,PHILLIPS THERAPEUTICS LIMITED,2026 May 18,2031 May 18
285,H2010/20520/330/R1,PENEM INJECTION,Meropenem  for injection USP,Powder For Injection,India,Foreign,Syner-Med Pharmaceuticals (K) Ltd,SYNER-MED PHARMACEUTICALS (K)LTD,2026 May 18,2031 May 18
286,H1994/068/R1,Clotrine 200mg Vaginal Pessaries.,Clotrimazole,Pessary,Kenya,Local,Universal Corporation Limited,UNIVERSAL CORPORATION LTD,2026 May 18,2031 May 18
287,H2010/15776/252/R1,Glandin E 2 Tablet 3mg,Dinoprostone,Vaginal Tablet,Pakistan,Foreign,Nabiqasim Industries (Pvt). Ltd.,HARLEYS LTD-NAIROBI,2026 May 18,2031 May 18
288,H2009/5977/R1,Pred Forte Sterile Eye Suspension,Prednisolone acetate,Eye Drops,Ireland,Foreign,Allergan Pharmaceuticals (pty) ltd,HARLEYS LTD-NAIROBI,2026 May 18,2031 May 18
289,H2018/4865/560ER/R1,DUMAX 60 TABLET,Dapoxetine Hydrochloride eq. to Dapoxetine 60 mg.,Coated Tablet,Bangladesh,Foreign,Eskayef Pharmaceuticals Limited,UMOJA PHARMACEUTICALS LTD,2026 May 18,2031 May 18
290,H2009/20477/269/R1,Gabica 50 mg Capsules,Pregabalin,"Capsule, Hard",Pakistan,Foreign,Getz Pharma (Pvt) Limited,SKY HEALTHCARE LTD,2026 May 18,2031 May 18
291,H2015/CTD2305/304/R1,PREZISTA 75 mg,Darunavir,Film-Coated Tablet,Belgium,Foreign,Janssen-Cilag International NV,PHILLIPS THERAPEUTICS LIMITED,2026 May 18,2031 May 18
292,H2012/CTD378/054/R1,Solifen 5 mg Tablets,Solifenacin Succinate,Film-Coated Tablet,Pakistan,Foreign,Getz Pharma (Pvt) Limited,SKY HEALTHCARE LTD,2026 May 18,2031 May 18
293,H2006/5441/R1,Duspatalin 135 mg Tablets,Mebeverine Hydrochloride,Tablet,Italy,Foreign,Abbott Laboratories S.A. (Pty) Ltd,IMPERIAL MANAGED SOLUTIONS EAST AFRICA LTD-…,2026 May 18,2031 May 18
294,H2016/CTD4801/895/R1,STREPTO 1,streptomycin (as sulphate) BP,Powder For Injection,China,Foreign,CROWN  HEALTHCARE,CROWN  HEALTHCARE,2026 May 18,2031 May 18
295,H2010/20520/330/R1,PENEM INJECTION,Meropenem  for injection USP,Powder For Injection,India,Foreign,Syner-Med Pharmaceuticals (K) Ltd,SYNER-MED PHARMACEUTICALS (K)LTD,2026 May 18,2031 May 18
296,H1994/068/R1,Clotrine 200mg Vaginal Pessaries.,Clotrimazole,Pessary,Kenya,Local,Universal Corporation Limited,UNIVERSAL CORPORATION LTD,2026 May 18,2031 May 18
297,H2010/15776/252/R1,Glandin E 2 Tablet 3mg,Dinoprostone,Vaginal Tablet,Pakistan,Foreign,Nabiqasim Industries (Pvt). Ltd.,HARLEYS LTD-NAIROBI,2026 May 18,2031 May 18
298,H2009/5977/R1,Pred Forte Sterile Eye Suspension,Prednisolone acetate,Eye Drops,Ireland,Foreign,Allergan Pharmaceuticals (pty) ltd,HARLEYS LTD-NAIROBI,2026 May 18,2031 May 18
299,H2018/4865/560ER/R1,DUMAX 60 TABLET,Dapoxetine Hydrochloride eq. to Dapoxetine 60 mg.,Coated Tablet,Bangladesh,Foreign,Eskayef Pharmaceuticals Limited,UMOJA PHARMACEUTICALS LTD,2026 May 18,2031 May 18
300,H2009/20477/269/R1,Gabica 50 mg Capsules,Pregabalin,"Capsule, Hard",Pakistan,Foreign,Getz Pharma (Pvt) Limited,SKY HEALTHCARE LTD,2026 May 18,2031 May 18
301,H2009/19490/205/R1,Angilock 50 Tablet,Losartan Potassium,Tablet,Bangladesh,Foreign,Square Pharmaceuticals Ltd.,ACE PHARMACEUTICALS LTD,2026 May 18,2031 May 18
302,H2012/20112/416/R1,AMNOL 4 mg Injection,Zoledronic Acid Monohydrate,Powder And Solution For Solution For Injectio,India,Foreign,Venus Remedies Limited,HARLEYS LTD-NAIROBI,2026 May 18,2031 May 18
303,H2026/CTD11589/25255,DAPAGOOD S 50,Dapagliflozin Propanediol Monohydrate &…,Tablet,Kenya,Local,ZAIN PHARMA LIMITED,ZAIN PHARMA LIMITED,2026 May 16,2031 May 16
304,H2026/CTD13325/28404,"Wegovy® 0.25 mg, 1.5 ml FlexTouch®",Semaglutide,Solution For Injection In Pre-Filled Pen,Denmark,Foreign,Novo Nordisk A/S,PHILLIPS THERAPEUTICS LIMITED,2026 May 12,2031 May 12
305,H2026/CTD7964/15089,Dosetil Cream,Desonide,Cream,India,Foreign,Glenmark Pharmaceutical Limited,GLENMARK PHARMACEUTICALS (K) LTD,2026 May 12,2031 May 12
306,H2026/CTD7869/15054,MALAKANT DISPERSIBLE TABLETS,Sulfadoxine Ph. Eur.and  Pyrimethamine Ph. Eur.,Dispersible Tablet,India,Foreign,SKANT HEALTHCARE LTD,UNISEL LTD,2026 May 12,2031 May 12
307,H2026/CTD13300/28418,TRUGLYX 0.25,Semaglutide,Injection,India,Foreign,HETERO LABS LIMITED,MEDSCRIBE LIMITED,2026 May 12,2031 May 12
308,H2026/CTD9811/21393,Positon Cream,"Neomycin sulphate, triamcinolone acetonide,…",Cream,Spain,Foreign,"FAES FARMA, S.A.",PHILLIPS THERAPEUTICS LIMITED,2026 May 12,2031 May 12
309,H2026/CTD12833/27613,EMPAZOX-L 10/5,Empagliflozin and Linagliptin,Tablet,India,Foreign,HETERO LABS LIMITED,MEDSCRIBE LIMITED,2026 May 12,2031 May 12
310,H2026/CTD12832/27637,EMPAZOX-L 25/5,Empagliflozin and Linagliptin,Tablet,India,Foreign,HETERO LABS LIMITED,MEDSCRIBE LIMITED,2026 May 12,2031 May 12
311,H2026/CTD7869/15054,MALAKANT DISPERSIBLE TABLETS,Sulfadoxine Ph. Eur.and  Pyrimethamine Ph. Eur.,Dispersible Tablet,India,Foreign,SKANT HEALTHCARE LTD,UNISEL LTD,2026 May 12,2031 May 12
312,H2026/CTD13425/29255,Ozempic® 0.25 mg solution for injection in…,Semaglutide,Solution For Injection In Pre-Filled Pen,Denmark,Foreign,Novo Nordisk A/S,PHILLIPS THERAPEUTICS LIMITED,2026 May 12,2031 May 12
313,H2026/CTD13424/29254,Ozempic® 0.5 mg solution for injection in 3ml…,Semaglutide,Solution For Injection In Pre-Filled Pen,Denmark,Foreign,Novo Nordisk A/S,PHILLIPS THERAPEUTICS LIMITED,2026 May 12,2031 May 12
314,H2026/CTD13423/29249,Ozempic® 0.5 mg solution for injection in 1.5ml…,Semaglutide,Solution For Injection In Pre-Filled Pen,Denmark,Foreign,Novo Nordisk A/S,PHILLIPS THERAPEUTICS LIMITED,2026 May 12,2031 May 12
315,H2026/CTD12833/27613,EMPAZOX-L 10/5,Empagliflozin and Linagliptin,Tablet,India,Foreign,HETERO LABS LIMITED,MEDSCRIBE LIMITED,2026 May 12,2031 May 12
316,H2026/CTD11296/24677,GOTA-D 40/50,Febuxostat and Diacerein,Film-Coated Tablet,India,Foreign,OMILIFE LIMITED,OMILIFE LIMITED,2026 May 12,2031 May 12
317,H2026/CTD11299/24685,GOTA-D 80/50,Febuxostat and Diacerein BP,Film-Coated Tablet,India,Foreign,OMILIFE LIMITED,OMILIFE LIMITED,2026 May 12,2031 May 12
318,H2026/CTD9612/20509,Ebovulon 10IU,Oxytocin Injection BP,Solution For Infusion,India,Foreign,Glenmark Pharmaceuticals Ltd,GLENMARK PHARMACEUTICALS (K) LTD,2026 May 12,2031 May 12
319,H2026/CTD9200/20153,D-LAST 60,Dapoxetin Hydrochloride,Tablet,India,Foreign,DOLOPHARMA HEALTHCARE LTD,DOLOPHARMA HEALTHCARE LTD,2026 May 12,2031 May 12
320,H2026/CTD10057/20602,FERCARI INJECTION 500MG/10ML,Ferric Carboxymaltose,Injection,Pakistan,Foreign,FERCARI INJECTION 500MG/10ML,SURGILINKS LTD,2026 May 12,2031 May 12
321,H2026/CTD9200/20153,D-LAST 60,Dapoxetin Hydrochloride,Tablet,India,Foreign,DOLOPHARMA HEALTHCARE LTD,DOLOPHARMA HEALTHCARE LTD,2026 May 12,2031 May 12
322,H2011/7350,Cataflam 50mgTablets,Diclofenac Potassium,Coated Tablet,Switzerland,Foreign,Novartis Pharma Services Inc,NVS KENYA LTD,2026 May 11,2031 May 11
323,H2004/215/15640/R1,Fexet 120 mg Tablets,Fexofenadine HCl,Film-Coated Tablet,Pakistan,Foreign,Getz Pharma (Pvt) Limited,SKY HEALTHCARE LTD,2026 May 11,2031 May 11
324,H2015/CTD2156/048/R1,Zlevo  Tablets,Levofloxacin Hemihydrate,Coated Tablet,India,Foreign,Shambhuprasad and Sons,QUEST PHARMACEUTICALS,2026 May 11,2031 May 11
325,H2015/CTD1246/195/R1,NIMENRIX VACCINE,MENINGOCOCCAL VACCINE,Injection,Belgium,Foreign,PFIZER LABORATORIES LIMITED,PFIZER LABORATORIES LTD,2026 May 06,2031 May 06
326,H2007/776/R1,Dalacin C 150mg,Clindamycin hydrochloride,Capsule,France,Foreign,Pfizer Laboratories Limited,PFIZER LABORATORIES LTD,2026 March 31,2031 March 31
327,H1998/301/11639/R1,Budecort 100 Inhaler,Budesonide BP,"Inhalation Vapour, Powder",India,Foreign,Cipla Ltd,IMPERIAL MANAGED SOLUTIONS EAST AFRICA LTD-…,2026 March 30,2031 March 30
328,H2026/CTD8081/15839,EXITINE 0.5mg/5ml Solution for IV Injection,Flumazenil USP,Solution For Infusion,Jordan,Foreign,MS Pharma Jordan,EVKA CONSULTZ LTD,2026 March 30,2031 March 30
329,H2026/CTD7983/15240,OMISEC 40MG/VIAL POWDER FOR SOLUTION FOR INFUSION,Omeprazole Sodium EP,Powder For Solution For Infusion,Jordan,Foreign,MS Pharma Jordan,EVKA CONSULTZ LTD,2026 March 30,2031 March 30
330,H2026/CTD11487/23551,"Gazyvaro 1,000mg concentrate for solution for…",Obinutuzumab,Concentrate For Solution For Infusion,Switzerland,Foreign,F. Hoffmann-La Roche Ltd,ROCHE KENYA LIMITED,2026 March 30,2031 March 30
331,H2011/21709/034/R1,Suxamethonium Chloride 50mg/ml Solution for…,Suxamethonium Chloride,Solution For Injection,United Kingdom,Foreign,Macarthys Laboratories Ltd  T/a Martindale…,LABOREX KENYA LTD-MOMBASA ROAD,2026 March 29,2031 March 29
332,H2001/0130/R1,Bispanol Elixir,Hyoscine-n-ButylBromide,Syrup,Kenya,Local,Regal Pharmaceuticals Limited,REGAL PHARMACEUTICALS LTD,2026 March 29,2031 March 29
333,H2006/129/17588/R1,RH COM,Rifampicin 150 mg Isoniazid 75 mg Tablets,Film-Coated Tablet,India,Foreign,Macleods Pharmaceuticals Limited,SAI PHARMACEUTICALS LTD,2026 March 29,2031 March 29
334,H2012/CTD021/456/R1,GALAXY NEUROCARE CAPSULES,"Methylcobalamin,Gamma Linolenic Acid (From Borage…","Capsule, Soft",India,Foreign,GALAXY PHARMACEUTICAL LIMITED,GALAXY PHARMACEUTICAL LIMITED,2026 March 29,2031 March 29
335,H2000/0289/13147/R1,Epilim Chrono 500mg tablet,Sodium valproate + valproic acid,Tablet,France,Foreign,sanofi-aventis Kenya,RESSOURCETHICA KENYA LTD,2026 March 29,2031 March 29
336,H2008/19678/967/R1,Serocort 250 inhaler,Salmeterol  as salmeterol Xinafoate Ph. Eur  &…,"Inhalation Vapour, Powder",India,Foreign,Cipla Ltd,IMPERIAL MANAGED SOLUTIONS EAST AFRICA LTD-…,2026 March 29,2031 March 29
337,H2021/CTD4646/1216ER/R1,FLUSORT NASAL SPRAY,FLUTICASONE PROPIONATE BP,Suspension And Solution For Spray,India,Foreign,Glenmark Pharmaceuticals Limited,GLENMARK PHARMACEUTICALS (K) LTD,2026 March 29,2031 March 29
338,H2008/18955/091/R1,ParaCo-Denk 1000/60 Suppos,Paracetamol and Codeine Phosphate Hemihydrates…,Suppository,Germany,Foreign,Denk Pharma GmbH & Co. KG,LABOREX KENYA LTD-MOMBASA ROAD,2026 March 29,2031 March 29
339,H2010/19953/552/R1,AMINOGARD granules,Amino Acids and Vitamins granules,Granules,India,Foreign,PRISMA PHARMA FZE,WESSEX PHARMACEUTICALS LTD,2026 March 29,2031 March 29
340,H2014/CTD1290/255/R1,GEMTERO 1G,Gemcitabine Hydrochloride,Powder For Solution For Injection/Infusion,India,Foreign,Hetero Labs Limited,UNISEL LTD,2026 March 29,2031 March 29
341,H2013/CTD582/281/R1,ESOMOD 20MG TABLETS,Esomeprazole Magnesium,Tablet,India,Foreign,Modest Healthcare Ltd,MODEST HEALTHCARE LIMITED-NAIROBI,2026 March 27,2031 March 27
342,H2007/804/R1,Solu-Medrol,Methylprednisolone sodium succinate,Powder For Injection,Belgium,Foreign,Pfizer Laboratories Limited,PFIZER LABORATORIES LTD,2026 March 27,2031 March 27
343,H2009/19904/937/R1,Gabica 300 mg Capsules,Pregabalin,"Capsule, Hard",Pakistan,Foreign,Getz Pharma (Pvt) Limited,SKY HEALTHCARE LTD,2026 March 27,2031 March 27
344,H2013/CTD579/280/R1,ESOMOD 40MG TABLETS,Esomeprazole Magnesium,Tablet,India,Foreign,Modest Healthcare Ltd,MODEST HEALTHCARE LIMITED-NAIROBI,2026 March 27,2031 March 27
345,H2010/21568/363/R1,Leflox 750 mg Tablets,Levofloxacin,Film-Coated Tablet,Pakistan,Foreign,Getz Pharma (Pvt) Limited,SKY HEALTHCARE LTD,2026 March 27,2031 March 27
346,H2008/19998/504/R1,Abacavir sulfate oral solution USP 20mg/ml-,Abacavir sulfate USP,Oral Solution,India,Foreign,AUROBINDO PHARMA LIMITED,SIMBA PHARMACEUTICALS LTD,2026 March 27,2031 March 27
347,H2008/19903/936/R1,Gabica 100 mg Capsules,Pregabalin,"Capsule, Hard",Pakistan,Foreign,Getz Pharma (Pvt) Limited,SKY HEALTHCARE LTD,2026 March 27,2031 March 27
348,H2007/17849/R1,Exforge tablets 5/160mg,Amlodipine/valsartan,Coated Tablet,Switzerland,Foreign,Novartis Pharma Services Inc,NVS KENYA LTD,2026 March 26,2031 March 26
349,H2010/21679/541/R1,Galvusmet tablets 50/1000mg,Vildagliptin/metformin,Tablet,Switzerland,Foreign,Novartis Phrma Services Inc,NVS KENYA LTD,2026 March 26,2031 March 26
350,H2010/21441/537/R1,Exforge HCT tablets 10mg/160mg/12.5mg,Amlodipine/Valsartan/Hydrochlorthiazide,Coated Tablet,Switzerland,Foreign,Novartis,NVS KENYA LTD,2026 March 26,2031 March 26
351,H2013/CTD012/159/R1,GAVISCON DOUBLE ACTION TABLETS,CALCIUM CARBONATE BP 187.5 MG SODIUM ALGINATE BP…,Tablet,United Kingdom,Foreign,RECKITT BENCKISER HEALTHCARE INTERNATIONAL,RECKITT BENCKISER SERVICES(KENYA) LTD,2026 March 26,2031 March 26
352,H2010/21679/541/R1,Galvusmet tablets 50/1000mg,Vildagliptin/metformin,Tablet,Switzerland,Foreign,Novartis Phrma Services Inc,NVS KENYA LTD,2026 March 26,2031 March 26
353,H2018/4236/95ER/R1,Ranexa,ranolazine,Prolonged-Release Tablet,Germany,Foreign,Menarini International Operations Luxembourg S.A.,PHILLIPS THERAPEUTICS LIMITED,2026 March 26,2031 March 26
354,H2007/467/R1,Flaminopril 5mg Tablets,Enalapril Maleate,Tablet,India,Foreign,Harley's Limited,HARLEYS LTD-NAIROBI,2026 March 26,2031 March 26
355,H2007/17850/R1,Exforge tablets 10/160mg,Amlodipine/Valsartan,Coated Tablet,Switzerland,Foreign,Novartis Pharma Services Inc,NVS KENYA LTD,2026 March 26,2031 March 26
356,H2007/17849/R1,Exforge tablets 5/160mg,Amlodipine/valsartan,Coated Tablet,Switzerland,Foreign,Novartis Pharma Services Inc,NVS KENYA LTD,2026 March 26,2031 March 26
357,H2011/CTD221/369/R1,Emtricitabine and TenofovirDisoproxilFumarate…,Emtricitabine and TenofovirDisoproxilFumarate,Film-Coated Tablet,India,Foreign,Hetero Labs Limited,UNISEL LTD,2026 March 26,2031 March 26
358,H2004/027/R1,Travatan Eye Drops,Travopost,"Eye Drops, Solution",Belgium,Foreign,Novartis Pharma AG,NVS KENYA LTD,2026 March 26,2031 March 26
359,H2011/CTD001/278/R1,Tenofovir Disoproxil Fumarate and Lamivudine…,Tenofovir Disoproxil Fumarate and Lamivudine,Film-Coated Tablet,India,Foreign,Hetero Labs Limited,UNISEL LTD,2026 March 26,2031 March 26
360,H2008/19972/851/R1,EMITINO INJECTION,Ondansetron Hydrochloride USP equivalent to…,Solution For Injection,India,Foreign,CACHET PHARMACEUTICALS PVT. LTD,PHILLIPS THERAPEUTICS LIMITED,2026 March 26,2031 March 26
361,H2010/21677/539/R1,Galvusmet tablets 50/500mg,vildagliptin+metformin,Tablet,Switzerland,Foreign,Novartis Pharma Services Inc,NVS KENYA LTD,2026 March 26,2031 March 26
362,H2015/CTD2529/580/R1,NEBILET PLUS 5 mg/25mg,Nebivolol (as nebivolol hydrochloride) and…,Film-Coated Tablet,Germany,Foreign,Menarini International Operations Luxembourg S.A,PHILLIPS THERAPEUTICS LIMITED,2026 March 26,2031 March 26
363,H2010/21679/541/R1,Galvusmet tablets 50/1000mg,Vildagliptin/metformin,Tablet,Switzerland,Foreign,Novartis Phrma Services Inc,NVS KENYA LTD,2026 March 26,2031 March 26
364,H2015/CTD2530/581/R1,NEBILET PLUS 5mg/12.5 mg,Nebivolol (as nebivolol hydrochloride) and…,Film-Coated Tablet,Germany,Foreign,Menarini International Operations Luxembourg S.A,PHILLIPS THERAPEUTICS LIMITED,2026 March 26,2031 March 26
365,H2001/0007/12822/R1,Risperdal 2mg film coated tablets,risperidone,Film-Coated Tablet,Italy,Foreign,Janssen-Cilag NV,JOHNSON & JOHNSON MIDDLE EAST FZ LLC,2026 March 26,2031 March 26
366,H2010/12554/R1,Enhancin 625mg,Amoxicillin USP Clavulanate Pottassium USP,Tablet,India,Foreign,Sun Pharmaceutical Industries Limited,SUN PHARMA EAST AFRICA LTD,2026 March 26,2031 March 26
367,H2007/17850/R1,Exforge tablets 10/160mg,Amlodipine/Valsartan,Coated Tablet,Switzerland,Foreign,Novartis Pharma Services Inc,NVS KENYA LTD,2026 March 26,2031 March 26
368,H2007/17849/R1,Exforge tablets 5/160mg,Amlodipine/valsartan,Coated Tablet,Switzerland,Foreign,Novartis Pharma Services Inc,NVS KENYA LTD,2026 March 26,2031 March 26
369,H2001/0235/R1,Kemocarb Injection,Carboplatin,Injection,India,Foreign,Fresenius Kabi Oncology Limited,NAIROBI ENTERPRISES LTD,2026 March 26,2031 March 26
370,H2005/317/16763/R1,Voltaren Suppositories 100mg,Diclofenac sodium,Rectal Capsule,Switzerland,Foreign,Novartis,NVS KENYA LTD,2026 March 26,2031 March 26
371,H1994/9617/R1,SEPTIMOX KID 250MG,AMOXICILLIN,"Capsule, Hard",India,Foreign,NATIONAL PHARMACY LTD,NATIONAL PHARMACY LTD,2026 March 25,2031 March 25
372,H2026/CTD11686/25202,ERYSTAR 250,Erythromycin Stearate,Tablet,Kenya,Local,ZAIN PHARMA LIMITED,ZAIN PHARMA LIMITED,2026 March 25,2031 March 25
373,H2026/CTD13143/28244,IMFINZI 50mg/ml Injection,Durvalumab,Concentrate For Solution For Infusion,Sweden,Foreign,AstraZeneca UK Limited,ASTRAZENECA PHARMACEUTICALS LIMITED,2026 March 25,2031 March 25
374,H2026/CTD12245/26847,NAPROMED,Naproxen & Esomeprazole Magnesium,Tablet,Kenya,Local,PRO MED PHARMACEUTICALS LTD,PRO MED PHARMACEUTICALS  LTD,2026 March 25,2031 March 25
375,H2026/CTD12246/26050,PILOT 40,Pantoprazole Sodium,Coated Tablet,Kenya,Local,NATIONAL PHARMACY LTD,NATIONAL PHARMACY LTD,2026 March 25,2031 March 25
376,H2026/CTD12273/25346,DUOGOOD,Aspirin & Clopidogrel,Tablet,Kenya,Local,ZAIN PHARMA LIMITED,ZAIN PHARMA LIMITED,2026 March 25,2031 March 25
377,H2026/CTD11012/23863,PALBOCARE 125,Palbociclib,"Capsule, Hard",India,Foreign,Javia International Limited,ZUVAN LIMITED,2026 March 25,2031 March 25
378,H2026/CTD12320/26236,RL,Compound Sodium Lactate Intravenous Infusion,Infusion,India,Foreign,GOODMED HEALTHCARE LIMITED,GOODMED HEALTHCARE LIMITED,2026 March 25,2031 March 25
379,H2026/CTD12708/27521,ZENLOL 40,Propranolol Tablets 40 mg,Tablet,Kenya,Local,ZAIN PHARMA LIMITED,ZAIN PHARMA LIMITED,2026 March 25,2031 March 25
380,H2026/CTD13322/28886,Tiza-Q 12.5 mg/0.5 ml PFS Injection,Tirzepatide,Solution For Injection,Bangladesh,Foreign,QPHARMA DMCC,SKY HEALTHCARE LTD,2026 March 25,2031 March 25
381,H2026/CTD11750/24999,COFANART 20/120,Artemether & Lumefantrine Tablets,Tablet,India,Local,ZAIN PHARMA LIMITED,ZAIN PHARMA LIMITED,2026 March 25,2031 March 25
382,H2026/CTD13321/28896,Tiza-Q 15 mg/0.5 ml PFS Injection,Tirzepatide,Solution For Injection,Bangladesh,Foreign,QPHARMA DMCC,SKY HEALTHCARE LTD,2026 March 25,2031 March 25
383,H2026/CTD12320/26236,RL,Compound Sodium Lactate Intravenous Infusion,Infusion,India,Foreign,GOODMED HEALTHCARE LIMITED,GOODMED HEALTHCARE LIMITED,2026 March 25,2031 March 25
384,H2026/CTD13143/28244,IMFINZI 50mg/ml Injection,Durvalumab,Concentrate For Solution For Infusion,Sweden,Foreign,AstraZeneca UK Limited,ASTRAZENECA PHARMACEUTICALS LIMITED,2026 March 25,2031 March 25
385,H2026/CTD12245/26847,NAPROMED,Naproxen & Esomeprazole Magnesium,Tablet,Kenya,Local,PRO MED PHARMACEUTICALS LTD,PRO MED PHARMACEUTICALS  LTD,2026 March 25,2031 March 25
386,H2026/CTD12246/26050,PILOT 40,Pantoprazole Sodium,Coated Tablet,Kenya,Local,NATIONAL PHARMACY LTD,NATIONAL PHARMACY LTD,2026 March 25,2031 March 25
387,H2026/CTD12273/25346,DUOGOOD,Aspirin & Clopidogrel,Tablet,Kenya,Local,ZAIN PHARMA LIMITED,ZAIN PHARMA LIMITED,2026 March 25,2031 March 25
388,H2026/CTD11012/23863,PALBOCARE 125,Palbociclib,"Capsule, Hard",India,Foreign,Javia International Limited,ZUVAN LIMITED,2026 March 25,2031 March 25
389,H2026/CTD8497/17135,DOVATO,Dolutegravir + Lamivudine,Film-Coated Tablet,United States,Foreign,GlaxoSmithKline Pharmaceutical Kenya Limited,LABOREX KENYA LTD-MOMBASA ROAD,2026 March 25,2031 March 25
390,H2026/CTD12857/26750,TRAMA-50 INJECTION,Tramadol Hydrochloride BP,Solution For Injection,India,Foreign,Cachet Pharmaceuticals Pvt. Ltd.,PHILLIPS THERAPEUTICS LIMITED,2026 March 21,2031 March 21
391,H2002/14365/R1,Ketesse,Dexketoprofen (as trometamol salt),Film-Coated Tablet,Italy,Foreign,Menarini International Operations Luxembourg S.A,PHILLIPS THERAPEUTICS LIMITED,2026 March 19,2031 March 19
392,H2001/9080/56,"Actilyse, powder and solvent for solution for…",Alteplase,Powder And Solvent For Solution For Injection,Germany,Foreign,Boehringer Ingelheim international GmbH,SURGIPHARM LTD,2026 March 19,2031 March 19
393,H2009/20853/510/R1,Propofol-Lipuro 10mg/ml emulsion for injection or…,Propofol (Ph. Eur.),Emulsion For Injection/Infusion,Germany,Foreign,B. BRAUN MELSUNGEN AG,B.BRAUN MEDICAL KENYA LIMITED,2026 March 19,2031 March 19
394,H2002/14178/R1,Vedrox  Dry 125 mg  Syrup,Cefadroxil for oral suspension USP 125 mg,Syrup,India,Foreign,Indoco Remedies Limited,SAI PHARMACEUTICALS LTD,2026 March 19,2031 March 19
395,H2002/13383/R1,Medcort Injection,HYDROCORTISONE SODIUM SUCCINATE,Injection,China,Foreign,MEDISEL KENYA LTD,DAWA LTD,2026 March 19,2031 March 19
396,H2026/CTD13002/27419,Sugamred 100mg/ml,Sugammadex sodium equivalent to Sugammadex,Injection,India,Foreign,Dr Reddy's Laboratories Limited,THE EAH CARE LIMITED,2026 March 18,2031 March 18
397,H2026/CTD12859/27385,OTYCULF 500.,Flucytosine Ph. Eur.,Tablet,India,Foreign,Mylan Laboratories Limited,SURGILINKS LTD,2026 March 18,2031 March 18
398,H2010/21297/786/R1,PANADOL ELIXIR,PARACETAMOL,Oral Suspension,Australia,Foreign,HALEON KENYA LIMITED,HALEON KENYA LIMITED,2026 March 17,2031 March 17
399,H2009/19377/206/R1,NEXAVAR,Sorafenib Tosylate,Tablet,Germany,Foreign,Bayer Pharma AG,BAYER EAST AFRICA LTD,2026 March 17,2031 March 17
400,H2006/397/R1,Isoryn Paediatric Nasal drop,Ephedrine HCL,Nasal Drops,Kenya,Local,Regal Pharmaceuticals Limited,REGAL PHARMACEUTICALS LTD,2026 March 17,2031 March 17
401,H2005/457/R1,LEVOBACT 500,Levofloxacin Hemihydrate 500mg Tablets,Tablet,India,Foreign,Micro Labs Limited India,MICRO LABS (EA) LTD,2026 March 17,2031 March 17
402,H2007/331/R1,AMLONG-5,Amlodipine,Tablet,India,Foreign,Micro Labs Ltd,MICRO LABS (EA) LTD,2026 March 17,2031 March 17
403,H2019/CTD5964/1082ER/R1,CUROINE INJECTION,Lidocaine Hydrochloride BP,Solution For Injection,India,Foreign,CROWN  HEALTHCARE,CROWN  HEALTHCARE,2026 March 17,2031 March 17
404,H2013/CTD010/227/R1,GAVISCON DOUBLE ACTION LIQUID SUSPENSION,SODIUM ALGINATE BP 500MG SODIUM BICARBONATE BP…,Syrup,United Kingdom,Foreign,RECKITT BENCKISER HEALTHCARE INTERNATIONAL,RECKITT BENCKISER SERVICES(KENYA) LTD,2026 March 17,2031 March 17
405,H2013/773/083/R1,Sanfurox -750mg injection,Cefuroxime Sodium,Powder And Solvent For Solution For Injection,India,Foreign,Bliss GVS Pharma Ltd.,THERALIFE PHARMA LTD,2026 March 17,2031 March 17
406,H2013/772/082/R1,SANTRIAX - 1000,Ceftriaxone Sodium,Powder For Injection,India,Foreign,Bliss GVS Pharma Ltd.,THERALIFE PHARMA LTD,2026 March 17,2031 March 17
407,H2009/19377/206/R1,NEXAVAR,Sorafenib Tosylate,Tablet,Germany,Foreign,Bayer Pharma AG,BAYER EAST AFRICA LTD,2026 March 17,2031 March 17
408,H2011/7117/R1,Humulin 70/30,Human Insulin,Suspension For Injection,Egypt,Foreign,Eli Lilly Exports S.A,BETA HEALTHCARE INTERNATIONAL LTD,2026 March 17,2031 March 17
409,H2011/20642/104/R1,Glencet,Levocetrizine Dihydrochloride,Tablet,India,Foreign,Glenmark Pharmaceuticals Limited,GLENMARK PHARMACEUTICALS (K) LTD,2026 March 17,2031 March 17
410,H1992/073/R1,Isoryn Adult Nasal drop,Ephedrine HCL,"Nasal Drops, Solution",Kenya,Local,Regal Pharmaceuticals Limited,REGAL PHARMACEUTICALS LTD,2026 March 17,2031 March 17
411,H2011/7117/R1,Humulin 70/30,Human Insulin,Suspension For Injection,Egypt,Foreign,Eli Lilly Exports S.A,BETA HEALTHCARE INTERNATIONAL LTD,2026 March 17,2031 March 17
412,H2011/20642/104/R1,Glencet,Levocetrizine Dihydrochloride,Tablet,India,Foreign,Glenmark Pharmaceuticals Limited,GLENMARK PHARMACEUTICALS (K) LTD,2026 March 17,2031 March 17
413,H2011/20584/080/R1,GADOVIST,Gadobutrol,Solution For Injection,Germany,Foreign,Bayer Pharma AG,BAYER EAST AFRICA LTD,2026 March 17,2031 March 17
414,H1992/073/R1,Isoryn Adult Nasal drop,Ephedrine HCL,"Nasal Drops, Solution",Kenya,Local,Regal Pharmaceuticals Limited,REGAL PHARMACEUTICALS LTD,2026 March 17,2031 March 17
415,H2026/CTD13275/27922,Zepad 2.5mg/0.5mL Injection.,Tirzepatide,Solution For Injection,Pakistan,Foreign,GETZ PHARMA (PRIVATE) LIMITED,HARLEYS LTD-NAIROBI,2026 March 16,2031 March 16
416,H2026/CTD13276/27931,Zepad 7.5mg/0.5mL Injection,Tirzepatide,Solution For Injection,Pakistan,Foreign,GETZ PHARMA (PRIVATE) LIMITED,HARLEYS LTD-NAIROBI,2026 March 16,2031 March 16
417,H2026/CTD13277/27924,Zepad 5mg/0.5mL Injection,Tirzepatide,Solution For Injection,Pakistan,Foreign,GETZ PHARMA (PRIVATE) LIMITED,HARLEYS LTD-NAIROBI,2026 March 16,2031 March 16
418,H2026/CTD12731/26724,Oxaliplatin Injection USP 100 mg / 50 ml,"Oxaliplatin USP 2.0 mg, Water for Injection…",Injection,India,Foreign,NATIONAL PHARMACY LTD,NATIONAL PHARMACY LTD,2026 March 16,2031 March 16
419,H2026/CTD12732/26692,Zolendronic acid 4mg injection,Zoledronic Acid,Injection,India,Foreign,NATIONAL PHARMACY LTD,NATIONAL PHARMACY LTD,2026 March 16,2031 March 16
420,H2026/CTD12734/26842,Carboplatin Injection BP 450 mg/45 ml,Carboplatin,Injection,Kenya,Foreign,NATIONAL PHARMACY LTD,NATIONAL PHARMACY LTD,2026 March 16,2031 March 16
421,H2026/CTD12810/26838,Carboplatin Injection BP 150 mg/15 ml,Carboplatin,Injection,India,Foreign,NATIONAL PHARMACY LTD,NATIONAL PHARMACY LTD,2026 March 16,2031 March 16
422,H2010/1953/R1,UROGRAFIN 76%,Sodium diatrizoate / Meglumine diatrizoate,Solution For Injection,Germany,Foreign,Bayer Pharma AG,BAYER EAST AFRICA LTD,2026 March 15,2031 March 15
423,H2010/18765/564/R1,CEFTY 400 TABLETS,CEFIXIME TRIHYDRATE,Tablet,India,Foreign,Syner-Med Pharmaceuticals (K) Ltd,SYNER-MED PHARMACEUTICALS (K)LTD,2026 March 15,2031 March 15
424,H2005/323/14582/R1,PANTOCID 40MG I.V INJECTION,Pantoprazole sodium,Injection,India,Foreign,Sun Pharmaceutical Industries Limited,SUN PHARMA EAST AFRICA LTD,2026 March 15,2031 March 15
425,H2026/CTD11398/23498,TRASTMAB 440,TRASTUZUMAB,Infusion,India,Foreign,INTAS PHARMACEUTICALS LIMITED,ACCORD HEALTHCARE (K) LTD,2026 March 14,2031 March 14
426,H2026/CTD11049/24157,Maxmoist,Sodium Hyaluronate and dexpanthenol,"Eye Drops, Solution",India,Foreign,AJANTA PHARMA LIMITED,HARLEYS LTD-NAIROBI,2026 March 14,2031 March 14
427,H2026/CTD11020/23313,BEVAMAB 100,Bevacizumab,Infusion,India,Foreign,INTAS PHARMACEUTICALS LIMITED,ACCORD HEALTHCARE (K) LTD,2026 March 14,2031 March 14
428,H2026/CTD12205/26805,Vonotec 10mg Tablet,Vonoprazan Fumarate,Tablet,Pakistan,Foreign,Pharmatec Pakistan (Pvt.) Ltd,GLOBE PHARMACY LTD,2026 March 14,2031 March 14
429,H2026/CTD9307/18226,EPIBALIN ER 165,Pregabalin.,Tablet,India,Foreign,MSN Laboratories Private Limited,SIMBA PHARMACEUTICALS LTD,2026 March 14,2031 March 14
430,H2026/CTD11447/23417,TRASTMAB 150,TRASTUZUMAB,Concentrate For Solution For Infusion,India,Foreign,INTAS PHARMACEUTICALS LIMITED,ACCORD HEALTHCARE (K) LTD,2026 March 14,2031 March 14
431,H2026/CTD12204/26806,Vonotec 20mg Tablet,Vonoprazan Fumarate,Tablet,Pakistan,Foreign,Pharmatec Pakistan (Pvt.) Ltd,GLOBE PHARMACY LTD,2026 March 14,2031 March 14
432,H2026/CTD12205/26805,Vonotec 10mg Tablet,Vonoprazan Fumarate,Tablet,Pakistan,Foreign,Pharmatec Pakistan (Pvt.) Ltd,GLOBE PHARMACY LTD,2026 March 14,2031 March 14
433,H2005/14955/R1,EFECTAL 1000,Ceftriaxone Sodium,Powder For Injection,India,Foreign,M/s.Neon Laboratories Limited,RIPPLE PHARMACEUTICALS LTD,2026 March 12,2031 March 12
434,H2018/CTD4148/268ER/R1,Cef-OD Suspension 100mg/5ml,Cefixime,Powder For Oral Suspension,Pakistan,Foreign,CCL Pharma (pvt) Ltd,HARLEYS LTD-NAIROBI,2026 March 04,2031 March 04
435,H2015/CTD2361/059,Gamalate solution,MG Glutamate Hbr /GABA +GABOB /Vit B6,Oral Solution,Spain,Foreign,Ferrer,PHILLIPS THERAPEUTICS LIMITED,2026 March 03,2031 March 03
436,H2011/17253/073/R1,Zidovudine Oral solution USP 50mg/5ml,Zidovudine,Oral Solution,India,Foreign,AUROBINDO PHARMA LIMITED,SIMBA PHARMACEUTICALS LTD,2026 March 03,2031 March 03
437,H2007/468/R1,Flamogrel 75mg Tablets,Clopidogrel Tablets USP 75,Tablet,India,Foreign,Harley's Limited,HARLEYS LTD-NAIROBI,2026 March 02,2031 March 02
438,H2020/CTD4244/880ER/R1,HOT 100,Sildenafil Citrate,Tablet,India,Foreign,National Pharmacy Ltd,NATIONAL PHARMACY LTD,2026 March 02,2031 March 02
439,H2010/15474/R1,Leflox 500 mg Tablets,Levofloxacin,Film-Coated Tablet,Pakistan,Foreign,Getz Pharma (Pvt) Limited,SKY HEALTHCARE LTD,2026 March 02,2031 March 02
440,H2006/549/R1,Water for Injection,Sterile Water for Injection,Injection,China,Foreign,UNITED  PHARMA (k) LIMITED,UNITED PHARMA (K) LTD,2026 March 02,2031 March 02
441,H2005/482/17133/R1,Keppra 250mg Tablets,Levetiracetam,Tablet,Belgium,Foreign,GlaxoSmithKline Pharmaceutical Kenya Limited,LABOREX KENYA LTD-MOMBASA ROAD,2026 June 29,2031 June 29
442,H2008/19221/738/R1,Co-Arinate FDC junior,Artesunate Sulfamethoxypyrazine Pyrimethamine,Tablet,Italy,Foreign,Dafra Pharma GmbH,ENERGIA PHARMA LIMITED,2026 June 29,2031 June 29
443,H2007/18094/174/R1,SONAMOJA ADVANCE CAPLETS,"Paracetamol 200mg, Aspirin 400mg & Caffeine 50mg…",Tablet,India,Foreign,Shalina Healthcare Kenya Ltd,SHALINA HEALTHCARE KENYA LIMITED,2026 June 29,2031 June 29
444,H2008/19120/737/R1,Co-Arinate FDC adult,Artesunate Sulfamethoxypyrazine Pyrimethamine,Tablet,Italy,Foreign,Dafra Pharma GmbH,ENERGIA PHARMA LIMITED,2026 June 29,2031 June 29
445,H2005/383/16732/R1,Hyan FC Tablets,Levonorgestrel Tablets,Tablet,India,Foreign,Mylan Laboratories Limited - Womens Health Care,SAI PHARMACEUTICALS LTD,2026 June 29,2031 June 29
446,H2005/14/R1,HEDEX Caplets,Paracetamol caffeine  aspirin,Tablet,Kenya,Local,Beta Healthcare International Limited,BETA HEALTHCARE INTERNATIONAL LTD,2026 June 29,2031 June 29
447,H2026/CTD12641/27170,ONAMOX-D  EYE DROPS,Moxifloxacin  and Dexamethasone Sodium Phosphate,Ophthalmic Solution,India,Foreign,Dawa Limited,DAWA LTD,2026 June 26,2031 June 26
448,H2026/CTD13177/26573,MOXIGLAX EYE/EAR DROPS,Moxifloxacin BP,"Ear/Eye Drops, Solution",India,Foreign,GALAXY PHARMACEUTICAL LTD,GALAXY PHARMACEUTICAL LIMITED,2026 June 26,2031 June 26
449,H2026/CTD12395/25839,KAVIDEZA DISTAB,"Abacavir, Dolutegravir, Lamivudine",Tablet,India,Foreign,Mylan Laboratories Limited,SURGILINKS LTD,2026 June 26,2031 June 26
450,H2026/CTD13144/28161,OLANTRIN 10,Olanzapine,Tablet,India,Foreign,NATIONAL PHARMACY LTD,NATIONAL PHARMACY LTD,2026 June 26,2031 June 26
451,H2026/CTD12989/27013,MIROGAB TABLETS 10MG,Mirogablin Besylate,Film-Coated Tablet,Pakistan,Foreign,HELIX PHARMA (PRIVATE) LIMITED,SURGILINKS LTD,2026 June 26,2031 June 26
452,H2026/CTD12990/25545,BRIVERA TABLET 100MG,BRIVARACETAM,Tablet,Pakistan,Foreign,Helix Pharma(Private)Limited,SURGILINKS LTD,2026 June 26,2031 June 26
453,H2026/CTD13177/26573,MOXIGLAX EYE/EAR DROPS,Moxifloxacin BP,"Ear/Eye Drops, Solution",India,Foreign,GALAXY PHARMACEUTICAL LTD,GALAXY PHARMACEUTICAL LIMITED,2026 June 26,2031 June 26
454,H2026/CTD12991/25543,BRIVERA TABLET 50MG,BRIVARACETAM,Tablet,Pakistan,Foreign,Helix Pharma(Private)Limited,SURGILINKS LTD,2026 June 26,2031 June 26
455,H2026/CTD12994/25540,BRIVERA INJECTION 50MG/5ML IV,BRIVARACETAM,Injection,Pakistan,Foreign,Helix Pharma(Private)Limited,SURGILINKS LTD,2026 June 26,2031 June 26
456,H2026/CTD13000/25542,BRIVERA TABLET 25MG,BRIVARACETAM,Tablet,Pakistan,Foreign,Helix Pharma(Private)Limited,SURGILINKS LTD,2026 June 26,2031 June 26
457,H2026/CTD12641/27170,ONAMOX-D  EYE DROPS,Moxifloxacin  and Dexamethasone Sodium Phosphate,Ophthalmic Solution,India,Foreign,Dawa Limited,DAWA LTD,2026 June 26,2031 June 26
458,H2026/CTD12395/25839,KAVIDEZA DISTAB,"Abacavir, Dolutegravir, Lamivudine",Tablet,India,Foreign,Mylan Laboratories Limited,SURGILINKS LTD,2026 June 26,2031 June 26
459,H2026/CTD12440/26031,AZAGLIN VM 10/100/1000,"Dapagliflozin, Vildagliptin and Metformin…",Film-Coated Tablet,India,Foreign,Emcure Pharmaceuticals Limited,LAZOR PHARMACEUTICALS LIMITED,2026 June 26,2031 June 26
460,H2026/CTD12175/25711,MOXIGLAX-D Eye/Ear Drops,Moxifloxacin Hydrochloride BP & Dexamethasone…,"Ear/Eye Drops, Solution",India,Foreign,GALAXY PHARMACEUTICAL LTD,GALAXY PHARMACEUTICAL LIMITED,2026 June 26,2031 June 26
461,H2026/CTD12175/25711,MOXIGLAX-D Eye/Ear Drops,Moxifloxacin Hydrochloride BP & Dexamethasone…,"Ear/Eye Drops, Solution",India,Foreign,GALAXY PHARMACEUTICAL LTD,GALAXY PHARMACEUTICAL LIMITED,2026 June 26,2031 June 26
462,H2026/CTD13206/28159,OLANTRIN 5,Olanzapine,Tablet,India,Foreign,NATIONAL PHARMACY LTD,NATIONAL PHARMACY LTD,2026 June 26,2031 June 26
463,H2026/CTD13329/28396,"Wegovy® 1.7 mg, 3 ml FlexTouch®",Semaglutide,Solution For Injection In Pre-Filled Pen,Denmark,Foreign,Novo Nordisk A/S,PHILLIPS THERAPEUTICS LIMITED,2026 June 26,2031 June 26
464,H2026/CTD13342/28780,LINAZA INJECTION,Linezolid Intravenous Infusion 300ml,Solution For Infusion,India,Foreign,NATIONAL PHARMACY LTD,NATIONAL PHARMACY LTD,2026 June 26,2031 June 26
465,H2026/CTD12176/25722,MOXIGLAX-KT Eye/Ear Drops,Moxifloxacin Hydrochloride BP & Ketorolac…,"Ear/Eye Drops, Solution",India,Foreign,GALAXY PHARMACEUTICAL LTD,GALAXY PHARMACEUTICAL LIMITED,2026 June 26,2031 June 26
466,H2026/CTD13328/28405,"Wegovy® 2.4mg, 3ml FlexTouch®",Semaglutide,Solution For Injection In Pre-Filled Pen,Denmark,Foreign,Novo Nordisk A/S,PHILLIPS THERAPEUTICS LIMITED,2026 June 26,2031 June 26
467,H2026/CTD13326/28391,"Wegovy® 0.5 mg, 3 ml FlexTouch®",Semaglutide,Solution For Injection In Pre-Filled Pen,Denmark,Foreign,Novo Nordisk A/S,PHILLIPS THERAPEUTICS LIMITED,2026 June 26,2031 June 26
468,H2019/CTD5410/1324ER/R1,HELICOS KIT,Each daily strip contains: Amoxicillin Tablets…,Tablet and Capsule,India,Foreign,COSMOS LIMITED,COSMOS LIMITED,2026 June 24,2031 June 24
469,H2009/12030/R1,Exocin,Ofloxacin,Eye Drops,Ireland,Foreign,Allergan Pharmaceuticals (Pty) Ltd,HARLEYS LTD-NAIROBI,2026 June 22,2031 June 22
470,H2008/18589/174/R1,KALUMA STRONG CAPLETS,"Paracetamol 200mg, Aspirin 400mg & Caffeine 50mg…",Tablet,India,Foreign,Shalina Healthcare Kenya Limited,SHALINA HEALTHCARE KENYA LIMITED,2026 June 22,2031 June 22
471,H2009/19419/001/R1,AGILEVO  500,Levofloxacin Tablets USP 500mg,Tablet,India,Foreign,AGIO PHARMACEUTICALS LTD,PHILLIPS HEALTHCARE SERVICES LTD,2026 June 22,2031 June 22
472,H2009/12030/R1,Exocin,Ofloxacin,Eye Drops,Ireland,Foreign,Allergan Pharmaceuticals (Pty) Ltd,HARLEYS LTD-NAIROBI,2026 June 22,2031 June 22
473,H2010/21951/504/R1,Cardoz-25.,Carvedilol 25mg,Tablet,India,Foreign,Ipca Laboratories Limited,SAI PHARMACEUTICALS LTD,2026 June 22,2031 June 22
474,H2016/CTD4142/857/R1,BIVALENT POLIOMYELITIS VACCINE,Monovalent Bulk of poliomyelitis Vaccine…,Oral Solution,India,Foreign,Serum Instititute of India Pvt. Ltd.,SAI PHARMACEUTICALS LTD,2026 June 22,2031 June 22
475,H2009/20532/294/R1,Zerodol CR,Aceclofenac .,Tablet,India,Foreign,Ipca Laboratories Limited,SAI PHARMACEUTICALS LTD,2026 June 22,2031 June 22
476,H2008/19666/602/R1,Epilim Chrono 300mg tablet,Sodium valproate + Valproic acid,Tablet,France,Foreign,sanofi-aventis Kenya,RESSOURCETHICA KENYA LTD,2026 June 22,2031 June 22
477,H2014/CTD664/221/R1,BETASOL CREAM,Clobetasol Propionate USP,Cream,India,Foreign,Shalina Healthcare DMCC,SHALINA HEALTHCARE KENYA LIMITED,2026 June 15,2031 June 15
478,H2026/CTD9766/20771,GESTAGLEN 400,Progesterone,"Capsule, Soft",India,Foreign,Glenmark Pharmaceuticals Ltd,GLENMARK PHARMACEUTICALS (K) LTD,2026 June 15,2031 June 15
479,H2026/CTD13160/21076,EPIBALIN M 75,PREGABALIN AND METHYLCOBALAMIN,Capsule,India,Foreign,MSN Laboratories Private Limited.,SIMBA PHARMACEUTICALS LTD,2026 June 12,2031 June 12
480,H2026/CTD12725/26893,Mitar 10mg tablets,Mirogabalin besylate,Film-Coated Tablet,India,Foreign,DAWA LIMITED,DAWA LTD,2026 June 12,2031 June 12
481,H2026/CTD12727/26841,Mitar 5mg tablet,Mirogabalin,Film-Coated Tablet,India,Foreign,Dawa Limited,DAWA LTD,2026 June 12,2031 June 12
482,H2026/CTD12726/27007,MITAR 2.5MG TABLET,Mirogabalin Besylate,Film-Coated Tablet,India,Foreign,Dawa Limited,DAWA LTD,2026 June 12,2031 June 12
483,H2026/CTD12725/26893,Mitar 10mg tablets,Mirogabalin besylate,Film-Coated Tablet,India,Foreign,DAWA LIMITED,DAWA LTD,2026 June 12,2031 June 12
484,H2026/CTD11576/25234,SITAGOOD 50,Sitagliptin Phosphate Monohydrate,Tablet,Kenya,Local,ZAIN PHARMA LIMITED,ZAIN PHARMA LIMITED,2026 June 12,2031 June 12
485,H2026/CTD11797/25976,FIX 400,Cefixime Tablets USP 400 mg,Tablet,India,Foreign,Zike Corporation Limited,ZIKE CORPORATION LTD,2026 June 12,2031 June 12
486,H2026/CTD12684/25786,AVFLU 150,Fluconazole,Hard Gelatin Capsules,Kenya,Local,ZAIN PHARMA LIMITED,ZAIN PHARMA LIMITED,2026 June 12,2031 June 12
487,H2026/CTD11881/25354,ATENGOOD 50 AM,Atenolol & Amlodipine,Tablet,Kenya,Local,ZAIN PHARMA LIMITED,ZAIN PHARMA LIMITED,2026 June 12,2031 June 12
488,H2026/CTD13160/21076,EPIBALIN M 75,PREGABALIN AND METHYLCOBALAMIN,Capsule,India,Foreign,MSN Laboratories Private Limited.,SIMBA PHARMACEUTICALS LTD,2026 June 12,2031 June 12
489,H2002/113/13999/R1,Antithyrox,Carbimazole Tablets BP 5 mg,Tablet,India,Foreign,Macleods Pharmaceuticals Limited,SAI PHARMACEUTICALS LTD,2026 June 12,2031 June 12
490,H2026/CTD10260/23042,GLIFEMPA-LIN XR,"Empagliflozin, Linagliptin and Metformin…",Film-Coated Tablet,India,Foreign,GALAXY PHARMACEUTICAL LIMITED,GALAXY PHARMACEUTICAL LIMITED,2026 June 11,2031 June 11
491,H2026/CTD10260/23042,GLIFEMPA-LIN XR,"Empagliflozin, Linagliptin and Metformin…",Film-Coated Tablet,India,Foreign,GALAXY PHARMACEUTICAL LIMITED,GALAXY PHARMACEUTICAL LIMITED,2026 June 11,2031 June 11
492,H2026/CTD12233/26737,GLIFEMPA LIN 25/5,Empagliflozin and Linagliptin,Film-Coated Tablet,India,Foreign,GALAXY PHARMACEUTICAL LTD,GALAXY PHARMACEUTICAL LIMITED,2026 June 11,2031 June 11
493,H2026/CTD10087/22898,GLIFEMPA LIN,Empagliflozin & Linagliptin,Film-Coated Tablet,India,Foreign,GALAXY PHARMACEUTICAL LTD.,GALAXY PHARMACEUTICAL LIMITED,2026 June 11,2031 June 11
494,H2026/CTD11093/23041,Vabysmo 6mg / 0.05ml solution for  injection.,Faricimab,Solution For Injection,Switzerland,Foreign,F. Hoffmann-La Roche Ltd,ROCHE KENYA LIMITED,2026 June 07,2031 June 07
495,H2026/CTD10167/22609,ABACAVIR AND LAMIVUDINE  TABLETS USP 600MG/300MG,Abacavir sulfate and Lamivudine,Film-Coated Tablet,India,Foreign,LAURUS LABS LIMITED,DAWA LTD,2026 June 07,2031 June 07
496,H2007/18521/R1,Rifampicin 150/ Isoniazid 75 Tablets,Rifampicin 150/ Isoniazid 75 Tablets,Orodispersible Tablet,India,Foreign,SVIZERA LABS PRIVATE LIMITED,REDDYS PHARMA LTD,2026 June 07,2031 June 07
497,H2007/18520/R1,Rifampicin 150/ Pyrazinamide 400/ Isoniazid 75/…,Rifampicin 150/ Pyrazinamide 400/ Isoniazid 75/…,Tablet,India,Foreign,Svizera Labs pvt Ltd,REDDYS PHARMA LTD,2026 June 07,2031 June 07
498,H2026/CTD8405/16769,AGIFER-X Capsules,Iron (III) Hydroxide Polymaltose Complex and…,"Capsule, Hard",India,Foreign,Agio Pharmaceuticals Limited,PHILLIPS HEALTHCARE SERVICES LTD,2026 June 05,2031 June 05
499,H2026/CTD8404/16817,AGIFER-X SYRUP,Iron (III) hydroxide polymaltose complex,Syrup,India,Foreign,Agio Pharmaceticals Limited,PHILLIPS HEALTHCARE SERVICES LTD,2026 June 05,2031 June 05
500,H2026/CTD12881/27580,BLOATEX 10MG FILM COATED TABLETS,Vonoprazan Fumarate,Film-Coated Tablet,Kenya,Local,COSMOS LIMITED,COSMOS LIMITED,2026 June 02,2031 June 02
501,H2026/CTD11742/24074,Erleada Tablet,apalutamide,Tablet,Italy,Foreign,Janssen Cilag International NV,JOHNSON & JOHNSON MIDDLE EAST FZ LLC,2026 June 02,2031 June 02
502,H2026/CTD12882/27591,BLOATEX 20MG FILM COATED TABLETS,Vonoprazan Fumarate,Film-Coated Tablet,Kenya,Local,COSMOS LIMITED,COSMOS LIMITED,2026 June 02,2031 June 02
503,H2026/CTD8905/15496,Ondansetron Orodispersible Tablets 4 mg,Ondansetron,Orodispersible Tablet,India,Foreign,CIPLA LIMITED,IMPERIAL MANAGED SOLUTIONS EAST AFRICA LTD-…,2026 June 02,2031 June 02
504,H2026/CTD12418/25118,Empapride-25,Empagliflozin  25mg,Tablet,India,Foreign,"Micro Labs Limited, India",MICRO LABS (EA) LTD,2026 June 02,2031 June 02
505,H2026/CTD9226/17339,ALUKON® 10,Montelukast sodium,Film-Coated Tablet,Turkey,Foreign,Dafra Pharma GmbH,ENERGIA PHARMA LIMITED,2026 June 02,2031 June 02
506,H2026/CTD8906/15504,Ondansetron Orodispersible Tablets 8 mg,Ondansetron,Orodispersible Tablet,India,Foreign,CIPLA LIMITED,IMPERIAL MANAGED SOLUTIONS EAST AFRICA LTD-…,2026 June 02,2031 June 02
507,H2026/CTD9228/17337,ALUKON® 4,Montelukast sodium,Granules,Turkey,Foreign,Dafra Pharma GmbH,ENERGIA PHARMA LIMITED,2026 June 02,2031 June 02
508,H2026/CTD12507/25751,BELIEVE 2.5,Bilastine,Oral Solution,India,Foreign,ALKEM LABORATORIES LTD.,PHARMACOR LTD,2026 June 02,2031 June 02
509,H2026/CTD9227/17338,ALUKON® 5,Montelukast sodium,Chewable Tablet,Turkey,Foreign,Dafra Pharma GmbH,ENERGIA PHARMA LIMITED,2026 June 02,2031 June 02
510,H2010/24370/306/R1,MENOZIP INJECTION,TRANEXAMIC ACID,Injection,India,Foreign,NATIONAL PHARMACY LTD,NATIONAL PHARMACY LTD,2026 June 02,2031 June 02
511,H2010/24370/306/R1,MENOZIP INJECTION,TRANEXAMIC ACID,Injection,India,Foreign,NATIONAL PHARMACY LTD,NATIONAL PHARMACY LTD,2026 June 02,2031 June 02
512,H2006/17609/546/R1,SONADOL EXTRA CAPLET,Paracetamol BP Caffeine Anhydrous BP,Tablet,India,Foreign,SHALINA HEALTHCARE KENYA LIMITED,SHALINA HEALTHCARE KENYA LIMITED,2026 July 30,2031 July 30
513,H2007/17518/551/R1,SONADOL CAPLETS,Paracetamol  Tablets BP,Tablet,India,Foreign,Shalina Healthcare Kenya Limited,SHALINA HEALTHCARE KENYA LIMITED,2026 July 30,2031 July 30
514,H2005/273/R1,MABTHERA 500,RITUXIMAB,Concentrate For Solution For Infusion,Switzerland,Foreign,F. HOFFMAN-LA ROCHE LTD,ROCHE KENYA LIMITED,2026 July 29,2031 July 29
515,H2026/CTD14083/30159,Ozempic®  2 mg solution for injection in…,Semaglutide,Solution For Injection In Pre-Filled Pen,Denmark,Foreign,Novo Nordisk A/S,PHILLIPS THERAPEUTICS LIMITED,2026 July 28,2031 July 28
516,H2026/CTD12923/27368,Salonpas Pain Relief Patch,"Methyl Salicylate 10% , l-menthol 3%",Transdermal Patch,Japan,Foreign,"HISAMITSU PHARMACEUTICAL CO.,INC",SAI PHARMACEUTICALS LTD,2026 July 28,2031 July 28
517,H2026/CTD12771/27370,Salonpas,"Methyl Salicylate, L-menthol, Tocopherol Acetate,…",Transdermal Patch,Japan,Foreign,HISAMITSU PHARMACEUTICAL CO. INC.,SAI PHARMACEUTICALS LTD,2026 July 28,2031 July 28
518,H2026/CTD13175/26730,MenQuadfi,-	N. meningitidis Polysaccharide Tetanus Toxoid…,Solution For Injection,United States,Foreign,Sanofi Pasteur inc,RESSOURCETHICA KENYA LTD,2026 July 28,2031 July 28
519,H2026/CTD10815/21651,ROTAVAC 5D,ROTAVIRUS 116E BULK,"Oral Drops, Liquid",India,Foreign,BHARAT BIOTECH INTERNATIONAL LIMITED,PHILLIPS THERAPEUTICS LIMITED,2026 July 28,2031 July 28
520,H2015/CTD4020/553/R1,BEVAC,Hepatitis B Purified bulk,Suspension For Injection,India,Foreign,BIOLOGICAL E. LIMITED,GALAXY PHARMACEUTICAL LIMITED,2026 July 24,2031 July 24
521,H2005/12312/R1,Viagra 100mg,Sildenafil citrate,Tablet,United States,Foreign,"Mylan Laboratories Limited, Kenya.",MYLAN LABORATORIES LIMITED KENYA,2026 July 22,2031 July 22
522,H2006/206/R1,PHARMASAL OINTMENT,"Methyl Salicylate, Methyl Nicotinate, and…",Ointment,India,Foreign,SHALINA HEALTHCARE KENYA LIMITED,SHALINA HEALTHCARE KENYA LIMITED,2026 July 22,2031 July 22
523,H2026/CTD12837/27491,LINGLU,Linagliptin,Tablet,India,Foreign,HETERO LABS LIMITED,MEDSCRIBE LIMITED,2026 July 22,2031 July 22
524,H2026/CTD11849/25610,COLOTOSS SOLUTION,"Sodium Sulfate Anhydrous, Potassium Sulfate &…",Oral Solution,India,Foreign,GALAXY PHARMACEUTICAL LTD,GALAXY PHARMACEUTICAL LIMITED,2026 July 22,2031 July 22
525,H2026/CTD13165/27916,VONOGLAX 20,Vonoprazan Fumarate,Film-Coated Tablet,India,Foreign,GALAXY PHARMACEUTICAL LTD,GALAXY PHARMACEUTICAL LIMITED,2026 July 22,2031 July 22
526,H2026/CTD10086/22676,ESOGLAX-20,Esomeprazole Magnesium Trihydrate,Film-Coated Tablet,India,Foreign,GALAXY PHARMACEUTICAL LIMITED,GALAXY PHARMACEUTICAL LIMITED,2026 July 22,2031 July 22
527,H2026/CTD12370/25862,PLATERO (Macitentan Tablets 10 mg),Macitentan,Film-Coated Tablet,India,Foreign,Hetero Labs Limited,UNISEL LTD,2026 July 18,2031 July 18
528,H2026/CTD13197/26053,Stelara 130mg concentrate for solution for…,ustekinumab,Concentrate For Solution For Infusion,Switzerland,Foreign,Janssen Cilag International NV,JOHNSON & JOHNSON MIDDLE EAST FZ LLC,2026 July 18,2031 July 18
529,H2026/CTD11970/25828,ESOVIN,Esomeprazole Magnesium Trihydrate,Tablet,India,Foreign,VINCARE CONSULTING LIMITED,VINCARE CONSULTING LTD,2026 July 18,2031 July 18
530,H2026/CTD13196/26051,Stelara 45mg solution for injection in pre-filled…,ustekinumab,Solution For Injection In Pre-Filled Syringe,Switzerland,Foreign,Janssen Cilag International NV,JOHNSON & JOHNSON MIDDLE EAST FZ LLC,2026 July 18,2031 July 18
531,H2019/CTD7448/14623/R1,DARUNAVIR TABLETS 400MG,Darunavir,Film-Coated Tablet,India,Foreign,LAURUS LABS LIMITED,DAWA LTD,2026 July 16,2031 July 16
532,H2015/CTD2494/494/R1,Zinnia F,Levonorgestrel and Ethinylestradiol Tablets and…,Tablet,India,Foreign,Mylan Laboratories Limited- Women’s Health Care,SAI PHARMACEUTICALS LTD,2026 July 16,2031 July 16
533,H2008/19423/459/R1,MICOSON 2% CREAM,Miconazole Nitrate Cream USP,Cream,India,Foreign,Agio Pharmaceuticals Ltd.,PHILLIPS HEALTHCARE SERVICES LTD,2026 July 16,2031 July 16
534,H2017/CTD3905/217/R1,VERMOR-10 INJECTION,Morphine Sulphate BP,Solution For Injection,India,Foreign,M/S Verve Human Care Laboratories,GENERICS AFRICA LTD,2026 July 16,2031 July 16
535,H2016/CTD3207/903/R1,"BUPIVER-H (Bupivacaine Heavy Injection BP,…",Bupivacaine HCl BP,Solution For Injection,India,Foreign,M/S Verve Human Care Laboratories,GENERICS AFRICA LTD,2026 July 16,2031 July 16
536,H2003/15018/185/R1,Xyzal Tablets,Levocetirizine,Tablet,Italy,Foreign,GlaxoSmithKline Pharmaceutical Kenya Limited,LABOREX KENYA LTD-MOMBASA ROAD,2026 July 14,2031 July 14
537,H2018/6266/369ER/R1,LOCAM - MR,Lornoxicam and Thiocholchicoside,Tablet,India,Foreign,Laso Healthcare pvt ltd.,SIMBA PHARMACEUTICALS LTD,2026 July 14,2031 July 14
538,H2002/041/R1,FRAMYDEX EYE/EAR DROPS,FRAMYCETIN + DEXAMETHASONE PHOSPHATE + GRAMICIDIN,"Ear/Eye Drops, Solution",Pakistan,Foreign,Globe Pharmacy Limited,GLOBE PHARMACY LTD,2026 July 14,2031 July 14
539,H2011/20546/167/R1,Phylline 25 mg Injection,Aminophynine Injection BP,Solution For Injection,India,Foreign,Syner-Med Pharmaceuticals (K) Ltd,SYNER-MED PHARMACEUTICALS (K)LTD,2026 July 14,2031 July 14
540,H2009/20681/319/R1,ACTEMRA 80MG,TOCILIZUMAB,Solution For Infusion,Switzerland,Foreign,F. HOFFMAN-LA ROCHE LTD,ROCHE KENYA LIMITED,2026 July 14,2031 July 14
541,H2018/4645/370ER/R1,Lumigan 0.01%,Bimatoprost,"Eye Drops, Solution",United States,Foreign,Allergan Pharmaceuticals (Pty) Ltd,HARLEYS LTD-NAIROBI,2026 July 14,2031 July 14
542,H2003/063/R1,Tobradex Eye Ointment,Tobramycin  Dexamethasone,Eye Ointment,Belgium,Foreign,Novartis Pharma AG,NVS KENYA LTD,2026 July 14,2031 July 14
543,H2011/CTD047/115/R1,DIAPRIDE PLUS,Glimepiride/ Metformin,Tablet,India,Foreign,Micro Labs Ltd,MICRO LABS (EA) LTD,2026 July 14,2031 July 14
544,H1996/7383/R1,Candid -V Gel,Clotrimazole USP,Gel,India,Foreign,Glenmark Pharmaceuticals Limited,GLENMARK PHARMACEUTICALS (K) LTD,2026 July 14,2031 July 14
545,H2014/CTD1398/072/R1,HIDRASEC CHILDREN 30 mg,Racecadotril,Granules For Oral Suspension,France,Foreign,Abbott Laboratories S.A. (Pty) Ltd,IMPERIAL MANAGED SOLUTIONS EAST AFRICA LTD-…,2026 July 14,2031 July 14
546,H2017/CTD4096/058/R1,Valsartan 80mg,Valsartan 80mg,Film-Coated Tablet,Spain,Foreign,Novartis Pharma Services Inc,NVS KENYA LTD,2026 July 14,2031 July 14
547,H2005/127/R1,Co-Diovan Tablets 160/12.5mg,Valsartan+Hydrochlorothiazide,Coated Tablet,Switzerland,Foreign,Novartis Pharma Services Inc,NVS KENYA LTD,2026 July 14,2031 July 14
548,H2017/5768/5769/R1,Candid V6 Combi Pack,Clotrimazole USP,Tablet,India,Foreign,Glenmark Pharmaceuticals Limited,GLENMARK PHARMACEUTICALS (K) LTD,2026 July 14,2031 July 14
549,H2016/CTD3336/417/R1,D-ARTEPP DISPERSIBLE 20MG/160MG,DIHYDROARTEMISININ & PIPERAQUINE PHOSPHATE,Dispersible Tablet,China,Foreign,GUILIN PHARMACEUTICALS CO. LIMITED,TRIDEM PHARMA KENYA LTD,2026 July 14,2031 July 14
550,H2016/CTD3204/195/R1,FLUCILLIN 500,Flucloxacillin Sodium BP,Capsule,India,Foreign,Theon Pharmaceuticals Ltd,SYNER-MED PHARMACEUTICALS (K)LTD,2026 July 14,2031 July 14
551,H2016/CTD3199/094/R1,SEREMAX-75 SR,Pregabalin,Hard Gelatin Capsules,India,Foreign,Theon Pharmaceuticals Ltd,SYNER-MED PHARMACEUTICALS (K)LTD,2026 July 14,2031 July 14
552,H2005/402/R1,Xyzal Oral Solution,Levocetirizine,Oral Solution,Italy,Foreign,GlaxoSmithKline Pharmaceutical Kenya Limited,LABOREX KENYA LTD-MOMBASA ROAD,2026 July 14,2031 July 14
553,H2016/CTD1461/597/R1,Bicatero-50,Bicalutamide (Form-H1),Tablet,India,Foreign,Hetero labs ltd,UNISEL LTD,2026 July 14,2031 July 14
554,H2015/CTD2827/542/R1,MELMET 500 SR,Metformin Hydrochloride,Tablet,India,Foreign,"Micro Labs Limited, India",MICRO LABS (EA) LTD,2026 July 14,2031 July 14
555,H2017/CTD4447/R1,SAFLOXA 500,Levofloxacin Hemihydrate USP,Tablet,India,Foreign,KRISHNA CHEMISTS LTD,KRISHNA CHEMISTS LTD,2026 July 14,2031 July 14
556,H2020/CTD6277/1635ER/R1,Glandin E2 Gel 2mg,Dinoprostone,Gel,Pakistan,Foreign,NABIQASIM INDUSTRIES (PVT.) LTD.,HARLEYS LTD-NAIROBI,2026 July 14,2031 July 14
557,H2014/CTD2128/505/R1,Revoke 72,Levonorgestrel 750 mcg Tablets,Tablet,India,Foreign,Mylan Laboratories Limited- Women’s Health Care,SAI PHARMACEUTICALS LTD,2026 July 14,2031 July 14
558,H2011/CTD053/356/R1,Menactra (Meningococcal (Groups A C Y and W-135)…,Neisseria meningitidis serogroup A C Y and W-135…,Solution For Injection,United States,Foreign,Sanofi Pasteur S.A.,RESSOURCETHICA KENYA LTD,2026 July 14,2031 July 14
559,H2014/CTD1397/071/R1,HIDRASEC INFANTS 10 mg,Racecadotril,Granules For Oral Suspension,France,Foreign,Abbott Laboratories S.A. (Pty) Ltd,IMPERIAL MANAGED SOLUTIONS EAST AFRICA LTD-…,2026 July 14,2031 July 14
560,H2014/CTD1289/254/R1,GEMTERO 200 MG,Gemcitabine Hydrochloride,Powder For Solution For Injection/Infusion,India,Foreign,Hetero Labs Ltd,UNISEL LTD,2026 July 14,2031 July 14
561,H2014/CTD1052/019/R1,Visanne 2 mg tablets,Dienogest,Tablet,Germany,Foreign,Bayer Pharma AG,BAYER EAST AFRICA LTD,2026 July 14,2031 July 14
562,H2019/CTD5182/1062ER/R1,DERISE 25,Darbepoetin Alfa,Solution For Injection,India,Foreign,Hetero Biopharma Limited,UNISEL LTD,2026 July 14,2031 July 14
563,H2003/15018/185/R1,Xyzal Tablets,Levocetirizine,Tablet,Italy,Foreign,GlaxoSmithKline Pharmaceutical Kenya Limited,LABOREX KENYA LTD-MOMBASA ROAD,2026 July 14,2031 July 14
564,H2013/CTD1158/201/R1,Drez-V Gel,Miconazole Nitrate and Metronidazole Gel,Vaginal Gel,India,Foreign,M/s. Stedman Pharmaceuticals Private Limited,SIMBA PHARMACEUTICALS LTD,2026 July 14,2031 July 14
565,H2012/CTD575/399/R1,Treviamet 50 mg + 1000 mg Tablets,Sitagliptin + Metformin HCl,Film-Coated Tablet,Pakistan,Foreign,Getz Pharma (Pvt) Limited,HARLEYS LTD-NAIROBI,2026 July 14,2031 July 14
566,H2012/CTD499/240/R1,ARIPITAS-30mg,Aripiprazole,Tablet,India,Foreign,Intas Pharmaceuticals Ltd,ACCORD HEALTHCARE (K) LTD,2026 July 14,2031 July 14
567,H1989/5769/R1,Candid Cream,Clotrimazole,Cream,India,Foreign,Glenmark Pharmaceuticals Limited,GLENMARK PHARMACEUTICALS (K) LTD,2026 July 14,2031 July 14
568,H1990/5792/R1,CANDID MOUTH PAINT,Clotrimazole 1%,Mouthwash,India,Foreign,Glenmark Pharmaceuticals Limited,GLENMARK PHARMACEUTICALS (K) LTD,2026 July 14,2031 July 14
569,H2011/CTD231/370/R1,Lamivudine and Zidovudine USP 150 mg/300 mg,Lamivudine and Zidovudine,Film-Coated Tablet,India,Foreign,Hetero Labs Limited,UNISEL LTD,2026 July 14,2031 July 14
570,H2018/CTD4601/411ER/R1,MYLOVASC 2.5MG TABLETS,S-AMLODIPINE BESILATE,Tablet,India,Foreign,PRISMA PHARMA FZE,WESSEX PHARMACEUTICALS LTD,2026 July 14,2031 July 14
571,H2018/6266/369ER/R1,LOCAM - MR,Lornoxicam and Thiocholchicoside,Tablet,India,Foreign,Laso Healthcare pvt ltd.,SIMBA PHARMACEUTICALS LTD,2026 July 14,2031 July 14
572,H2002/041/R1,FRAMYDEX EYE/EAR DROPS,FRAMYCETIN + DEXAMETHASONE PHOSPHATE + GRAMICIDIN,"Ear/Eye Drops, Solution",Pakistan,Foreign,Globe Pharmacy Limited,GLOBE PHARMACY LTD,2026 July 14,2031 July 14
573,H2009/20681/319/R1,ACTEMRA 80MG,TOCILIZUMAB,Solution For Infusion,Switzerland,Foreign,F. HOFFMAN-LA ROCHE LTD,ROCHE KENYA LIMITED,2026 July 14,2031 July 14
574,H2009/20683/318/R1,ACTEMRA 400MG,TOCILIZUMAB,Solution For Infusion,Switzerland,Foreign,F. HOFFMAN-LA ROCHE LTD,ROCHE KENYA LIMITED,2026 July 14,2031 July 14
575,H2008/15477/R1,Clindacin Capsules 300mg,Clindamycin Hydrochloride BP,Capsule,Kenya,Local,Harley's Limited,HARLEYS LTD-NAIROBI,2026 July 14,2031 July 14
576,H2018/CTD4562/301ER/R1,COLOPREP BOWEL PREPARATION KIT (ORANGE / LEMON),"ANHYDROUS SODIUM SULPHATE USP, POTASSIUM SULPHATE…",Oral Solution,India,Foreign,PRISMA PHARMA FZE,WESSEX PHARMACEUTICALS LTD,2026 July 14,2031 July 14
577,H2026/CTD13195/26052,Stelara 90mg solution for injection in pre-filled…,ustekinumab,Solution For Injection In Pre-Filled Syringe,Switzerland,Foreign,Janssen Cilag International NV,JOHNSON & JOHNSON MIDDLE EAST FZ LLC,2026 July 14,2031 July 14
578,H2026/CTD12762/27414,AVQUIN 300,QUININE SULPHATE TABLETS BP 300 MG,Tablet,Kenya,Local,ZAIN PHARMA LIMITED,ZAIN PHARMA LIMITED,2026 July 13,2031 July 13
579,H2026/CTD12698/25510,AVDOXI 100,Doxycycline,Hard Gelatin Capsules,Kenya,Local,ZAIN PHARMA LIMITED,ZAIN PHARMA LIMITED,2026 July 13,2031 July 13
580,H2026/CTD12045/26280,SOLUGOOD,Methylprednisolone Sodium Succinate for Injection…,Injection,India,Foreign,GOODMED HEALTHCARE LIMITED,GOODMED HEALTHCARE LIMITED,2026 July 13,2031 July 13
581,H2026/CTD12545/25384,ONCINE-500,Ciprofloxacin,Tablet,Kenya,Local,ZAIN PHARMA LIMITED,ZAIN PHARMA LIMITED,2026 July 13,2031 July 13
582,H2026/CTD12788/27175,TRIOFEN 400,Ibuprofen,Tablet,Kenya,Local,ZAIN PHARMA LIMITED,ZAIN PHARMA LIMITED,2026 July 13,2031 July 13
583,H2026/CTD12444/27124,VASATRIL-50,Valsartan and Sacubitril Sodium,Film-Coated Tablet,India,Foreign,GALAXY PHARMACEUTICAL LTD,GALAXY PHARMACEUTICAL LIMITED,2026 July 13,2031 July 13
584,H2026/CTD12442/27152,VASATRIL-200,Valsartan and Sacubitril Sodium,Film-Coated Tablet,India,Foreign,GALAXY PHARMACEUTICAL LTD,GALAXY PHARMACEUTICAL LIMITED,2026 July 13,2031 July 13
585,H2026/CTD12441/27128,VASATRIL-100,Valsartan and Sacubitril Sodium (Sacubitril…,Film-Coated Tablet,India,Foreign,GALAXY PHARMACEUTICAL LTD,GALAXY PHARMACEUTICAL LIMITED,2026 July 13,2031 July 13
586,H2026/CTD12439/26020,AZAGLIN VM 5/100/500,"Dapagliflozin 5 mg, Vildagliptin SR 100 mg &…",Film-Coated Tablet,India,Foreign,EMCURE PHARMACEUTICALS LTD.,LAZOR PHARMACEUTICALS LIMITED,2026 July 13,2031 July 13
587,H2026/CTD12877/26640,EMPAFLO TRIO XR 25/5/1000MG TABLETS,"Empagliflozin, Linagliptin and Metformin…",Film-Coated Tablet,India,Foreign,DAWA LIMITED,DAWA LTD,2026 July 13,2031 July 13
588,H2026/CTD12846/26951,TINIZEN 500,Tinidazole,Tablet,Kenya,Local,ZAIN PHARMA LIMITED,ZAIN PHARMA LIMITED,2026 July 13,2031 July 13
589,H2026/CTD12992/27012,MIROGAB TABLETS 5MG,Mirogablin Besylate,Film-Coated Tablet,Pakistan,Foreign,HELIX PHARMA (PRIVATE) LIMITED,SURGILINKS LTD,2026 July 13,2031 July 13
590,H2026/CTD8029/15198,POWERCORT Ointment,Clobetasol Propionate Ointment,Ointment,India,Foreign,Glenmark Pharmaceuticals Limited,GLENMARK PHARMACEUTICALS (K) LTD,2026 July 13,2031 July 13
591,H2026/CTD12952/26635,EMPAFLO TRIO XR 10/5/1000MG TABLETS,"Empagliflozin, Linagliptin and Metformin…",Film-Coated Tablet,India,Foreign,DAWA LIMITED,DAWA LTD,2026 July 13,2031 July 13
592,H2005/15688/R1,Crestor 20 mg Tablets,Rosuvastatin calcium,Film-Coated Tablet,Puerto Rico,Foreign,AstraZeneca UK Limited,ASTRAZENECA PHARMACEUTICALS LIMITED,2026 July 13,2031 July 13
593,H2018/CTD5252/33/R1,XARTAN 50 TABLETS,Losartan potassium BP,Tablet,India,Foreign,CROWN  HEALTHCARE,CROWN  HEALTHCARE,2026 July 13,2031 July 13
594,H2010/22090/421/R1,CONTUS 650 Tablets,Chlorphenamine 2MG Phenylephrine 5MG and…,Tablet,India,Foreign,M/s. Stedman Pharmaceuticals Private Limited,SIMBA PHARMACEUTICALS LTD,2026 July 13,2031 July 13
595,H2005/150/15967/R1,Myfortic Tablets 180mg,Mycophenolate sodium,Gastro-Resistant Tablet,Switzerland,Foreign,Novartis,NVS KENYA LTD,2026 July 13,2031 July 13
596,H2009/20377/R1,ANFLOX 750 TABLETS,Levofloxacin Tablets 750 mg,Tablet,Kenya,Foreign,PROMED PHARMACEUTICALS LIMITED,PRO MED PHARMACEUTICALS  LTD,2026 July 13,2031 July 13
597,H2005/456/16903/R1,ERSOTIN 10,Ebastine,Tablet,India,Foreign,Micro Labs Ltd,MICRO LABS (EA) LTD,2026 July 13,2031 July 13
598,H2011/21566/399/R1,Clotrine-500,Clotrimazole USP,Vaginal Tablet,Kenya,Local,Universal Corporation Limited,UNIVERSAL CORPORATION LTD,2026 July 13,2031 July 13
599,H2005/227/16124/R1,Myfortic tablets 360mg,Mycophenolate sodium,Gastro-Resistant Tablet,Switzerland,Foreign,Novartis,NVS KENYA LTD,2026 July 13,2031 July 13
600,H1992/089/7724/R1,Sandimmun Neoral  Capsule soft 50mg,Ciclosporin,"Capsule, Soft",Germany,Foreign,NVS Kenya Limited,NVS KENYA LTD,2026 July 13,2031 July 13
601,H2009/20171/253/R1,ANGIZAAR,Losartan,Tablet,India,Foreign,Micro Labs Ltd,MICRO LABS (EA) LTD,2026 July 13,2031 July 13
602,H2004/211/R1,QUTIPIN 100 TABLETS,Quetiapine fumarate,Tablet,India,Foreign,Sun Pharmaceutical Industries Limited,SUN PHARMA EAST AFRICA LTD,2026 July 13,2031 July 13
603,H2007/12435/R1,Betaloc Zok 50 mg Tablets,Metoprolol succinate,Prolonged-Release Tablet,Sweden,Foreign,AstraZeneca UK Limited,ASTRAZENECA PHARMACEUTICALS LIMITED,2026 July 13,2031 July 13
604,H2017/CT4105/007/R1,Unibrom,Bromfenac Ophthalmic Solution 0.09% w/v,Eye Drops,India,Foreign,Ajanta Pharma Limited,HARLEYS LTD-NAIROBI,2026 July 13,2031 July 13
605,H1998/263/12450/R1,Arimidex 1 mg Tablets,Anastrazole,Film-Coated Tablet,United States,Foreign,AstraZeneca UK Limited,ASTRAZENECA PHARMACEUTICALS LIMITED,2026 July 13,2031 July 13
606,H2002/008/R1,ZOSERT 50MG TABLETS,Sertraline hydrochloride,Tablet,India,Foreign,Sun Pharmaceutical Industries Limited,SUN PHARMA EAST AFRICA LTD,2026 July 13,2031 July 13
607,H2009/19573/159/R1,DE-SPAS Tablets,Dicyclomine Hydrochloride and Paracetamol Tablets,Tablet,India,Foreign,M/s. Stedman Pharmaceuticals Private Limited,SIMBA PHARMACEUTICALS LTD,2026 July 13,2031 July 13
608,H2008/14598/R1,Betaloc Zok 25 mg Tablets,Metoprolol succinate,Tablet,Sweden,Foreign,AstraZeneca UK Limited,ASTRAZENECA PHARMACEUTICALS LIMITED,2026 July 13,2031 July 13
609,H2013/CTD667/073/R1,Zinnia P,Levonorgestrel and Ethinylestradiol Tablets,Tablet,India,Foreign,Mylan Laboratories Limited- Women’s Health Care,SAI PHARMACEUTICALS LTD,2026 July 13,2031 July 13
610,H2003/248/R1,Patanol Eye Drops,Olopatadine Hydrochloride,"Eye Drops, Solution",Belgium,Foreign,Novartis Pharma AG,NVS KENYA LTD,2026 July 13,2031 July 13
611,H2013/CTD472/339/R1,Brilinta 90 mg Tablets,Ticagrelor,Film-Coated Tablet,Sweden,Foreign,AstraZeneca UK Limited,ASTRAZENECA PHARMACEUTICALS LIMITED,2026 July 13,2031 July 13
612,H1999/276/12437/R1,Betaloc ZOK 100 mg Tablets,Metoprolol succinate,Prolonged-Release Tablet,Sweden,Foreign,AstraZeneca UK Limited,ASTRAZENECA PHARMACEUTICALS LIMITED,2026 July 13,2031 July 13
613,H2009/22701/349/R1,FRUZ,FRUSEMIDE,Injection,India,Foreign,Zawadi Healthcare Ltd,ZAWADI HEALTHCARE LTD,2026 July 13,2031 July 13
614,H2006/12949/R1,Effexor,Venlafaxine,Capsule,United States,Foreign,"Mylan Laboratories Limited, Kenya.",MYLAN LABORATORIES LIMITED KENYA,2026 July 13,2031 July 13
615,H2003/12066/R1,DICLORAN GEL  (Diclofenac Gel BP),Diclofenac Diethylamine BP,Gel,India,Foreign,Unique Pharmaceutical Laboratories,HARLEYS LTD-NAIROBI,2026 July 13,2031 July 13
616,H2001/0427/R1,Cipladon 500 Tablets,Paracetamol BP,Effervescent Tablet,India,Foreign,Cipla Ltd,IMPERIAL MANAGED SOLUTIONS EAST AFRICA LTD-…,2026 July 13,2031 July 13
617,H2015/CTD3023/509/R1,---Tenofovir Disoproxil fumerate tablets.,Tenofovir Disoproxil fumerate,Tablet,India,Foreign,AUROBINDO PHARMA LIMITED UNIT III,SIMBA PHARMACEUTICALS LTD,2026 July 13,2031 July 13
618,H2009/20046/727/R1,Pamidol 370,Iopamidol USP,Injection,India,Foreign,Unique Pharmaceutical Laboratories,HARLEYS LTD-NAIROBI,2026 July 13,2031 July 13
619,H2026/CTD12445/27167,VASACARD-35 MR,Trimetazidine Hydrochloride,Modified-Release Tablet,India,Foreign,GALAXY PHARMACEUTICAL LTD,GALAXY PHARMACEUTICAL LIMITED,2026 July 12,2031 July 12
620,H2026/CTD10258/22086,SHALCER 40,ESOMEPRAZOLE,Tablet,Kenya,Local,Shalina Healthcare Kenya limited,ZAIN PHARMA LIMITED,2026 July 12,2031 July 12
621,H2009/14532/R1,NEVIMUNE ORAL SUSPENSION,Nevirapine (as hemihydrate) USP,Oral Suspension,India,Foreign,CIPLA LIMITED,PHILLIPS HEALTHCARE SERVICES LTD,2026 July 09,2031 July 09
622,H2011/CTD075/451/R1,TENVIR - EM,Emtricitabine Tenofovir disoproxil fumarate…,Tablet,India,Foreign,CIPLA LIMITED,PHILLIPS HEALTHCARE SERVICES LTD,2026 July 09,2031 July 09
623,H2019/CTD6483/12672/R1,Famy-pop Tablets,Levonorgestrel,Film-Coated Tablet,India,Foreign,Mylan Laboratories Limited- Womens Health Care,SAI PHARMACEUTICALS LTD,2026 July 09,2031 July 09
624,H2017/CTD2824/019/R1,DUOLAC SOLUTION,Lactitol Monohydrate solution,Solution And Suspension For Suspension For In,India,Foreign,GALAXY PHARMACEUTICAL LTD,GALAXY PHARMACEUTICAL LIMITED,2026 July 09,2031 July 09
625,H2026/CTD7059/13491,ADRIB 50mg/25ml,Doxorubicin Hydrochloride,Solution For Infusion,India,Foreign,M/S BETA DRUGS PVT. LTD,SYNER-MED PHARMACEUTICALS (K)LTD,2026 July 06,2031 July 06
626,H2026/CTD10211/20774,QUITIDE 150,Quetiapine Fumarate,Film-Coated Tablet,India,Foreign,AUROBINDO PHARMA LIMITED,SIMBA PHARMACEUTICALS LTD,2026 July 05,2031 July 05
627,H2026/CTD12632/27025,Nutriflex Omega Peri Emulsion for Infusion,"Amino Acids Solution, Glucose Solution, Fats…",Emulsion For Infusion,Germany,Foreign,B. Braun Melsungen AG,B.BRAUN MEDICAL KENYA LIMITED,2026 July 05,2031 July 05
628,H2026/CTD13417/26970,Neopred Ophthalmic Emulsion,Difluprednate INN,Ophthalmic Suspension,Bangladesh,Foreign,Aristopharma Ltd.,GLOBE PHARMACY LTD,2026 July 05,2031 July 05
629,H2026/CTD13418/26969,Fluroton Ophthalmic Suspension,Fluorometholone Acetate USP,Ophthalmic Suspension,Bangladesh,Foreign,Aristopharma Ltd.,GLOBE PHARMACY LTD,2026 July 05,2031 July 05
630,H2026/CTD12353/25780,Nutriflex Omega Special,"Amino Acids Solution, Glucose Solution, Fats…",Emulsion For Infusion,Germany,Foreign,B. Braun Melsungen AG,B.BRAUN MEDICAL KENYA LIMITED,2026 July 05,2031 July 05
631,H2026/CTD13625/29925,ASCARD 75mg Tablets.,Acetylsalicylic Acid (ASPIRIN),Tablet,Pakistan,Foreign,ATCO Laboratories Limited,GLOBE PHARMACY LTD,2026 July 05,2031 July 05
632,H2026/CTD9572/18473,QUITIDE 100,Quetiapine Fumarate,Film-Coated Tablet,India,Foreign,AUROBINDO PHARMA LIMITED,SIMBA PHARMACEUTICALS LTD,2026 July 05,2031 July 05
633,H2026/CTD10213/18562,QUITIDE 200,Quetiapine Fumarate,Film-Coated Tablet,India,Foreign,AUROBINDO PHARMA LIMITED,SIMBA PHARMACEUTICALS LTD,2026 July 05,2031 July 05
634,H2010/24367/303/R1,SURE KIT,"LANSOPRAZOLE, TINIDAZOLE , CLARITHROMYCIN.",Tablet and Capsule,India,Foreign,NATIONAL PHARMACY LTD,NATIONAL PHARMACY LTD,2026 July 03,2031 July 03
635,H1997/141/R1,BETASON CREAM,Betamethasone Valerate Cream,Cream,India,Foreign,SHALINA HEALTHCARE KENYA LIMITED,SHALINA HEALTHCARE KENYA LIMITED,2026 January 27,2031 January 27
636,H2026/CTD12171/25362,Sacuzac 50,Sacubitril Valsartan 3Na Complex IH,Film-Coated Tablet,India,Foreign,Ajanta Pharma Ltd,HARLEYS LTD-NAIROBI,2026 January 27,2031 January 27
637,H2026/CTD12208/25038,GLYDA 10 (Dapagliflozin Tablets 10mg),Dapagliflozin,Tablet,India,Foreign,Hetero Labs Limited,UNISEL LTD,2026 January 27,2031 January 27
638,H2026/CTD12009/25409,Sacuzac 200,Sacubitril Valsartan 3Na Complex IH,Film-Coated Tablet,India,Foreign,Ajanta Pharma Ltd.,HARLEYS LTD-NAIROBI,2026 January 27,2031 January 27
639,H2026/CTD12375/25300,IRITERO 100 (Irinotecan Hydrochloride Injection…,Irinotecan Hydrochloride Trihydrate (Form-B),Injection,India,Foreign,M/s. Hetero Labs Limited,UNISEL LTD,2026 January 27,2031 January 27
640,H2026/CTD11352/20550,Henka 30,Duloxetine Hydrochloride,Capsule,India,Foreign,HETERO LABS LIMITED,UNISEL LTD,2026 January 27,2031 January 27
641,H2026/CTD12008/25396,Sacuzac 100,Sacubitril Valsartan 3Na Complex IH,Film-Coated Tablet,India,Foreign,Ajanta Pharma Ltd,HARLEYS LTD-NAIROBI,2026 January 27,2031 January 27
642,H2026/CTD11353/20553,HENKA 60,Duloxetine Hydrochloride,Capsule,India,Foreign,Hetero Labs Limited,UNISEL LTD,2026 January 27,2031 January 27
643,H2026/CTD12634/26341,IVIDIN 5,Ivabradine Hydrochloride,Tablet,India,Foreign,Hetero Labs Limited,UNISEL LTD,2026 January 27,2031 January 27
644,H2026/CTD12010/25036,GLYDA 5 (Dapagliflozin Tablets 5mg),Dapagliflozin,Tablet,India,Foreign,Hetero Labs Limited,UNISEL LTD,2026 January 27,2031 January 27
645,H2026/CTD12587/26245,Twinaqt Tablets,Dolutegravir & Lamivudine Tablets 50 mg/300 mg,Film-Coated Tablet,India,Foreign,EMCURE PHARMACEUTICALS LTD.,LAZOR PHARMACEUTICALS LIMITED,2026 January 27,2031 January 27
646,H2026/CTD12635/26318,IVIDIN 7.5,Ivabradine Hydrochloride,Tablet,India,Foreign,Hetero Labs Limited,UNISEL LTD,2026 January 27,2031 January 27
647,H2026/CTD9024/18339,INTAFERON INJECTION,Iron Sucrose USP,Solution For Injection,India,Foreign,CROWN  HEALTHCARE,CROWN  HEALTHCARE,2026 January 20,2031 January 20
648,H2017/CTD4448,SAFLOXA- 750 mg,Levofloxacin Hemihydrate USP,Film-Coated Tablet,India,Foreign,KRISHNA CHEMISTS LTD,KRISHNA CHEMISTS LTD,2026 January 20,2031 January 20
649,H2017/CTD4409,ACLOSARA-MR,Aceclofenac BP;  Paracetamol BP; Chlorzoxazone USP,Film-Coated Tablet,India,Foreign,KRISHNA CHEMISTS LTD,KRISHNA CHEMISTS LTD,2026 January 20,2031 January 20
650,H2017/CTD4444,Sabezole-DSR,Rabeprazole Sodium and Domperidone BP,Capsule,India,Foreign,KRISHNA CHEMISTS LTD,KRISHNA CHEMISTS LTD,2026 January 20,2031 January 20
651,H2017/CTD4446,SAZRO-500,Azithromycin anhydrous,Film-Coated Tablet,India,Foreign,KRISHNA CHEMISTS LTD,KRISHNA CHEMISTS LTD,2026 January 20,2031 January 20
652,H2017/CTD4464,DICLOSARA-MR,Diclofenac BP ; Paracetamol BP; Chlorzoxazone USP,Tablet,India,Foreign,KRISHNA CHEMISTS LTD,KRISHNA CHEMISTS LTD,2026 January 19,2031 January 19
653,H2026/CTD13132/27669,LINCRET M 1000,Linagliptin and Metformin Hydrochloride,Tablet,India,Foreign,MSN Laboratories Private Limited,SIMBA PHARMACEUTICALS LTD,2026 January 19,2031 January 19
654,H2026/CTD13131/27660,LINCRET M 850,Linagliptin and Metformin Hydrochloride,Tablet,India,Foreign,MSN Laboratories Private Limited,SIMBA PHARMACEUTICALS LTD,2026 January 19,2031 January 19
655,H2026/CTD13189/28004,PALCLIB 125,Palbociclib,Capsule,India,Foreign,MSN LABORATORIES PRIVATE LIMITED (Formulation…,MSN LABORATORIES PVT LTD,2026 January 19,2031 January 19
656,H2026/CTD13161/28567,Lenacapavir Gilead 300 mg film-coated tablets,lenacapavir,Film-Coated Tablet,Ireland,Foreign,Gilead Sciences Ireland UC,ELYMEDICARE PHARMACY LTD,2026 January 19,2031 January 19
657,H2026/CTD13162/28496,Lenacapavir Gilead 464 mg solution for injection,lenacapavir,Injection,Ireland,Foreign,Gilead Sciences Ireland UC,ELYMEDICARE PHARMACY LTD,2026 January 19,2031 January 19
658,H2026/CTD13188/27935,BIRATO 500 FCT,Abiraterone Acetate,Film-Coated Tablet,India,Foreign,MSN LABORATORIES PRIVATE LIMITED (Formulation…,MSN LABORATORIES PVT LTD,2026 January 19,2031 January 19
659,H2026/CTD13190/28003,PALCLIB 100,Palbociclib,Capsule,India,Foreign,MSN LABORATORIES PRIVATE LIMITED (Formulation…,MSN LABORATORIES PVT LTD,2026 January 19,2031 January 19
660,H2026/CTD13272/24574,BRIVANEXT 10,Brivaracetam,Film-Coated Tablet,India,Foreign,MSN Laboratories Private Limited,SIMBA PHARMACEUTICALS LTD,2026 January 19,2031 January 19
661,H2026/CTD13273/24577,BRIVANEXT 25,Brivaracetam,Film-Coated Tablet,India,Foreign,MSN Laboratories Private Limited.,SIMBA PHARMACEUTICALS LTD,2026 January 19,2031 January 19
662,H2026/CTD12984/26320,QUITAS 50,Quetiapine Fumarate Eq to Quetiapine 50 mg,Tablet,India,Foreign,KRISHNA CHEMISTS LTD,KRISHNA CHEMISTS LTD,2026 January 19,2031 January 19
663,H2026/CTD12983/26322,QUITAS 200,Quetiapine Fumarate Eq to Quetiapine 200 mg,Tablet,India,Foreign,KRISHNA CHEMISTS LTD,KRISHNA CHEMISTS LTD,2026 January 19,2031 January 19
664,H2026/CTD12982/26321,QUITAS 100,Quetiapine Fumarate Eq to Quetiapine 100 mg,Tablet,India,Foreign,KRISHNA CHEMISTS LTD,KRISHNA CHEMISTS LTD,2026 January 19,2031 January 19
665,H2026/CTD12764/27020,DESONAL 5,Desloratadine USP 5 mg,Tablet,Kenya,Local,NATIONAL PHARMACY LTD,NATIONAL PHARMACY LTD,2026 January 18,2031 January 18
666,H2026/CTD12995/27783,Miro 15mg Tablet (Mirogabalin as besylate),Mirogabalin besylate,Film-Coated Tablet,Pakistan,Foreign,NABIQASIM INDUSTRIES (PVT) LTD,HARLEYS LTD-NAIROBI,2026 January 18,2031 January 18
667,H2026/CTD12981/26323,QUITAS 300,Quetiapine Fumarate Eq to Quetiapine 300 mg,Tablet,India,Foreign,KRISHNA CHEMISTS LTD,KRISHNA CHEMISTS LTD,2026 January 18,2031 January 18
668,H2026/CTD10945/23392,Ledopire 25mg,Lenalidomide 25 mg hard gelatin capsules,"Capsule, Hard",India,Foreign,Inspire Pharmaceuticals Ltd,INSPIRE PHARMACEUTICALS LTD,2026 January 18,2031 January 18
669,H2026/CTD12271/26748,CLINDAZEN 150,Clindamycin Hydrochloride,Hard Gelatin Capsules,Kenya,Local,ZAIN PHARMA LIMITED,ZAIN PHARMA LIMITED,2026 January 18,2031 January 18
670,H2026/CTD12270/26789,CLINDAZEN 300,Clindamycin Hydrochloride,Hard Gelatin Capsules,Kenya,Local,ZAIN PHARMA LIMITED,ZAIN PHARMA LIMITED,2026 January 18,2031 January 18
671,H2026/CTD11763/23788,Dospire 80mg,Docetaxel 80 mg/2mL,Injection,India,Foreign,Inspire Pharmaceuticals Ltd,INSPIRE PHARMACEUTICALS LTD,2026 January 18,2031 January 18
672,H2026/CTD12254/26048,GULAIR L KID,Levocetirizine Hydrochloride & Montelukast Sodium,Dispersible Tablet,Kenya,Local,PRO MED PHARMACEUTICALS LTD,PRO MED PHARMACEUTICALS  LTD,2026 January 18,2031 January 18
673,H2026/CTD12252/25983,HERNEE 2,Each film coated tablet contains: Levonorgestrel…,Tablet,Kenya,Foreign,NATIONAL PHARMACY LTD,NATIONAL PHARMACY LTD,2026 January 18,2031 January 18
674,H2026/CTD12251/26528,ETOVAC SP,Etoricoxib and Serratiopeptidase Tablets,Coated Tablet,Kenya,Local,PRO MED PHARMACEUTICALS LTD,PRO MED PHARMACEUTICALS  LTD,2026 January 18,2031 January 18
675,H2026/CTD12757/26947,DOPAZEN 250,Methyldopa,Tablet,Kenya,Local,ZAIN PHARMA LIMITED,ZAIN PHARMA LIMITED,2026 January 18,2031 January 18
676,H2026/CTD11410/15597,MICYCLINE 50,MINOCYCLINE TABLETS BP,Tablet,India,Foreign,KRISHNA CHEMISTS LTD,KRISHNA CHEMISTS LTD,2026 January 18,2031 January 18
677,H2026/CTD12558/25091,ONAPAT EYE DROPS,Olapatadine Hydrochloride,"Eye Drops, Solution",Bangladesh,Foreign,DAWA LTD,DAWA LTD,2026 January 18,2031 January 18
678,H2026/CTD11411/15596,MICYCLINE 100,MINOCYCLINE TABLETS BP,Tablet,India,Foreign,KRISHNA CHEMISTS LTD,KRISHNA CHEMISTS LTD,2026 January 18,2031 January 18
679,H2026/CTD12934/26735,PALBIS 100,Palbociclib,Capsule,India,Foreign,M/s. Hetero Labs Limited,UNISEL LTD,2026 January 18,2031 January 18
680,H2026/CTD12926/24581,BRIVANEXT 50,Brivaracetam,Film-Coated Tablet,India,Foreign,MSN Laboratories Private Limited.,SIMBA PHARMACEUTICALS LTD,2026 January 18,2031 January 18
681,H2026/CTD12196/15634,AMLOCARE 10,Amlodipine besylate tablets USP,Tablet,India,Foreign,KRISHNA CHEMISTS LTD,KRISHNA CHEMISTS LTD,2026 January 18,2031 January 18
682,H2026/CTD12195/15633,AMLOCARE 5,Amlodipine besylate tablets USP,Tablet,India,Foreign,KRISHNA CHEMISTS LTD,KRISHNA CHEMISTS LTD,2026 January 18,2031 January 18
683,H2026/CTD12925/24582,BRIVANEXT 75,Brivaracetam,Film-Coated Tablet,India,Foreign,MSN Laboratories Private Limited,SIMBA PHARMACEUTICALS LTD,2026 January 18,2031 January 18
684,H2026/CTD11893/23792,Dospire 120mg,"Docetaxel 120 mg/3mL,",Concentrate For Solution For Injection/Infusi,India,Foreign,Inspire Pharmaceuticals Ltd,INSPIRE PHARMACEUTICALS LTD,2026 January 18,2031 January 18
685,H2026/CTD12924/24583,BRIVANEXT 100,Brivaracetam,Film-Coated Tablet,India,Foreign,MSN Laboratories Private Limited,SIMBA PHARMACEUTICALS LTD,2026 January 18,2031 January 18
686,H2026/CTD11425/15600,OCUFLOX,OFLOXACIN OPHTHALMIC SOLUTION USP  0.3 % W/V,Eye Drops,India,Foreign,KRISHNA CHEMISTS LTD,KRISHNA CHEMISTS LTD,2026 January 18,2031 January 18
687,H2026/CTD11999/25829,CETRISWIFT,Cetirizine Hydrochloride BP,Tablet,India,Foreign,VINCARE CONSULTING LIMITED,VINCARE CONSULTING LTD,2026 January 18,2031 January 18
688,H2026/CTD12001/25342,NEBIGOOD AM-H,"Nebivolol, Amlodipine and Hydrochlorothiazide",Tablet,Kenya,Local,ZAIN PHARMA LIMITED,ZAIN PHARMA LIMITED,2026 January 18,2031 January 18
689,H2026/CTD12829/27495,GLINSIP-M 50/500,Sitagliptin and Metformin,Tablet,India,Foreign,Hetero Labs Limited.,MEDSCRIBE LIMITED,2026 January 18,2031 January 18
690,H2026/CTD12830/27554,GLINSIP-M 50/1000,Sitagliptin and Metformin,Tablet,India,Foreign,HETERO LABS LIMITED,MEDSCRIBE LIMITED,2026 January 18,2031 January 18
691,H2026/CTD12878/27390,POLMASTAR 2 MG CAPSULE,Polmacoxib,Capsule,India,Foreign,DAWA LIMITED,DAWA LTD,2026 January 18,2031 January 18
692,H2026/CTD13053/26630,FENIFIB 801,Pirfenidone,Film-Coated Tablet,India,Foreign,MSN Laboratories Private Limited,SIMBA PHARMACEUTICALS LTD,2026 January 18,2031 January 18
693,H2026/CTD13099/26342,FOREMP M 25/1000,Empaglifozin Metformin hydrochloride USP,Tablet,India,Foreign,MSN Laboratories Private Limited,SIMBA PHARMACEUTICALS LTD,2026 January 18,2031 January 18
694,H2026/CTD13098/26338,FOREMP M 5/1000,Empaglifozin Metformin hydrochloride USP,Tablet,India,Foreign,MSN Laboratories Private Limited,SIMBA PHARMACEUTICALS LTD,2026 January 18,2031 January 18
695,H2026/CTD13079/26030,LULICOR CREAM,Luliconazole Cream 1 % w/w,Cream,India,Foreign,SIGNATURE HEALTHCARE LTD,SIGNATURE HEALTHCARE LTD,2026 January 18,2031 January 18
696,H2026/CTD13015/27791,Eladiol 150mg Tablet,Elagolix,Film-Coated Tablet,Pakistan,Foreign,NABIQASIM INDUSTRIES (PVT) LTD,HARLEYS LTD-NAIROBI,2026 January 18,2031 January 18
697,H2026/CTD13035/27792,Eladiol 200mg Tablet,Elagolix,Film-Coated Tablet,Pakistan,Foreign,NABIQASIM INDUSTRIES (PVT) LTD,HARLEYS LTD-NAIROBI,2026 January 18,2031 January 18
698,H2026/CTD12557/25092,ONABRIMO -TL EYE DROPS,Brimonidine Tartrate  and  Timolol Maleate,Eye Drops,Bangladesh,Foreign,Dawa  Limited,DAWA LTD,2026 January 18,2031 January 18
699,H2026/CTD12620/26683,ALTELYSE POWDER FOR SOLUTION FOR I.V. INFUSION,Alteplase 50mg,Powder For Solution For Infusion,Iran,Foreign,Arena Life Science,NILA PHARMACEUTICALS LTD- BABA DOGO,2026 January 18,2031 January 18
700,H2026/CTD12660/21053,EPIBALIN 25,PREGABALIN,"Capsule, Hard",India,Foreign,MSN Laboratories Private Limited.,SIMBA PHARMACEUTICALS LTD,2026 January 18,2031 January 18
701,H2026/CTD13052/26606,FENIFIB 267,Pirfenidone,Film-Coated Tablet,India,Foreign,MSN Laboratories Private Limited,SIMBA PHARMACEUTICALS LTD,2026 January 18,2031 January 18
702,H2026/CTD13010/27775,Miro 2.5mg Tablet (Mirogabalin as besylate),Mirogabalin besylate,Film-Coated Tablet,Pakistan,Foreign,NABIQASIM INDUSTRIES (PVT) LTD,HARLEYS LTD-NAIROBI,2026 January 18,2031 January 18
703,H2026/CTD12559/26059,ONAPAT MAX EYE DROPS,Olopatadine Hydrochloride USP Equivalent…,Oral Drops,Bangladesh,Foreign,Dawa  Limited,DAWA LTD,2026 January 18,2031 January 18
704,H2026/CTD13009/27782,Miro 10mg Tablet (Mirogabalin as besylate),Mirogabalin besylate,Film-Coated Tablet,Pakistan,Foreign,NABIQASIM INDUSTRIES (PVT) LTD,HARLEYS LTD-NAIROBI,2026 January 18,2031 January 18
705,H2026/CTD13008/27778,Miro 5mg Tablet (Mirogabalin as besylate),Mirogabalin besylate,Film-Coated Tablet,Pakistan,Foreign,Nabiqasim Industries (Pvt) Ltd,HARLEYS LTD-NAIROBI,2026 January 18,2031 January 18
706,H2026/CTD13101/26183,FOREMP M 10/1000,"Empaglifozin  ,Metformin hydrochloride USP",Tablet,India,Foreign,MSN Laboratories Private Limited,SIMBA PHARMACEUTICALS LTD,2026 January 18,2031 January 18
707,H2026/CTD12394/26740,PALBIS 125,Palbociclib,Capsule,India,Foreign,M/s. Hetero Labs Limited,UNISEL LTD,2026 January 18,2031 January 18
708,H2026/CTD12393/26743,ELTRAD 50 (Eltrombopag 50 mg Film Coated Tablets),Eltrombopag olamine,Film-Coated Tablet,India,Foreign,M/s. Hetero Labs Limited,UNISEL LTD,2026 January 18,2031 January 18
709,H2026/CTD13004/27619,CELONAL 200,Celecoxib Capsules 200 mg,Tablet,Kenya,Local,NATIONAL PHARMACY LTD,NATIONAL PHARMACY LTD,2026 January 18,2031 January 18
710,H2026/CTD12388/26233,NS,Sodium Chloride BP 0.9 % w/v,Infusion,India,Foreign,GOODMED HEALTHCARE LIMITED,GOODMED HEALTHCARE LIMITED,2026 January 18,2031 January 18
711,H2026/CTD13100/26190,FOREMP M 12.5/1000,Empaglifozin  Metformin hydrochloride USP,Tablet,India,Foreign,MSN Laboratories Private Limited,SIMBA PHARMACEUTICALS LTD,2026 January 18,2031 January 18
712,H2026/CTD12465/26802,CIROKET,KETAMINE HYDROCHLORIDE USP,Injection,India,Foreign,CIRON DRUGS AND PHARMACEUTICALS PVT. LTD.,CDPL AFRICA HEALTHCARE LIMITED,2026 January 18,2031 January 18
713,H2026/CTD9306/18224,EPIBALIN ER 82.5,Pregabalin.,Tablet,India,Foreign,MSN Laboratories Private Limited,SIMBA PHARMACEUTICALS LTD,2026 January 17,2031 January 17
714,H2026/CTD12060/25708,Bilast-M Suspension,Bilastine and Montelukast BP,Oral Suspension,India,Foreign,TIBA HEALTHCARE LTD,TIBA HEALTHCARE LIMITED,2026 January 17,2031 January 17
715,H2026/CTD10590/17593,Levoflox-Denk 5 mg/ml,Levofloxacin,Solution For Infusion,Germany,Foreign,DENK PHARMA GmbH & Co. KG,LABOREX KENYA LTD-MOMBASA ROAD,2026 January 17,2031 January 17
716,H2026/CTD10837/23368,3D KIT H. pylori kit,"Rabeprazole sodium Tablet 20 mg, Levofloxacin…",Tablet,India,Foreign,NATIONAL PHARMACY LTD,NATIONAL PHARMACY LTD,2026 January 17,2031 January 17
717,H2026/CTD10940/21956,Oxalin 100mg,Oxaliplatin 100mg,Solution For Injection,India,Foreign,Inspire Pharmaceuticals Ltd,INSPIRE PHARMACEUTICALS LTD,2026 January 17,2031 January 17
718,H2026/CTD10942/23384,Ledopire 10mg,Lenalidomide 10 mg hard gelatin capsules,"Capsule, Hard",India,Foreign,Inspire Pharmaceuticals Ltd,INSPIRE PHARMACEUTICALS LTD,2026 January 17,2031 January 17
719,H2026/CTD12392/26767,ELTRAD 25 (Eltrombopag 25 mg Film Coated Tablets),Eltrombopag olamine,Film-Coated Tablet,India,Foreign,M/s. Hetero Labs Limited,UNISEL LTD,2026 January 17,2031 January 17
720,H2026/CTD11316/21959,Carbospire 450mg,Carboplatin,Solution For Infusion,India,Foreign,Inspire Pharmaceuticals Ltd,INSPIRE PHARMACEUTICALS LTD,2026 January 17,2031 January 17
721,H2006/395/14806/R1,Rapiclav-625,Amoxicillin & clavulanic acid.,Film-Coated Tablet,India,Foreign,Ipca Laboratories Limited,SAI PHARMACEUTICALS LTD,2026 January 17,2031 January 17
722,H2016/CTD2712/211/R1,S-FILM,SILDENAFIL CITRATE USP,Orally Disintegrating Strip,India,Foreign,Prisma Pharma FZE.,WESSEX PHARMACEUTICALS LTD,2026 January 17,2031 January 17
723,H2008/14882/R1,Para-Denk 125 Suppos,Paracetamol,Suppository,Germany,Foreign,Denk Pharma,LABOREX KENYA LTD-MOMBASA ROAD,2026 January 17,2031 January 17
724,H2009/20301/162/R1,Toras-Denk 5,Torasemide Ph Eur,Tablet,Germany,Foreign,Denk Pharma GmbH & Co. KG,LABOREX KENYA LTD-MOMBASA ROAD,2026 January 17,2031 January 17
725,H2008/19799/686/R1,Capsifenac gel,Capsaicin Diclofenac Levomenthol and Methyl…,Gel,India,Foreign,PRISMA PHARMA FZE,WESSEX PHARMACEUTICALS LTD,2026 January 17,2031 January 17
726,H2011/CTD189/157/R1,RUFENAC - 50 TABLETS,Diclofenac Sodium BP,Tablet,India,Foreign,SHALINA HEALTHCARE DMCC,SHALINA HEALTHCARE KENYA LIMITED,2026 January 17,2031 January 17
727,H2017/CTD2851/165/R1,CYPRO B PLUS SYRUP,"Cyproheptadine Hydrochloride USP, Thiamine…",Syrup,India,Foreign,GALAXY PHARMACEUTICAL LTD,GALAXY PHARMACEUTICAL LIMITED,2026 January 17,2031 January 17
728,H2006/393/17036/R1,Presartan -25,Losartan potassium,Tablet,India,Foreign,Ipca Laboratories Limited,SAI PHARMACEUTICALS LTD,2026 January 17,2031 January 17
729,H2014/CTD1608/453/R1,Vasocare Tablets,Trimetazidine Hydrochloride,Tablet,India,Foreign,Innocia Lifesciences Pvt. Ltd.,WESSEX PHARMACEUTICALS LTD,2026 January 17,2031 January 17
730,H2015/CTD2078/570/R1,TORAS-DENK 10,Torasemide Ph Eur,Tablet,Germany,Foreign,Denk Pharma GmbH & Co. KG,LABOREX KENYA LTD-MOMBASA ROAD,2026 January 17,2031 January 17
731,H2013/CTD1478/433/R1,Artesunate and Amodiaquine Tablets (25mg+67.5mg).,Artesunate and Amodiaquine Tablets,Tablet,India,Foreign,Ipca Laboratories Limited,SAI PHARMACEUTICALS LTD,2026 January 17,2031 January 17
732,H2013/CTD1479/434/R1,Artesunate and Amodiaquine Tablets ( 50mg+ 135mg).,Artesunate and Amodiaquine Tablets.,Tablet,India,Foreign,Ipca Laboratories Limited,SAI PHARMACEUTICALS LTD,2026 January 17,2031 January 17
733,H2008/14757/R1,Metformin Denk 850,Metformin hydrochloride,Film-Coated Tablet,Germany,Foreign,Denk Pharma GmbH & Co. KG,LABOREX KENYA LTD-MOMBASA ROAD,2026 January 17,2031 January 17
734,H2014/CTD741/125/R1,Losar-Denk 100,Losartan Potassium,Film-Coated Tablet,Germany,Foreign,Denk Pharma GmbH & Co.KG,LABOREX KENYA LTD-MOMBASA ROAD,2026 January 17,2031 January 17
735,H2013/CTD1480/435/R1,Artesunate and Amodiaquine Tablets (100mg +…,Artesunate and Amodiaquine Tablets.,Tablet,India,Foreign,Ipca Laboratories Limited,SAI PHARMACEUTICALS LTD,2026 January 17,2031 January 17
736,H2008/19181/870/R1,Revelol XL  50,Metoprolol Succinate,Film-Coated Tablet,India,Foreign,Ipca Laboratories Limited,SAI PHARMACEUTICALS LTD,2026 January 17,2031 January 17
737,H2013/CTD742/336/R1,Losar-Denk 50,Losartan Potassium,Coated Tablet,Germany,Foreign,DENK PHARMA GMBH & CO. KG,LABOREX KENYA LTD-MOMBASA ROAD,2026 January 17,2031 January 17
738,H2008/19604/997/R1,ACINET 375,Amoxicillin sodium 250mg clavulanate potassium…,Tablet,India,Foreign,GALAXY PHARMACEUTICAL LIMITED,GALAXY PHARMACEUTICAL LIMITED,2026 February 27,2031 February 27
739,H2016/CTD2884/174/R1,DELORA,Desloratadine,Film-Coated Tablet,India,Foreign,Ravenbhel Healthcare Pvt. Ltd,SKY HEALTHCARE LTD,2026 February 26,2031 February 26
740,H2009/20319/447/R1,PANADOL ADVANCE,PARACETAMOL,Tablet,Ireland,Foreign,HALEON KENYA LIMITED,HALEON KENYA LIMITED,2026 February 26,2031 February 26
741,H2006/17754/R1,Magnesium Sulphate Injection BP 50%w/v,Magnesium Sulphate,Solution For Injection,United Kingdom,Foreign,Aurum Pharmaceuticals Ltd,LABOREX KENYA LTD-MOMBASA ROAD,2026 February 26,2031 February 26
742,H2001/1248/4040/R1,Zyloric 100mg Tablets,Allopurinol,Tablet,Germany,Foreign,Beta Healthcare International Limited,BETA HEALTHCARE INTERNATIONAL LTD,2026 February 26,2031 February 26
743,H2008/1248/R1,Zyloric 300mg Tablets,Allopurinol,Tablet,Germany,Foreign,Beta Healthcare International Limited,BETA HEALTHCARE INTERNATIONAL LTD,2026 February 26,2031 February 26
744,H2008/13201/R1,Cardioplegia Infusion,1. Magnesium Chloride Hexahydrate 2. Potassium…,Solution For Infusion,United Kingdom,Foreign,Macarthys Laboratories Ltd  T/a Martindale…,LABOREX KENYA LTD-MOMBASA ROAD,2026 February 26,2031 February 26
745,H2016/CTD3947/256/R1,THEOROXIME-500,Cefuroxime Axetil USP,Tablet,India,Foreign,Theon Pharmaceuticals Ltd,SYNER-MED PHARMACEUTICALS (K)LTD,2026 February 26,2031 February 26
746,H2007/558/16789/R1,CIPROZED 500 MG TABS,Ciprofloxacin,Tablet,India,Foreign,zest pharma,SYNER-MED PHARMACEUTICALS (K)LTD,2026 February 26,2031 February 26
747,H2010/1974/R1,NORISTERAT,Norethisterone enanthate,Solution For Injection,Germany,Foreign,Bayer Pharma AG,BAYER EAST AFRICA LTD,2026 February 26,2031 February 26
748,H2002/123/14533/R1,Tavanic IV 500,Levofloxacin,Solution For Infusion,Germany,Foreign,sanofi-aventis Kenya,RESSOURCETHICA KENYA LTD,2026 February 25,2031 February 25
749,H2011/16834/R1,ULTRAVIST 370,iopromide,Solution For Injection/Infusion,Germany,Foreign,Bayer Pharma AG,BAYER EAST AFRICA LTD,2026 February 25,2031 February 25
750,H2011/16835/R1,ULTRAVIST 300,iopromide,Solution For Injection/Infusion,Germany,Foreign,Bayer Pharma AG,BAYER EAST AFRICA LTD,2026 February 25,2031 February 25
751,H2016/CTD3759/001/R1,RAMGIC,Tramadol Hydrochloride,Solution For Injection,India,Foreign,MSN LABORATORIES PRIVATE LIMITED,SIMBA PHARMACEUTICALS LTD,2026 February 25,2031 February 25
752,H2010/21895/788/R1,Plasep 75mg Tablets,Clopidogrel Bisulfate,Tablet,India,Foreign,MSN Laboratories Private Limited.,SIMBA PHARMACEUTICALS LTD,2026 February 25,2031 February 25
753,H2010/16833/R1,LNG IUS,Levonorgestrel,Intrauterine Delivery System,Finland,Foreign,Bayer AG,BAYER EAST AFRICA LTD,2026 February 25,2031 February 25
754,H2016/CTD3237/328/R1,Torsinex 10 Tablets,Torsemide,Tablet,India,Foreign,Micro Labs Limited,MICRO LABS (EA) LTD,2026 February 24,2031 February 24
755,H2007/471/R1,LMW ENOX INJECTION,Enoxaparin Sodium Injection,Injection,India,Foreign,GLENMARK PHARMACEUTICALS KENYA LIMITED,GLENMARK PHARMACEUTICALS (K) LTD,2026 February 24,2031 February 24
756,H2015/CTD2901/526/R1,Momate AZ,"Mometasone Furoate BP, Azelastine Hydrochloride BP","Inhalation Vapour, Solution",India,Foreign,Glenmark Pharmaceuticals Ltd,GLENMARK PHARMACEUTICALS (K) LTD,2026 February 24,2031 February 24
757,H2016/CTD3927/939/R1,MOXILACT 500,Amoxicillin,Capsule,China,Foreign,Crown Healthcare LTD,CROWN  HEALTHCARE,2026 February 24,2031 February 24
758,H2018/CTD5414/358ER/R1,C-AMPI 500 INJECTION,Ampicillin sodium,Injection,China,Foreign,CROWN HEALTHCARE,CROWN  HEALTHCARE,2026 February 24,2031 February 24
759,H2016/CTD3926/938/R1,MOXILACT 250,Amoxicillin,Capsule,China,Foreign,CROWN  HEALTHCARE,CROWN  HEALTHCARE,2026 February 24,2031 February 24
760,H2009/19891/468/R1,SEDOL 100 mg/5 ml Injection,Etoposide USP,Solution For Infusion,India,Foreign,Venus Remedies Limited,HARLEYS LTD-NAIROBI,2026 February 24,2031 February 24
761,H2003/189/R1,Spiriva Capsules for Inhalation,Tiotropium bromide monohydrate,"Inhalation Powder, Hard Capsule",Germany,Foreign,Boehringer Ingelheim international GmbH,SURGIPHARM LTD,2026 February 24,2031 February 24
762,H2011/15871/R1,AERIUS 0.5 mg/ml oral solution,Desloratadine,Oral Solution,Belgium,Foreign,MSD (Pty) Ltd,PHILLIPS THERAPEUTICS LIMITED,2026 February 24,2031 February 24
763,H2009/19796/97/R1,Formonide400,Formoterol fumarate & Budesonide,"Inhalation Vapour, Solution",India,Foreign,Cadila Healthcare Limited,ZYDUS LIFESCIENCES LIMITED,2026 February 23,2031 February 23
764,H1987/157/2942/R1,ROCEPHIN 2G IV,CEFTRIAXONE,Powder And Solvent For Solution For Infusion,Switzerland,Foreign,F. HOFFMAN-LA ROCHE LTD,ROCHE KENYA LIMITED,2026 February 23,2031 February 23
765,H1986/4453/159/R1,ROCEPHIN 1G IV,CEFTRIAXONE,Powder And Solvent For Solution For Infusion,Switzerland,Foreign,F. HOFFMAN-LA ROCHE LTD,ROCHE KENYA LIMITED,2026 February 23,2031 February 23
766,H2002/139/14551/R1,AERIUS tablets,Desloratadine,Tablet,Belgium,Foreign,MSD (Pty) Ltd,PHILLIPS THERAPEUTICS LIMITED,2026 February 23,2031 February 23
767,H1986/161/4452/R1,ROCEPHIN 500 IV,CEFTRIAXONE,Powder And Solvent For Solution For Infusion,Switzerland,Foreign,F. HOFFMAN-LA ROCHE LTD,ROCHE KENYA LIMITED,2026 February 23,2031 February 23
768,H2008/7124/R1,Nephrosteril,1000 ml solution of infusion contain:…,Solution For Infusion,Austria,Foreign,Fresenius Kabi South Africa (Pty) Limited,SURGIPHARM LTD,2026 February 23,2031 February 23
769,H2008/7894/R1,Actophlem Cough Syrup,Theophylline 100mg Etofylline 10mg…,Syrup,South Africa,Foreign,ADCOCK INGRAM LTD.,IMPERIAL MANAGED SOLUTIONS EAST AFRICA LTD-…,2026 February 23,2031 February 23
770,H2014/CTD1468/690/R1,Panadol Extra with Optizorb,Paracetamol; Caffeine,Tablet,India,Foreign,HALEON KENYA LIMITED,HALEON KENYA LIMITED,2026 February 23,2031 February 23
771,H2009/19803/96/R1,Formonide 200,Formoterol fumarate & Budesonide,"Inhalation Vapour, Solution",India,Foreign,Cadila Healthcare Limited,ZYDUS LIFESCIENCES LIMITED,2026 February 23,2031 February 23
772,H2026/CTD12401/26783,D10 Sterilife,Glucose Intravenous Infusion BP 10.0% w/v,Solution For Infusion,India,Foreign,CROWN HEALTHCARE,CROWN  HEALTHCARE,2026 February 23,2031 February 23
773,H2008/18249/R1,Cefoxim Injection 750mg,Cefuroxime for Injection U.S.P.,Powder For Injection,India,Foreign,Zydus Healthcare Limited,SAI PHARMACEUTICALS LTD,2026 February 19,2031 February 19
774,H2007/255/R1,RACYCLINE SKIN OINTMENT,TETRACYCLINE HYDROCHLORIDE,Ointment,Kenya,Local,Laboratory & Allied Ltd,LABORATORY & ALLIED LTD,2026 February 19,2031 February 19
775,H2026/CTD11593/25281,DAPAGOOD SM 100,"Dapagliflozin, Metformin Hydrochloride &…",Tablet,Kenya,Local,ZAIN PHARMA LIMITED,ZAIN PHARMA LIMITED,2026 February 18,2031 February 18
776,H2026/CTD9994/22296,PRAZOMED-D,Rabeprazole and Domperidone,"Capsule, Hard",Kenya,Foreign,PRO MED PHARMACEUTICALS LTD,PRO MED PHARMACEUTICALS  LTD,2026 February 18,2031 February 18
777,H2026/CTD11883/25348,TRIOGOOD 20,"Aspirin, Clopidogrel & Atorvastatin",Capsule,Kenya,Local,ZAIN PHARMA LIMITED,ZAIN PHARMA LIMITED,2026 February 18,2031 February 18
778,H2026/CTD11882/25347,TRIOGOOD 10,"Aspirin, Clopidogrel & Atorvastatin",Capsule,Kenya,Local,ZAIN PHARMA LIMITED,ZAIN PHARMA LIMITED,2026 February 18,2031 February 18
779,H2026/CTD11587/25424,Larinate 120,Artesunate Ph.Int. (Sterile),Powder For Injection,India,Foreign,Ipca Laboratories Limited,SAI PHARMACEUTICALS LTD,2026 February 18,2031 February 18
780,H2026/CTD10251/22162,ACP TH TABLETS,Each film coated tablet contains: Aceclofenac BP…,Tablet,Kenya,Local,NATIONAL PHARMACY LIMITED,NATIONAL PHARMACY LTD,2026 February 18,2031 February 18
781,H2026/CTD11871/25344,NEBIGOOD AM,Nebivolol & Amlodipine,Tablet,Kenya,Local,ZAIN PHARMA LIMITED,ZAIN PHARMA LIMITED,2026 February 18,2031 February 18
782,H2026/CTD11595/25252,DAPAGOOD M 1000,Dapagliflozin & Metformin Hydrochloride,Tablet,Kenya,Local,ZAIN PHARMA LIMITED,ZAIN PHARMA LIMITED,2026 February 18,2031 February 18
783,H2026/CTD11868/25199,VALSARGOOD 200,Sacubitril & Valsartan,Tablet,Kenya,Local,ZAIN PHARMA LIMITED,ZAIN PHARMA LIMITED,2026 February 18,2031 February 18
784,H2026/CTD11596/25251,DAPAGOOD M 500,Dapagliflozin & Metformin Hydrochloride,Tablet,Kenya,Local,ZAIN PHARMA LIMITED,ZAIN PHARMA LIMITED,2026 February 18,2031 February 18
785,H2026/CTD11867/25198,VALSARGOOD 100,Sacubitril & Valsartan,Tablet,Kenya,Local,ZAIN PHARMA LIMITED,ZAIN PHARMA LIMITED,2026 February 18,2031 February 18
786,H2026/CTD11683/25089,VALSARGOOD 50,Sacubitril & Valsartan,Tablet,Kenya,Local,ZAIN PHARMA LIMITED,ZAIN PHARMA LIMITED,2026 February 18,2031 February 18
787,H2026/CTD11045/24884,PHENOLATE TABLETS,Mycophenolate Mofetil,Tablet,India,Foreign,MEDCURE HEALTHCARE LTD,MEDCURE HEALTHCARE LTD,2026 February 18,2031 February 18
788,H2026/CTD12091/24178,VORZI 20,Vortioxetine,Tablet,India,Foreign,MSN Laboratories Private Limited,SIMBA PHARMACEUTICALS LTD,2026 February 18,2031 February 18
789,H2026/CTD9097/20076,Vi-Alb (Human Normal Albumin BP 20%),Human Normal Albumin,Solution For Injection/Infusion,India,Foreign,Virchow Health care Pvt. Ltd,SKY HEALTHCARE LTD,2026 February 18,2031 February 18
790,H2026/CTD12405/26792,RL Sterilife,Compound Sodium Lactate Intravenous Infusion BP,Solution For Infusion,India,Foreign,CROWN HEALTHCARE,CROWN  HEALTHCARE,2026 February 18,2031 February 18
791,H2026/CTD12514/25483,ACETAXO 500,Paracetamol,Tablet,Kenya,Local,ZAIN PHARMA LIMITED,ZAIN PHARMA LIMITED,2026 February 18,2031 February 18
792,H2026/CTD12076/25311,LOSARGOOD 50 H,Losartan Potassium and Hydrochlorothiazide,Tablet,Kenya,Local,ZAIN PHARMA LIMITED,ZAIN PHARMA LIMITED,2026 February 18,2031 February 18
793,H2026/CTD12959/28298,"AZFLOSEC KIT(Azithromycin Tablets USP 1000 mg,…","Azithromycin, Fluconazole and Secnidazole",Film-Coated Tablet,India,Foreign,Warehouse,WAREHOUSE PHARMACEUTICALS LIMITED,2026 February 18,2031 February 18
794,H2026/CTD12956/28102,DICLOWARE-P,"Diclofenac Potassium, Paracetamol and…",Tablet,India,Foreign,WAREHOUSE PHARMACEUTICALS LIMITED,WAREHOUSE PHARMACEUTICALS LIMITED,2026 February 18,2031 February 18
795,H2026/CTD12244/26046,ALLUNO 300,ALLOPURINOL BP,Tablet,Kenya,Local,PRO MED PHARMACEUTICALS LTD,PRO MED PHARMACEUTICALS  LTD,2026 February 18,2031 February 18
796,H2026/CTD12092/24163,VORZI 10,Vortioxetine,Tablet,India,Foreign,MSN Laboratories Private Limited,SIMBA PHARMACEUTICALS LTD,2026 February 18,2031 February 18
797,H2026/CTD12568/25449,DIPMAR-5,Amlodipine Besylate,Tablet,Kenya,Local,ZAIN PHARMA LIMITED,ZAIN PHARMA LIMITED,2026 February 18,2031 February 18
798,H2026/CTD7212/14156,V-Immune,Human Immunoglobulin,Solution For Injection,India,Foreign,Virchow Health care Pvt. Ltd,SKY HEALTHCARE LTD,2026 February 18,2031 February 18
799,H2026/CTD12573/25377,NEYLOFEN-50,Diclofenac Sodium,Tablet,Kenya,Local,ZAIN PHARMA LIMITED,ZAIN PHARMA LIMITED,2026 February 18,2031 February 18
800,H2026/CTD7098/18178,HepBest,Tenofovir Alafenamide Fumarate,Film-Coated Tablet,India,Foreign,Mylan Laboratories Limited,SURGILINKS LTD,2026 February 18,2031 February 18
801,H2009/20158/071/R1,Triz Syrup,Cetirizine Oral Solution BP,Syrup,India,Foreign,Indoco Remedies Limited,SAI PHARMACEUTICALS LTD,2026 February 16,2031 February 16
802,H2006/692/R1,Cyclopam Suspension,Dicycloverine Hydrochloride & Simethicone…,Syrup,India,Foreign,Indoco Remedies Limited,SAI PHARMACEUTICALS LTD,2026 February 16,2031 February 16
803,H2011/12885/R1,Pariet 20mg Gastro-Resistant Tablet,Rabeprazole,Gastro-Resistant Tablet,Japan,Foreign,Janssen Cilag Pharma GmbH,JOHNSON & JOHNSON MIDDLE EAST FZ LLC,2026 February 16,2031 February 16
804,H2026/CTD10038/21301,TELMICLAR 40,Telmisartan USP,Tablet,India,Foreign,Ajanta Pharma Limited,HARLEYS LTD-NAIROBI,2026 February 13,2031 February 13
805,H2026/CTD9125/19768,Ozinc-DT (Paediatric Zinc Sulfate Tablets Ph.Int.…,Zinc sulfate monohydrate USP,Dispersible Tablet,India,Foreign,Ipca Laboratories Limited,SAI PHARMACEUTICALS LTD,2026 February 13,2031 February 13
806,H2026/CTD12397/26531,Laridox-AQDT Forte,Sulfadoxine and Pyrimethamine Dispersible Tablets…,Dispersible Tablet,India,Foreign,Ipca Laboratories Limited,SAI PHARMACEUTICALS LTD,2026 February 13,2031 February 13
807,H2026/CTD12404/26787,Ciprofloxacin Sterilife,Ciprofloxacin Injection USP 0.2% W/V,Solution For Infusion,India,Foreign,CROWN HEALTHCARE,CROWN  HEALTHCARE,2026 February 13,2031 February 13
808,H2026/CTD10040/21302,TELMICLAR 80,Telmisartan USP,Tablet,India,Foreign,Ajanta Pharma Limited,HARLEYS LTD-NAIROBI,2026 February 13,2031 February 13
809,H2026/CTD11286/24784,ROSEDAY EZ,Rosuvastatin Calcium BP and Ezetimibe USP,Tablet,India,Foreign,TIBA HEALTHCARE LTD,TIBA HEALTHCARE LIMITED,2026 February 13,2031 February 13
810,H2026/CTD10158/16452,AERINEX  140mg/ml,ERENUMAB,Solution For Injection In Pre-Filled Syringe,United States,Foreign,Novartis Overseas Investment AG,NVS KENYA LTD,2026 February 13,2031 February 13
811,H2026/CTD12396/26634,Laridox DT Forte,Sulfadoxine and Pyrimethamine Dispersible Tablets…,Dispersible Tablet,India,Foreign,Ipca Laboratories Limited,SAI PHARMACEUTICALS LTD,2026 February 13,2031 February 13
812,H2026/CTD11199/21914,ALBUCEL,HUMAN ALBUMIN,Solution For Injection,India,Foreign,INTAS PHARMACEUTICALS LIMITED,ACCORD HEALTHCARE (K) LTD,2026 February 13,2031 February 13
813,H2026/CTD12537/26523,Laridox – AQDT,"Amodiaquine Hydrochloride USP, Sulfadoxine…",Dispersible Tablet,India,Foreign,Ipca Laboratories Limited,SAI PHARMACEUTICALS LTD,2026 February 13,2031 February 13
814,H2026/CTD12541/26566,Laridox-DT,Sulfadoxine and Pyrimethamine Dispersible Tablets…,Dispersible Tablet,India,Foreign,Ipca Laboratories Limited,SAI PHARMACEUTICALS LTD,2026 February 13,2031 February 13
815,H2026/CTD12058/24010,Kryxana Film Coated tablet 200mg,Ribociclib,Film-Coated Tablet,Slovenia,Foreign,Novartis Overseas Investment AG,NVS KENYA LTD,2026 February 13,2031 February 13
816,H2008/19115/444/R1,Flucaz Capsule 200mg,Fluconazole  USP,Capsule,India,Foreign,Agio Pharmaceuticals Ltd.,PHILLIPS HEALTHCARE SERVICES LTD,2026 February 12,2031 February 12
817,H2026/CTD12711/26835,DAPEFY SM 10mg/100mg/1000mg,"Dapagliflozin Propanediol, Sitagliptin Phosphate…",Film-Coated Tablet,India,Foreign,Sun Pharmaceutical Industries Limited,SUN PHARMA EAST AFRICA LTD,2026 February 11,2031 February 11
818,H2026/CTD12825/27311,Rozavel EZ 10/20 mg,Ezetimibe USP and Rosuvastatin Calcium Ph. Eur.,Tablet,India,Foreign,Sun Pharmaceutical Industries Limited,SUN PHARMA EAST AFRICA LTD,2026 February 11,2031 February 11
819,H2026/CTD12780/27307,Rozavel EZ 10/10 mg,Ezetimibe USP and Rosuvastatin Calcium Ph. Eur.,Tablet,India,Foreign,Sun Pharmaceutical Industries Limited,SUN PHARMA EAST AFRICA LTD,2026 February 11,2031 February 11
820,H2026/CTD12779/26834,DAPEFY SM 10 mg/100 mg/500 mg,"Dapagliflozin Propanediol, Sitagliptin Phosphate,…",Film-Coated Tablet,India,Foreign,Sun Pharmaceutical Industries Limited,SUN PHARMA EAST AFRICA LTD,2026 February 11,2031 February 11
821,H2010/20871/084/R1,Ephedrine Hydrochloride Injection 30 mg in 1 ml,Ephedrine Hydrochloride,Solution For Injection,United Kingdom,Foreign,Macarthys Laboratories Ltd T/a Martindale…,LABOREX KENYA LTD-MOMBASA ROAD,2026 February 08,2031 February 08
822,H2010/21248/731/R1,Abingem 1,Gemcitabine Hydrochloride,Solution For Injection,India,Foreign,NAPROD LIFE SCIENCES PVT. LTD,RIPPLE PHARMACEUTICALS LTD,2026 February 07,2031 February 07
823,H2018/CTD5676/348ER/R1,NERVILIN 75MG CAPSULES,PREGABALIN,Capsule,Kenya,Local,DAWA LIMITED,DAWA LTD,2026 February 07,2031 February 07
824,H2009/15409,NovoRapid,Insulin aspart,Solution For Injection In Pre-Filled Pen,Denmark,Foreign,Novo Nordisk A/S,PHILLIPS THERAPEUTICS LIMITED,2026 February 05,2031 February 05
825,H2002/035/R1,Topamax 25mg film coated tablets,Topiramate,Film-Coated Tablet,Switzerland,Foreign,Janssen Cilag AG,JOHNSON & JOHNSON MIDDLE EAST FZ LLC,2026 February 04,2031 February 04
826,H2000/197/R1,Topamax 50mg film coated tablet,Topiramate,Tablet,Switzerland,Foreign,Janssen Cilag AG,JOHNSON & JOHNSON MIDDLE EAST FZ LLC,2026 February 04,2031 February 04
827,H2015/CTD3548/606/R1,Rifampicin 75 mg  Isoniazid 50 mg  & Pyrazinamide…,Rifampicin Isoniazid Pyrazinamide,Dispersible Tablet,India,Foreign,Macleods Pharmaceuticals Limited,SAI PHARMACEUTICALS LTD,2026 February 04,2031 February 04
828,H2008/18610/992/R1,S-QUIN INJECTION,Quinine Dihydrochloride BP,Solution For Injection,India,Foreign,Syner-Med Pharmaceuticals (K) Ltd,SYNER-MED PHARMACEUTICALS (K)LTD,2026 August 31,2031 August 31
829,CTD1355/R1,ZEEGAP 75MG CAPSULES,Pregabalin USP,Capsule,Pakistan,Foreign,Hilton Pharma (Pvt.) Ltd,SURGILINKS LTD,2026 August 31,2031 August 31
830,H2004/13653/R1,DEEP RELIEF,Ibuprofen Levomenthol,Gel,United Kingdom,Foreign,The Mentholatum Co. Ltd.,HARLEYS LTD-NAIROBI,2026 August 31,2031 August 31
831,H2002/11660/R1,Candid-B Lotion,"Clotrimazole USP, Anydrous Beclometasone…",Cutaneous Liquid,India,Foreign,Glenmark Pharmaceuticals Limited,GLENMARK PHARMACEUTICALS (K) LTD,2026 August 31,2031 August 31
832,H2014/CTD2212/613/R1,ATOREM 20,Atorvastatin Calcium,Tablet,India,Foreign,MSN laboratories Private Limited.,SIMBA PHARMACEUTICALS LTD,2026 August 31,2031 August 31
833,H2003/208/15101/R1,IROVEL 150MG TABLETS,Irbesartan,Tablet,India,Foreign,Sun Pharmaceutical Industries Limited,SUN PHARMA EAST AFRICA LTD,2026 August 31,2031 August 31
834,H2008/12902/R1,Humalog Mix50,Human Insulin,Suspension For Injection,France,Foreign,Eli Lilly Exports S.A,BETA HEALTHCARE INTERNATIONAL LTD,2026 August 31,2031 August 31
835,H1998/141/12266/R1,Augmentin BD Tablets,Amoxicillin + Clavulanate,Tablet,United Kingdom,Foreign,GlaxoSmithKline Pharmaceutical Kenya Limited,LABOREX KENYA LTD-MOMBASA ROAD,2026 August 31,2031 August 31
836,H1998/1265/R1,Maxitrol Eye Drops,DexamethasonePolymixin B SulphateNeomycin Sulphate,"Eye Drops, Suspension",Belgium,Foreign,Novartis Pharma AG,NVS KENYA LTD,2026 August 31,2031 August 31
837,H2009/14858/R1,SOMPRAZ 40MG TABLETS,Esomeprazole magnesium,Tablet,India,Foreign,Sun Pharmaceutical Industries Limited,SUN PHARMA EAST AFRICA LTD,2026 August 31,2031 August 31
838,H2008/14723/594/R1,VIFEX SYRUP,Bromohexine salbutamol sulphate Guafenesine,Syrup,India,Foreign,Emcure Pharmaceuticals Ltd,LAZOR PHARMACEUTICALS LIMITED,2026 August 31,2031 August 31
839,H2006/112/15302/R1,TZEX TABLETS,Tinidazole,Film-Coated Tablet,India,Foreign,Zest Pharma,SYNER-MED PHARMACEUTICALS (K)LTD,2026 August 31,2031 August 31
840,H2004/15107/R1,AkuriT4,"Rifampicin, Isoniazid, Pyrazinamide and…",Tablet,India,Foreign,Lupin Limited,NAIROBI ENTERPRISES LTD,2026 August 31,2031 August 31
841,H2011/10678/R1,Sandostatin Solution 0.05mg/ml,Ocreotide acetate,Solution For Infusion,Switzerland,Foreign,Novartis,NVS KENYA LTD,2026 August 31,2031 August 31
842,H2001/0225/13660/R1,RISDONE 1mg,Risperidone,Tablet,India,Foreign,Intas Pharmaceuticals Ltd,ACCORD HEALTHCARE (K) LTD,2026 August 31,2031 August 31
843,H2003/15102/R1,IROVEL 300MG TABLETS,Irbesartan,Tablet,India,Foreign,Sun Pharmaceutical Industries Limited,SUN PHARMA EAST AFRICA LTD,2026 August 31,2031 August 31
844,H2003/273/15103/R1,IROVEL H TABLETS,Irbesartan and Hydrochlorothiazide,Tablet,India,Foreign,Sun Pharmaceutical Industries Limited,SUN PHARMA EAST AFRICA LTD,2026 August 31,2031 August 31
845,H2008/14479/R1,Avocomb Tablets,Lamivudine USP Zidovudine USP,Tablet,India,Foreign,Sun Pharmaceutical Industries Limited,SUN PHARMA EAST AFRICA LTD,2026 August 31,2031 August 31
846,H2008/11052/R1,Zyrtec Oral Solution,Cetirizine,Oral Solution,Italy,Foreign,GlaxoSmithKline Pharmaceutical Kenya Limited,LABOREX KENYA LTD-MOMBASA ROAD,2026 August 31,2031 August 31
847,H1998/354/12128/R1,KLACID 250mg,Clarithromycin,Film-Coated Tablet,Italy,Foreign,Abbott Laboratories S.A. (Pty) Ltd,IMPERIAL MANAGED SOLUTIONS EAST AFRICA LTD-…,2026 August 31,2031 August 31
848,H2010/13952/R1,CLARIWIN 500,Clarithromycin tablets USP 500 mg,Tablet,India,Foreign,Micro Labs Ltd,MICRO LABS (EA) LTD,2026 August 31,2031 August 31
849,H2002/14594/R1,Allergo-COMOD,Sodium cromoglicate,Eye Drops,Germany,Foreign,URSAPHARM Arzneimittel GmbH,GLOBE PHARMACY LTD,2026 August 31,2031 August 31
850,H1997/323/11194/R1,CETRIZET TABLETS,Cetirizine Hydrochloride,Tablet,India,Foreign,Sun Pharmaceutical Industries Limited,SUN PHARMA EAST AFRICA LTD,2026 August 31,2031 August 31
851,H2007/13059/R1,TusQ  X Liquid,Terbutaline Sulphate  Bromhexine Hydrochloride &…,Oral Liquid,India,Foreign,BLUE CROSS LABORATORIES LTD,WESSEX PHARMACEUTICALS LTD,2026 August 31,2031 August 31
852,H2002/14290/R1,Nexium 40 mg Tablets,Esomeprazole (as magnesium trihydrate),Film-Coated Tablet,Sweden,Foreign,AstraZeneca UK Limited,ASTRAZENECA PHARMACEUTICALS LIMITED,2026 August 31,2031 August 31
853,H2007/13848/R1,PANADOL COLD & FLU,"PARACETAMOL, PSEUDOEPHEDRINE  HYDROCHLORIDE,…",Tablet,Australia,Foreign,HALEON KENYA LIMITED,HALEON KENYA LIMITED,2026 August 31,2031 August 31
854,H2008/1234/R1,CALPOL SUSPENSION,PARACETAMOL,Oral Suspension,Kenya,Local,HALEON KENYA LIMITED,HALEON KENYA LIMITED,2026 August 31,2031 August 31
855,H1991/12119/R1,AZIQUE I.V. (Azithromycin for Injection USP 500mg),Azithromycin USP (as dihydrate),Vaginal Tablet,India,Foreign,QUESTA CARE INC.,SURGILINKS LTD,2026 August 31,2031 August 31
856,H2003/115/14185/R1,CELLCEPT TABLETS,MYCOPHENOLATE MOFETIL,Tablet,Switzerland,Foreign,F. HOFFMAN-LA ROCHE LTD,ROCHE KENYA LIMITED,2026 August 31,2031 August 31
857,H2005/141/R1,Rotarix Vaccine,Rotavirus (liquid formulation) Vaccine,Oral Suspension,Belgium,Foreign,GlaxoSmithKline Pharmaceutical Kenya Limited,LABOREX KENYA LTD-MOMBASA ROAD,2026 August 31,2031 August 31
858,H1998/213/12162/R1,Pulmicort Nebulising Suspension 0.50 mg/ml,Budesonide,Nebuliser Suspension,Sweden,Foreign,AstraZeneca UK Limited,ASTRAZENECA PHARMACEUTICALS LIMITED,2026 August 31,2031 August 31
859,H1998/11933/R1,Combivent UDV,Ipratropium bromide & Salbutamol sulphate,"Inhalation Vapour, Solution",France,Foreign,Boehringer Ingelheim international GmbH,SURGIPHARM LTD,2026 August 31,2031 August 31
860,H2001/063/12985/R1,SYLATE 500 TABLETS,Etamsylate,Tablet,India,Foreign,Emcure Pharmaceuticals Ltd,LAZOR PHARMACEUTICALS LIMITED,2026 August 31,2031 August 31
861,H2002/14289/R1,Nexium 20 mg Tablets,Esomeprazole (as magnesium trihydrate),Film-Coated Tablet,Sweden,Foreign,AstraZeneca UK Limited,ASTRAZENECA PHARMACEUTICALS LIMITED,2026 August 31,2031 August 31
862,H2004/12161/R1,Pulmicort Nebulising Suspension 0.25 mg/ml,Budesonide,Nebuliser Suspension,Sweden,Foreign,AstraZeneca UK Limited,ASTRAZENECA PHARMACEUTICALS LIMITED,2026 August 31,2031 August 31
863,H1998/198/12311/R1,Viagra 50mg,Sildenafil citrate,Tablet,United States,Foreign,"Mylan Laboratories Limited, Kenya.",MYLAN LABORATORIES LIMITED KENYA,2026 August 31,2031 August 31
864,H2011/1093/R1,Tenoretic Tablets,Atenolol and Chlorthalidone,Tablet,United Kingdom,Foreign,AstraZeneca,IMPERIAL MANAGED SOLUTIONS EAST AFRICA LTD-…,2026 August 31,2031 August 31
865,H2010/11957/R1,Reme-D Suspension,Magnesium Hydroxide,Oral Suspension,Pakistan,Foreign,Globe Pharmacy Limited,GLOBE PHARMACY LTD,2026 August 31,2031 August 31
866,H2002/272/14635/R1,AZTOR 20MG TABLETS,Atorvastatin calcium,Tablet,India,Foreign,Sun Pharmaceutical Industries Limited,SUN PHARMA EAST AFRICA LTD,2026 August 31,2031 August 31
867,H2002/206/R1,Budecort 200 Inhaler,Budesonide BP,"Inhalation Vapour, Powder",India,Foreign,Cipla Ltd,IMPERIAL MANAGED SOLUTIONS EAST AFRICA LTD-…,2026 August 31,2031 August 31
868,H2008/12577/R1,Xalatan,Latanaprost,"Eye Drops, Solution",Sweden,Foreign,"Mylan Laboratories Limited, Kenya.",MYLAN LABORATORIES LIMITED KENYA,2026 August 31,2031 August 31
869,CTD1308/R1,Zeegap 150 mg Capsules,Pregabalin USP,Capsule,Pakistan,Foreign,Hilton Pharma (Pvt.) Ltd,SURGILINKS LTD,2026 August 31,2031 August 31
870,H2002/13529/R1,Morphine Sulphate Injection BP 30mg in 1ml,Morphine Sulphate,Injection,United Kingdom,Foreign,Macarthys Laboratories Ltd  T/a Martindale…,LABOREX KENYA LTD-MOMBASA ROAD,2026 August 31,2031 August 31
871,H2006/655/R1,Flomet 500,Metformin Hydrochloride BP,Film-Coated Tablet,India,Foreign,Harleys Limited,HARLEYS LTD-NAIROBI,2026 August 31,2031 August 31
872,H1999/172/12130/R1,KLACID 500mg,Clarithromycin,Film-Coated Tablet,Italy,Foreign,Abbott Laboratories S.A. (Pty) Ltd,IMPERIAL MANAGED SOLUTIONS EAST AFRICA LTD-…,2026 August 31,2031 August 31
873,H2003/104/14975/R1,DAZIT 5MG TABLETS,Desloratadine,Tablet,India,Foreign,Sun Pharmaceutical Industries Limited,SUN PHARMA EAST AFRICA LTD,2026 August 31,2031 August 31
874,H2015/CTD2890/467,Vitamin A Capsules USP 200000 IU,Vitamin A Palmitate,"Capsule, Soft",India,Foreign,GALAXY PHARMACEUTICAL LIMITED,GALAXY PHARMACEUTICAL LIMITED,2026 August 27,2031 August 27
875,H2006/189/R1,SAFEONE 1G INJECTION,Ceftriaxone Sodium,Powder For Injection,India,Foreign,Aushnlife Kenya Limited,AUSHNLIFE KENYA LIMITED,2026 August 23,2031 August 23
876,H2009/20713/444/R1,Facid HC Cream,Fusidic AcidHydrocortison Acetate,Ointment,Bangladesh,Foreign,Eskayef Bangladesh Ltd.,UMOJA PHARMACEUTICALS LTD,2026 August 23,2031 August 23
877,H2014/CTD2356/680/R1,BENLYSTA INJECTION 120MG,Belimumab,Powder And Solution For Solution For Injectio,Italy,Foreign,GlaxoSmithKline Pharmaceutical Kenya Limited,LABOREX KENYA LTD-MOMBASA ROAD,2026 August 23,2031 August 23
878,H2006/004/R1,Azopt Eye drops,Brinzolamide,"Eye Drops, Suspension",Belgium,Foreign,Novartis Pharma AG,NVS KENYA LTD,2026 August 23,2031 August 23
879,CTD1738/R1,Lumerax 80/480,Artemether and Lumefantrine,Tablet,India,Foreign,Ipca Laboratories Limited,SAI PHARMACEUTICALS LTD,2026 August 23,2031 August 23
880,H2000/0342/11768/R1,OROFER SYRUP,Iron III hydroxide Polymaltose complex,Oral Solution,India,Foreign,Emcure Pharmaceuticals Ltd,LAZOR PHARMACEUTICALS LIMITED,2026 August 23,2031 August 23
881,H2017/CTD2828/199/R1,Esofag - 20 Tablets,Esomeprazole,Tablet,India,Foreign,Micro Labs Limited,MICRO LABS (EA) LTD,2026 August 23,2031 August 23
882,H2009/18923/121/R1,Unicontin 400 Tablets,Theophylline BP,Tablet,India,Foreign,Modi Mundipharma Private Limited,EUROPA HEALTHCARE LTD,2026 August 23,2031 August 23
883,H2005/187/16067/R1,COLDRIL Capsules,"Paracetamol BP, Pseudoephedrine Hydrochloride BP…",Capsule,Tanzania,Foreign,SHELYS PHARMACEUTICALS LTD.,BETA HEALTHCARE INTERNATIONAL LTD,2026 August 23,2031 August 23
884,CTD329/R1,CACHCET TABLETS,Cetrizine Hydrochloride,Tablet,India,Foreign,CACHET PHARMACEUTICALS PVT. LTD,PHILLIPS THERAPEUTICS LIMITED,2026 August 23,2031 August 23
885,H2008/18848/103/R1,Flamoset 10 Tablets,Levocetrizine Dihydrochloride USP,Film-Coated Tablet,India,Foreign,Harleys Limited,HARLEYS LTD-NAIROBI,2026 August 23,2031 August 23
886,5893/R1,"Insulatard FlexPen, 100 IU/ml (5 x 3ml)",Insulin Human (Ph. Eur.),Suspension For Injection In Cartridge,Denmark,Foreign,Insulin Human,PHILLIPS THERAPEUTICS LIMITED,2026 August 23,2031 August 23
887,8967/R1,Xatral 2.5mg tablet,Alfuzosin,Tablet,France,Foreign,sanofi-aventis Kenya,RESSOURCETHICA KENYA LTD,2026 August 23,2031 August 23
888,H2015/CTD2936/190/R1,MONTEY 10,Montelukast sodium,Dispersible Tablet,India,Foreign,CROWN  HEALTHCARE,CROWN  HEALTHCARE,2026 August 23,2031 August 23
889,H2003/403/14315/R1,Xatral 10mg tablet,Alfuzosin,Tablet,France,Foreign,sanofi-aventis Kenya,RESSOURCETHICA KENYA LTD,2026 August 23,2031 August 23
890,H2016/CTD3471/305/R1,Lamivudine and Zidovudine Tablets,Lamivudine and Zidovudine,Tablet,India,Foreign,Micro Labs Limited,MICRO LABS (EA) LTD,2026 August 23,2031 August 23
891,CTD - 493/R1,CAPEMAX-150mg,Capecitabine,Tablet,India,Foreign,Intas Pharmaceuticals Ltd,ACCORD HEALTHCARE (K) LTD,2026 August 23,2031 August 23
892,H2015/CTD1770/093/R1,OLMAT H,Olmesartan Medoxomil Hydrochlorothiazide,Tablet,India,Foreign,"Micro Labs Limited, India",MICRO LABS (EA) LTD,2026 August 23,2031 August 23
893,H2004/216/15641/R1,Fexet 180 mg Tablets,Fexofenadine HCl,Film-Coated Tablet,Pakistan,Foreign,Getz Pharma (Pvt) Limited,SKY HEALTHCARE LTD,2026 August 23,2031 August 23
894,8968/R1,Xatral 5mg tablet,Alfuzosin,Tablet,France,Foreign,sanofi-aventis Kenya,RESSOURCETHICA KENYA LTD,2026 August 23,2031 August 23
895,H2019/CTD5000/1201ER/R1,GALAXY'S LABELOL INJECTION,Labetalol Hydrochloride USP,Solution For Injection,India,Foreign,GALAXY PHARMACEUTICAL LIMITED,GALAXY PHARMACEUTICAL LIMITED,2026 August 23,2031 August 23
896,H2006/2012/R1,PANTOCID 20 TABLETS,Pantoprazole sodium,Tablet,India,Foreign,Sun Pharmaceutical Industries Limited,SUN PHARMA EAST AFRICA LTD,2026 August 23,2031 August 23
897,H2007/354/R1,ZECUF HERBAL COUGH REMEDY (Sugar Free),Ocimum sanctum (Tulsi) Extract Dry Powder (…,Syrup,India,Foreign,UNIQUE PHARMACEUTICAL LABORATORIES (A Division of…,PHILLIPS THERAPEUTICS LIMITED,2026 August 23,2031 August 23
898,H2010/21440/538/R1,Exforge HCT tablets 5mg/160mg/12.5mg,Amlodipine/valsartan/Hydrochlorthiazide,Coated Tablet,Switzerland,Foreign,Novartis,NVS KENYA LTD,2026 August 23,2031 August 23
899,H2011/CTD018/181/R1,Levemir,Insulin Detemir,Solution For Injection,Denmark,Foreign,Novo Nordisk A/S,PHILLIPS THERAPEUTICS LIMITED,2026 August 23,2031 August 23
900,H2011/21454/055/R1,AMINOGARD Liquid,Amino Acids and Vitamins Liquid,Oral Liquid,India,Foreign,PRISMA PHARMA FZE,WESSEX PHARMACEUTICALS LTD,2026 August 23,2031 August 23
901,H2019/CTD5125/1094ER/R1,Lubtear Eye Drops,Dextran 70 & Hypromellose,Eye Drops,Bangladesh,Foreign,Square Pharmaceuticals Ltd.,ACE PHARMACEUTICALS LTD,2026 August 23,2031 August 23
902,H2006/201/R1,Loratin Fast Tablet,Loratadine,Tablet,Bangladesh,Foreign,Square Pharmaceuticals Ltd.,ACE PHARMACEUTICALS LTD,2026 August 23,2031 August 23
903,H2019/5528/1275ER/R1,R-Meth,Methadone hydrochloride BP,Oral Solution,India,Foreign,RUSAN PHARMA LTD.,SURGILINKS LTD,2026 August 23,2031 August 23
904,H2007/230/16525/R1,metrogyl denta gel,Metronidazole Benzoate BP,Gel,India,Foreign,Unique Pharmaceutical Laboratories,PHILLIPS THERAPEUTICS LIMITED,2026 August 23,2031 August 23
905,H2011/17255/074/R1,Nevirapine Oral suspensin 50mg/5ml,Nevirapine USP,Syrup,India,Foreign,AUROBINDO PHARMA LIMITED,SIMBA PHARMACEUTICALS LTD,2026 August 23,2031 August 23
906,H2010/15952/R1,Lumigan 0.03%,Bimatoprost,Eye Drops,Ireland,Foreign,Allergan Pharmaceuticals (pty) ltd,HARLEYS LTD-NAIROBI,2026 August 23,2031 August 23
907,H2009/19797/274/R1,Synflorix Vaccine,Conjugate of Streptococcus pneumoniae and…,Suspension For Injection,Belgium,Foreign,GlaxoSmithKline Pharmaceutical Kenya Limited,LABOREX KENYA LTD-MOMBASA ROAD,2026 August 23,2031 August 23
908,H2006/241/R1,Vigamox 0.5% Ophthalmic Solution,Moxifloxacin Hydrochloride,"Eye Drops, Solution",United States,Foreign,Novartis Pharma AG,NVS KENYA LTD,2026 August 23,2031 August 23
909,H2013/CTD519/162/R1,Twynsta 40 mg/10 mg Tablets,Telmisartan & Amlodipine besylate,Tablet,Germany,Foreign,Boehringer Ingelheim international GmbH,SURGIPHARM LTD,2026 August 23,2031 August 23
910,H2003/14501/R1,Acular 0.5%,Ketorolac tromethamine,"Eye Drops, Solution",Ireland,Foreign,Allergan Pharmaceuticals (Pty) Ltd,HARLEYS LTD-NAIROBI,2026 August 22,2031 August 22
911,H2002/060/13573/R1,PANTOCID 40MG TABLETS,Pantoprazole sodium,Tablet,India,Foreign,Sun Pharmaceutical Industries Limited,SUN PHARMA EAST AFRICA LTD,2026 August 22,2031 August 22
912,H2015/CTD2166/023/R1,KANDIBAN 150 CAPSULES,FLUCONAZOLE 150mg,Capsule,India,Foreign,SHAMBHUPRASAD AND SONS,QUEST PHARMACEUTICALS,2026 August 22,2031 August 22
913,H2015/CTD2167/007/R1,KANDIBAN 200 CAPSULES,FLUCONAZOLE 200mg,Capsule,India,Foreign,SHAMBHUPRASAD AND SONS,QUEST PHARMACEUTICALS,2026 August 22,2031 August 22
914,H2010/21421/587/R1,NS,Sodium Chloride Intravenous Solution,Infusion,Uganda,Foreign,Abacus Pharma (A) Ltd.,ABACUS PHARMA (A) LTD,2026 August 22,2031 August 22
915,H2006/17487/R1,Klenzit-C Gel,"Adapalene, Clindamycin Phosphate",Gel,India,Foreign,Glenmark Pharmaceuticals Limited,GLENMARK PHARMACEUTICALS (K) LTD,2026 August 22,2031 August 22
916,H2004/11377/R1,Casodex 50 mg Tablets,Bicalutamide,Tablet,Germany,Foreign,AstraZeneca UK Limited,ASTRAZENECA PHARMACEUTICALS LIMITED,2026 August 22,2031 August 22
917,CTD 2978/R1,Forxiga 10mg,Dapagliflozin,Tablet,United States,Foreign,AstraZeneca UK Limited,ASTRAZENECA PHARMACEUTICALS LIMITED,2026 August 22,2031 August 22
918,2197/R1,Otrivin Children Nasal Drops,Xylometazoline Hydrochloride,Nasal Drops,Switzerland,Foreign,HALEON KENYA LIMITED,HALEON KENYA LIMITED,2026 August 22,2031 August 22
919,H2005/12405/R1,HERPERAX-200,Aciclovir BP,Tablet,India,Foreign,Micro Labs Ltd,MICRO LABS (EA) LTD,2026 August 22,2031 August 22
920,H2007/3959/R1,Lucin Cream,Hydrocortisone,Cream,Kenya,Local,Regal Pharmaceuticals Limited,REGAL PHARMACEUTICALS LTD,2026 August 22,2031 August 22
921,H2005/15867/155/R1,Amphotret Injection,Amphotericin B USP,Injection,India,Foreign,Bharat Serum & Vaccines Limited,NAIROBI ENTERPRISES LTD,2026 August 22,2031 August 22
922,H2010/21422/584/R1,D5,Glucose Intravenous Infusion,Infusion,Uganda,Foreign,Abacus Pharma (A) Ltd.,ABACUS PHARMA (A) LTD,2026 August 22,2031 August 22
923,H2005/301/16799/R1,Voltaren Suppository 50mg,Diclofenac Sodium,Rectal Capsule,Switzerland,Foreign,Novartis,NVS KENYA LTD,2026 August 22,2031 August 22
924,H2005/465/16830/R1,Leflox IV 500 mg Injection,Levofloxacin,Solution For Infusion,Pakistan,Foreign,Getz Pharma (Pvt) Limited,SKY HEALTHCARE LTD,2026 August 22,2031 August 22
925,4838/R1,Voltaren Emulgel,Diclofenac diethylamine,Gel,Switzerland,Foreign,HALEON KENYA LIMITED,HALEON KENYA LIMITED,2026 August 22,2031 August 22
926,H2005/445/16612/R1,Getryl 2 mg Tablets,Glimepiride,Tablet,Pakistan,Foreign,Getz Pharma (Pvt) Limited,SKY HEALTHCARE LTD,2026 August 22,2031 August 22
927,H2009/20521/503/R1,S-NUMLO 5MG TABLETS,S(-) Amlodipine Besilate,Tablet,India,Foreign,Emcure Pharmaceuticals Ltd,LAZOR PHARMACEUTICALS LIMITED,2026 August 22,2031 August 22
928,H2015/CTD2534/088/R1,Galaxys Lysodol100 Tablets,Aceclofenac BP,Tablet,India,Foreign,GALAXY PHARMACEUTICAL LIMITED,GALAXY PHARMACEUTICAL LIMITED,2026 August 17,2031 August 17
929,H2006/264 (15443)/R1,Dafraclav 457 mg suspension,Amoxicillin Clavulanic acid,Powder For Oral Suspension,Turkey,Foreign,Dafra Pharma GmbH,ENERGIA PHARMA LIMITED,2026 August 17,2031 August 17
930,H2017/CTD3672/159/R1,GALAXY'S BUPIMAX PLAIN SOLUTION,Bupivacaine Hydrochloride BP,Solution For Injection,India,Foreign,GALAXY PHARMACEUTICAL LIMITED,GALAXY PHARMACEUTICAL LIMITED,2026 August 15,2031 August 15
931,H2010/21777/648,ACINET 156 DRY SYRUP,Amoxicillin sodium clavulanate potassium,Powder For Oral Suspension,India,Foreign,GALAXY PHARMACEUTICAL LIMITED,GALAXY PHARMACEUTICAL LIMITED,2026 August 14,2031 August 14
932,H2009/20961/635,CABALIN 75,Pregabalin,Capsule,India,Foreign,GALAXY PHARMACEUTICAL LIMITED,GALAXY PHARMACEUTICAL LIMITED,2026 August 14,2031 August 14
933,H2009/20962/633,CABALIN 150,Pregabalin,Capsule,India,Foreign,GALAXY PHARMACEUTICAL LIMITED,GALAXY PHARMACEUTICAL LIMITED,2026 August 14,2031 August 14
934,H2008/19603/732,ACINET 228 DRY SYRUP,Amoxicillin sodium clavulanate potassium,Powder For Oral Suspension,India,Foreign,GALAXY PHARMACEUTICAL LIMITED,GALAXY PHARMACEUTICAL LIMITED,2026 August 14,2031 August 14
935,H2012/CTD328/372/R1,PECOL POWDER,"Polyethylene Glycol 3350, Sodium Chloride,…",Granules For Oral Solution In Sachet,India,Foreign,GALAXY PHARMACEUTICAL LIMITED,GALAXY PHARMACEUTICAL LIMITED,2026 August 14,2031 August 14
936,H2011/CTD130/450/R1,CADRONATE 150MG,Ibandronate Sodium Monohydrate,Tablet,India,Foreign,GALAXY PHARMACEUTICAL LIMITED,GALAXY PHARMACEUTICAL LIMITED,2026 August 13,2031 August 13
937,H2026/CTD13390/26936,Betadine Mouthwash/GargleUSP 1%,Povidone-Iodine,Gargle/Mouthwash,India,Foreign,Modi-Mundipharma Pvt. Ltd.,EUROPA HEALTHCARE LTD,2026 August 13,2031 August 13
938,H2026/CTD13392/26935,Betadine Antiseptic Solution 10%USP,Povidone-Iodine,Topical Solution,India,Foreign,Modi-Mundipharma Pvt. Ltd.,EUROPA HEALTHCARE LTD,2026 August 13,2031 August 13
939,H2014/CTD1600/023/R1,PILOT D TABLETS,: Pantoprazole Sodium Sesquihydrate BP and…,Tablet,India,Foreign,NATIONAL PHARMACY LIMITED,NATIONAL PHARMACY LTD,2026 August 12,2031 August 12
940,H2026/CTD8699/15345,Tafixyl 500mg tablets,Tranexamic acid,Film-Coated Tablet,Portugal,Foreign,Pharma Bavaria Internacional (PBI),GOODMAN AGENCIES LTD,2026 August 05,2031 August 05
941,H2026/CTD8269/15234,Macrolyn,Azithromycin; Azithromycin dihydrate,Film-Coated Tablet,Turkey,Foreign,Dafra Pharma GmbH,ENERGIA PHARMA LIMITED,2026 August 05,2031 August 05
942,H2026/CTD13391/26861,Betadine ointment 5%USP,Povidone-Iodine Ointment USP,Ointment,India,Foreign,Modi-Mundipharma Private Limited,EUROPA HEALTHCARE LTD,2026 August 04,2031 August 04
943,H2026/CTD13075/26937,Betadine Surgical Scrub 7.5%USP,Povidone-Iodine USP 7.5% w/v (available Iodine…,Topical Solution,India,Foreign,Modi-Mundipharma Pvt. Ltd.,EUROPA HEALTHCARE LTD,2026 August 04,2031 August 04
944,H2026/CTD13073/26860,Betadine Germicide Gargle 2% USP-Mint,Povidone-lodine USP 2% w/v,Gargle,India,Foreign,Modi-Mundipharma Pvt. Ltd.,EUROPA HEALTHCARE LTD,2026 August 04,2031 August 04
945,H2026/CTD13805/29825,LDNIL 20,Rosuvastatin Calcium,Film-Coated Tablet,India,Foreign,MSN LABORATORIES PRIVATE LIMITED,SIMBA PHARMACEUTICALS LTD,2026 August 04,2031 August 04
946,H2026/CTD13572/29772,EPNONE 50,Eplerenone Ph.Eur,Film-Coated Tablet,India,Foreign,MSN LABORATORIES PRIVATE LIMITED,SIMBA PHARMACEUTICALS LTD,2026 August 04,2031 August 04
947,H2026/CTD13594/29770,EPNONE 25,Eplerenone Ph.Eur,Film-Coated Tablet,India,Foreign,MSN Laboratories Private Limited,SIMBA PHARMACEUTICALS LTD,2026 August 04,2031 August 04
948,H2026/CTD13718/29818,LDNIL 10,Rosuvastatin Calcium,Tablet,India,Foreign,MSN Laboratories Private Limited,SIMBA PHARMACEUTICALS LTD,2026 August 04,2031 August 04
949,H2026/CTD13720/29786,Tolvat 15,Tolvaptan,Tablet,India,Foreign,MSN Laboratories Private Limited,SIMBA PHARMACEUTICALS LTD,2026 August 04,2031 August 04
950,H2026/CTD13722/29805,Tolvat 30,Tolvaptan,Tablet,India,Foreign,MSN Laboratories Private Limited,SIMBA PHARMACEUTICALS LTD,2026 August 04,2031 August 04
951,H2026/CTD13801/29783,EPIBALIN 150,Pregabalin,Hard Gelatin Capsules,India,Foreign,MSN Laboratories Private Limited,SIMBA PHARMACEUTICALS LTD,2026 August 04,2031 August 04
952,H2026/CTD13803/29834,FEBUDAY 40,Febuxostat,Film-Coated Tablet,India,Foreign,MSN Laboratories Private Limited.,SIMBA PHARMACEUTICALS LTD,2026 August 04,2031 August 04
953,H2026/CTD13804/29833,FEBUDAY 80,Febuxostat,Film-Coated Tablet,India,Foreign,MSN Laboratories Private Limited,SIMBA PHARMACEUTICALS LTD,2026 August 04,2031 August 04
954,H2026/CTD13723/29657,NEBIEM 2.5,Nebivolol Hydrochloride EQ. to Nebivolol 2.5 mg,Tablet,India,Foreign,MSN Laboratories Private Limited,SIMBA PHARMACEUTICALS LTD,2026 August 04,2031 August 04
955,H2026/CTD13807/29778,EPIBALIN 75,Pregabalin,Hard Gelatin Capsules,India,Foreign,MSN LABORATORIES PRIVATE LIMITED,SIMBA PHARMACEUTICALS LTD,2026 August 04,2031 August 04
956,H2018/CTD6180/99/R1,Ketogress Tablets,Calcium-3 methyl-2-oxo-valerate (a. -…,Tablet,India,Foreign,LA RENON HEALTHCARE PRIVATE LIMITED,WESSEX PHARMACEUTICALS LTD,2026 August 04,2031 August 04
957,H2018/CTD2536/621ER,ACINET DRY SYRUP 457mg/5ml,Amoxicillin Trihydrate & Clavulanate Potassium,Powder For Oral Suspension,India,Foreign,GALAXY PHARMACEUTICAL LIMITED,GALAXY PHARMACEUTICAL LIMITED,2026 August 04,2031 August 04
958,H2005/15948/R1,AMLOSUN 10 TABLETS,Amlodipine Besilate,Tablet,India,Foreign,Sun Pharmaceutical Industries Limited,SUN PHARMA EAST AFRICA LTD,2026 August 04,2031 August 04
959,H2013/CTD1144/334/R1,Pantakind-40,Pantoprazole 40 mg,Tablet,India,Foreign,MANKIND PHARMA LTD,WESSEX PHARMACEUTICALS LTD,2026 August 04,2031 August 04
960,H2005/15947/R1,AMLOSUN 5 TABLETS,Amlodipine Besilate,Tablet,India,Foreign,Sun Pharmaceutical Industries Limited,SUN PHARMA EAST AFRICA LTD,2026 August 04,2031 August 04
961,H2019/CTD6179/921ER/R1,SEVLAREN 800,Sevelamer Carbonate,Tablet,India,Foreign,LA RENON HEALTHCARE PRIVATE LIMITED,WESSEX PHARMACEUTICALS LTD,2026 August 04,2031 August 04
962,H2019/CTD7486/14555/R1,"DOLUTEGRAVIR, LAMIVUDINE AND TENOFOVIR DISOPROXIL…","Dolutegravir, Lamivudine and Tenofovir Disoproxil…",Film-Coated Tablet,India,Foreign,LAURUS LABS LIMITED,DAWA LTD,2026 April 30,2031 April 30
963,H2017/CTD4812/195/R1,"DOLUTEGRAVIR, LAMIVUDINE TENOFOVIR DISOPROXIL…","Dolutegravir Sodium, Lamivudine and Tenofovir…",Tablet,India,Foreign,AUROBINDO PHARMA LIMITED,SIMBA PHARMACEUTICALS LTD,2026 April 30,2031 April 30
964,H2026/CTD10337/17692,PAMERA 40,Adalimumab,Solution For Injection In Pre-Filled Syringe,India,Foreign,M/s. Hetero Biopharma Limited,UNISEL LTD,2026 April 29,2031 April 29
965,H2026/CTD13298/28416,TRUGLYX 1,Semaglutide,Injection,India,Foreign,HETERO LABS LIMITED,MEDSCRIBE LIMITED,2026 April 29,2031 April 29
966,H2007/778/R1,Dalacin C injection,Clindamycin phosphate,Solution For Injection,Belgium,Foreign,Pfizer Laboratories Limited,PFIZER LABORATORIES LTD,2026 April 28,2031 April 28
967,792/R1,Medrol,Methylprednisolone,Tablet,Italy,Foreign,Pfizer Laboratories Limited,PFIZER LABORATORIES LTD,2026 April 28,2031 April 28
968,H2011/11291/R1,Hemsamic 250mg,Tranexamic acid,Capsule,Pakistan,Foreign,Tabros Pharma (Pvt) Ltd,GLOBE PHARMACY LTD,2026 April 27,2031 April 27
969,H2014/CTD1631/143/R1,Zidovudine Tablets USP 300 mg,Zidovudine,Tablet,India,Foreign,Hetero Labs Ltd,UNISEL LTD,2026 April 27,2031 April 27
970,H2015/CTD2361/059/R1,Gamalate solution,MG Glutamate Hbr /GABA +GABOB /Vit B6,Oral Solution,Spain,Foreign,Ferrer,PHILLIPS THERAPEUTICS LIMITED,2026 April 27,2031 April 27
971,H2015/CTD2853/607/R1,SILOTRIF 8,SILODOSIN,Capsule,India,Foreign,MSN Laboratories Private Limited12,SIMBA PHARMACEUTICALS LTD,2026 April 27,2031 April 27
972,H2020/CTD1576/1595ER/R1,DIFLAME GEL,Diclofenac Diethylamine BP,Gel,India,Foreign,LINCOLN PHARMACEUTICALS LTD & LINCOLN PARENTERAL…,MEDOX  PHARMACEUTICALS LIMITED,2026 April 27,2031 April 27
973,H2008/18981/R1,MICROLUT,Levonorgestrel,Tablet,Germany,Foreign,Bayer Pharma AG,BAYER EAST AFRICA LTD,2026 April 27,2031 April 27
974,H2009/15409/R1,NovoRapid,Insulin aspart,Solution For Injection In Pre-Filled Pen,Denmark,Foreign,Novo Nordisk A/S,PHILLIPS THERAPEUTICS LIMITED,2026 April 27,2031 April 27
975,5770/R1,Candid Lotion,Clotrimazole 1%  USP,Cream,India,Foreign,Glenmark Pharmaceuticals Limited,GLENMARK PHARMACEUTICALS (K) LTD,2026 April 27,2031 April 27
976,H1992/9451/R1,Sandimmun Neoral Capsules 25mg,Ciclosporin,"Capsule, Soft",Switzerland,Foreign,Novartis,NVS KENYA LTD,2026 April 24,2031 April 24
977,H2012/22392/800/R1,EXIME 250 DS,CEFUROXIME AXETIL,Suspension And Effervescent Granules For Oral,India,Foreign,PRO MED PHARMACEUTICALS LTD,PRO MED PHARMACEUTICALS  LTD,2026 April 22,2031 April 22
978,H2001/0444/14011/R1,Dalacin C 300mg,Clindamycin hydrochloride,Capsule,France,Foreign,Pfizer Laboratories Limited,PFIZER LABORATORIES LTD,2026 April 22,2031 April 22
979,H2009/5895/R1,Actrapid® Flexpen 100 IU/ml (5 x 3ml),Insulin Human,Solution For Injection,Denmark,Foreign,Novo Nordisk A/S,PHILLIPS THERAPEUTICS LIMITED,2026 April 21,2031 April 21
980,H2009/5892/R1,Mixtard 30 100 IU/ml,Insulin Human (Ph. Eur.),Suspension For Injection,Denmark,Foreign,Novo Nordisk A/S,PHILLIPS THERAPEUTICS LIMITED,2026 April 21,2031 April 21
981,H2008/19477/487/R1,METOZ 2.5 TABLETS,Metolazone,Tablet,India,Foreign,Centaur Pharmaceuticals Pvt. Ltd.,SAI PHARMACEUTICALS LTD,2026 April 21,2031 April 21
982,H2002/13528/R1,Morphine Sulphate Injection BP 10mg in 1ml,Morphine Sulphate,Solution For Injection,United Kingdom,Foreign,Macarthys Laboratories Ltd  T/a Martindale…,LABOREX KENYA LTD-MOMBASA ROAD,2026 April 21,2031 April 21
983,H2005/272/16543/R1,MABTHERA 100,RITUXIMAB,Concentrate For Solution For Infusion,Switzerland,Foreign,F. HOFFMAN-LA ROCHE LTD,ROCHE KENYA LIMITED,2026 April 21,2031 April 21
984,H2008/17090B/R1,AVASTIN 400MG,BEVACIZUMAB,Concentrate For Solution For Infusion,Switzerland,Foreign,F. HOFFMAN-LA ROCHE LTD,ROCHE KENYA LIMITED,2026 April 21,2031 April 21
985,H2005/308/17090/R1,AVASTIN 100MG,BEVACIZUMAB,Concentrate For Solution For Infusion,Switzerland,Foreign,F. HOFFMAN-LA ROCHE LTD,ROCHE KENYA LIMITED,2026 April 21,2031 April 21
986,H2004/8788/R1,PREDNIFIL,Prednisolone BP,Tablet,India,Foreign,Fourrts (India) Laboratories Pvt. Limited,SAI PHARMACEUTICALS LTD,2026 April 21,2031 April 21
987,H2016/CTD3203/194/R1,FLUCILLIN 250,Flucloxacillin Sodium BP,Capsule,India,Foreign,Theon Pharmaceuticals Ltd,SYNER-MED PHARMACEUTICALS (K)LTD,2026 April 21,2031 April 21
988,H2010/7492/R1,Tobrex Eye Drops,Tobramycin,"Eye Drops, Solution",Belgium,Foreign,Novartis Pharma AG,NVS KENYA LTD,2026 April 21,2031 April 21
989,H2006/025/17512/R1,Biocarb injection 450mg/45ml,Carboplatin Injection B.P.,Injection,India,Foreign,Zydus Healthcare Limited,SAI PHARMACEUTICALS LTD,2026 April 21,2031 April 21
990,H2011/5719/R1,Humulin N Injection - Cartridge,Human Insulin,Suspension For Injection,France,Foreign,Eli Lilly Exports S.A,BETA HEALTHCARE INTERNATIONAL LTD,2026 April 21,2031 April 21
991,H2015/CTD4019/500/R1,Hifer C Kit,"Calcium, Magnesium, Zinc, Vitamin D3, Iron, Folic…",Tablet,India,Foreign,zest pharma,SYNER-MED PHARMACEUTICALS (K)LTD,2026 April 21,2031 April 21
992,H2020/CTD7981/16433/R1,Isoniazid 300mg and Rifapentine 300mg coated…,Isoniazid BP and Rifapentine,Coated Tablet,India,Foreign,Macleods Pharmaceuticals Limited,SAI PHARMACEUTICALS LTD,2026 April 21,2031 April 21
993,H2015/CTD3171/379/R1,Talgentis,Tadalafil,Tablet,India,Foreign,SISI PHARMACEUTICALS,SISI PHARMACEUTICALS LTD,2026 April 21,2031 April 21
994,H2015/CTD2304/299/R1,EDURANT,Rilpivirine,Film-Coated Tablet,Belgium,Foreign,Janssen-Cilag International NV,PHILLIPS THERAPEUTICS LIMITED,2026 April 21,2031 April 21
995,H2003/13931/R1,Fentanyl 50mcg/ml Solution for Injection,Fentanyl Citrate,Solution For Injection,United Kingdom,Foreign,Martindale Pharmaceuticals,LABOREX KENYA LTD-MOMBASA ROAD,2026 April 21,2031 April 21
996,H2015/CTD2931/565/R1,Natrixam Tablets 1.5mg/10mg,Indapamide/Amlodipine,Tablet,France,Foreign,"LES LABORATORIES SERVIER 905 ROUTE DE SARAN,…",HARLEYS LTD-NAIROBI,2026 April 21,2031 April 21
997,H2010/21305/345/R1,MINOXIN PLUS TOPICAL SOLUTION,Minoxidil 5%,Cutaneous Solution,Pakistan,Foreign,BROOKES PHARMA (PVT) LTD,HARLEYS LTD-NAIROBI,2026 April 21,2031 April 21
998,H2008/18685/149/R1,TELTAS 40mg,Telmisartan 40mg,Tablet,India,Foreign,Intas Pharmaceuticals Ltd,ACCORD HEALTHCARE (K) LTD,2026 April 21,2031 April 21
999,H2008/19478/793/R1,METOZ 5 TABLETS,Metolazone,Tablet,India,Foreign,Centaur Pharmaceuticals Pvt. Ltd.,SAI PHARMACEUTICALS LTD,2026 April 21,2031 April 21
1000,H2015/CTD2443/223/R1,Myostigmin 2.5mg Inj,Neostigmine Metilsulfate,Solution For Injection,India,Foreign,M/s.Neon Laboratories Limited,RIPPLE PHARMACEUTICALS LTD,2026 April 21,2031 April 21
1001,H2026/CTD13299/28415,TRUGLYX 0.5,Semaglutide,Injection,India,Foreign,HETERO LABS LIMITED,MEDSCRIBE LIMITED,2026 April 20,2031 April 20
1002,H2009/14667/499/R1,MEDICAINE INJECTION,LIDOCIANE HYDROCHLORIDE EPINEPHINE BITARTRATE…,Injection,South Korea,Foreign,HUONS CO. LIMITED,PHARMA SPECIALITIES LTD,2026 April 17,2031 April 17
1003,H2016/CTD2818/007/R1,UNIZAR FORTE,"Lorsartan Potassium, Amlodipine &…",Film-Coated Tablet,India,Foreign,MEDISEL KENYA LIMITED,DAWA LTD,2026 April 17,2031 April 17
1004,H2015/CTD2558/461/R1,ARTEMED INJECTION,Artemether,Injection,India,Foreign,MEDISEL KENYA LTD,DAWA LTD,2026 April 17,2031 April 17
1005,H2019/4436/149ER/R1,INVEGA SUSTENNA 234,Paliperidone Palmitate,Prolonged-Release Suspension For Injection,Belgium,Foreign,Janssen Cilag International NV,JOHNSON & JOHNSON MIDDLE EAST FZ LLC,2026 April 17,2031 April 17
1006,H2019/CTD7687/1020ER/R1,Lumerax DT 20/120,Artemether Ph. Int. Lumefantrine Ph. Int.,Dispersible Tablet,India,Foreign,Ipca Laboratories Limited,SAI PHARMACEUTICALS LTD,2026 April 17,2031 April 17
1007,H2010/20466/046/R1,Epicephin 1g injection,Ceftriaxone,Injection,Egypt,Foreign,Egyptian International Pharmaceutical Industries…,ZADCHEM HEALTHCARE LTD,2026 April 15,2031 April 15
1008,H2007/4543/R1,Nimotop tablets 30 mg,Nimodipine,Tablet,Germany,Foreign,Bayer Pharma AG,LABOREX KENYA LTD-MOMBASA ROAD,2026 April 15,2031 April 15
1009,H2008/10870/R1,CIPROQUIN-500,Ciprofloxacin  Hydrochloride USP,Film-Coated Tablet,India,Foreign,KOPRAN LIMITED,SURGILINKS LTD,2026 April 15,2031 April 15
1010,782/R1,Depo - Provera,Medroxyprogesterone acetate,Suspension For Injection,Belgium,Foreign,Pfizer Laboratories Limited,PFIZER LABORATORIES LTD,2026 April 15,2031 April 15
1011,H2006/659/R1,SECNEFIL,Secnidazole,Film-Coated Tablet,India,Foreign,Fourrts (India) Laboratories Pvt. Limited,SAI PHARMACEUTICALS LTD,2026 April 15,2031 April 15
1012,H1990/5964/R1,Candid V3,Clotrimazole,Tablet,India,Foreign,Glenmark Pharmaceuticals Limited,GLENMARK PHARMACEUTICALS (K) LTD,2026 April 15,2031 April 15
1013,H1990/5965/R1,Candid V-1,Clotrimazole USP,Tablet,India,Foreign,Glenmark Pharmaceuticals Limited,GLENMARK PHARMACEUTICALS (K) LTD,2026 April 15,2031 April 15
1014,H2015/CTD647/306/R1,SHAL'ARTEM DRY SYRUP,Artemether & Lumefantrine Dry Syrup,Powder For Oral Suspension,India,Foreign,Shalina Healthcare DMCC,SHALINA HEALTHCARE KENYA LIMITED,2026 April 15,2031 April 15
1015,H2015/CTD2535/096/R1,CELZA 500,Cefuroxime Axetil USP,Tablet,India,Foreign,GALAXY PHARMACEUTICAL LIMITED,PHILLIPS THERAPEUTICS LIMITED,2026 April 15,2031 April 15
1016,H2013/CTD1104/471/R1,Pantonex DR-40.,Pantoprazole sodium sesquihydate,Tablet,India,Foreign,Ipca Laboratories Limited,SAI PHARMACEUTICALS LTD,2026 April 15,2031 April 15
1017,CTD1404/R1,CITANEW 10MG TABLETS,Escitalopram Oxalate USP,Tablet,Pakistan,Foreign,Hilton Pharma (Pvt. Ltd.,SURGILINKS LTD,2026 April 15,2031 April 15
1018,H2009/20614/359/R1,Coversyl 10 mg,perindopril arginine,Tablet,Egypt,Foreign,Les Laboratoires Servier - France,HARLEYS LTD-NAIROBI,2026 April 15,2031 April 15
1019,H2013/21296/294/R1,sayana medroxyprogesterone acetate,medroxyprogesterone acetate,Suspension For Injection,Belgium,Foreign,Pfizer Laboratories Limited,PFIZER LABORATORIES LTD,2026 April 15,2031 April 15
1020,H2008/18867/376/R1,Metfil,Metformin Tablets,Tablet,India,Foreign,FOURRTS (INDIA) Laboratories Private Limited,SAI PHARMACEUTICALS LTD,2026 April 15,2031 April 15
1021,H2004/046/14262/R1,Flutrox 200,Fluconazole,Capsule,Kenya,Local,Universal Corporation Limited,UNIVERSAL CORPORATION LTD,2026 April 14,2031 April 14
1022,H2014/20098/302/R1,OCUTOB- D EYE DROPS,1)  Tobramycin Sulphate USP   2) Dexamethasone…,Eye Drops,India,Foreign,Centaur Pharmaceuticals Pvt. Ltd.,SAI PHARMACEUTICALS LTD,2026 April 09,2031 April 09
1023,H2006/024/17511/R1,Biocarb 150mg injection,Carboplatin Injection B.P.,Injection,India,Foreign,Zydus Healthcare Limited,SAI PHARMACEUTICALS LTD,2026 April 09,2031 April 09
1024,H2026/CTD8894/20487,NIFESTAR-SR,NIFEDIPINE,Tablet,Kenya,Local,Zain Pharma Limited,ZAIN PHARMA LIMITED,2026 April 09,2031 April 09
1025,H2007/18257/R1,Crestor 5 mg Tablets,Rosuvastatin calcium,Film-Coated Tablet,Puerto Rico,Foreign,AstraZeneca,ASTRAZENECA PHARMACEUTICALS LIMITED,2026 April 07,2031 April 07
1026,H2016/CTD3473/459/R1,Ceftrisone 1000,Ceftriaxone sodium USP,Powder And Solution For Solution For Injectio,India,Foreign,Unosource Pharma Limited,UNISEL LTD,2026 April 07,2031 April 07
1027,H2014/CTD1792/214/R1,CAPETERO 500,Capecitabine,Film-Coated Tablet,India,Foreign,Hetero Labs Ltd,UNISEL LTD,2026 April 07,2031 April 07
1028,H2018/4238/275ER/R1,Simponi 50mg Pre filled Syringe,Golimumab,Solution For Infusion In Pre-Filled Syringe,Switzerland,Foreign,Janssen Biologics B.V,JOHNSON & JOHNSON MIDDLE EAST FZ LLC,2026 April 03,2031 April 03
1029,H2016/CTD 2476/275/R1,Concerta 36mg extended-release tablet,methylphenidate hydrochloride,Tablet,United States,Foreign,"Janssen Pharmaceuticals, Inc",JOHNSON & JOHNSON MIDDLE EAST FZ LLC,2026 April 03,2031 April 03
1030,H2016/CTD2475/276/R1,Concerta 27mg extended-release tablet,Methylphenidate Hydrochloride,Tablet,United States,Foreign,"Janssen Pharmaceuticals, Inc",JOHNSON & JOHNSON MIDDLE EAST FZ LLC,2026 April 03,2031 April 03
1031,H2016/CTD2476/275/R1,CONCERTA 36MG,methylphenidate,Tablet,United States,Foreign,"Janssen Pharmaceuticals, Inc",JOHNSON & JOHNSON MIDDLE EAST FZ LLC,2026 April 03,2031 April 03
1032,H2008/19602/996,ACINET 1000,Amoxicillin Trihydrate & Clavulanate Potassium,Film-Coated Tablet,India,Foreign,GALAXY PHARMACEUTICAL LIMITED,GALAXY PHARMACEUTICAL LIMITED,2026 April 03,2031 April 03
1033,H2009/20963/634/R1,CABALIN 25,Pregabalin,Capsule,India,Foreign,GALAXY PHARMACEUTICAL LIMITED,GALAXY PHARMACEUTICAL LIMITED,2026 April 02,2031 April 02
1034,H2010/10829/R1,Ranferon Capsules,"Ferrous Fumarate,Folic…",Capsule,India,Foreign,Sun Pharmaceutical Industries Limited,SUN PHARMA EAST AFRICA LTD,2026 April 02,2031 April 02
1035,H2019/CTD4401/483ER/R1,DNS,ANHYDROUS GLUCOSE AND SODIUM CHLORIDE INTRAVENOUS…,Solution For Infusion,Uganda,Foreign,Abacus Pharma (A) Ltd,ABACUS PHARMA (A) LTD,2026 April 02,2031 April 02
1036,H2016/CTD3200/095/R1,SEREMAX-150 SR,Pregabalin,Capsule,India,Foreign,Theon Pharmaceuticals Ltd,SYNER-MED PHARMACEUTICALS (K)LTD,2026 April 01,2031 April 01
1037,H2007/383/R1,Aziflam 500mg Tablets,AZITHROMYCIN DIHYDRATE USP,Tablet,Kenya,Foreign,Harley's Limited,HARLEYS LTD-NAIROBI,2026 April 01,2031 April 01
1038,H2011/22344/R1,G-KIT,"Amoxicillin Tablets BP 1000 mg, Clarithromycin…",Tablet,India,Foreign,PRO MED PHARMACEUTICALS LTD,PRO MED PHARMACEUTICALS  LTD,2026 April 01,2031 April 01
1039,H2007/18520,Rifampicin 150/ Pyrazinamide 400/ Isoniazid 75/…,Rifampicin 150/ Pyrazinamide 400/ Isoniazid 75/…,Tablet,India,Foreign,Svizera Labs pvt Ltd,REDDYS PHARMA LTD,2026 April 01,2031 April 01
1040,H2007/18521,Rifampicin 150/ Isoniazid 75 Tablets,Rifampicin 150/ Isoniazid 75 Tablets,Orodispersible Tablet,India,Foreign,SVIZERA LABS PRIVATE LIMITED,REDDYS PHARMA LTD,2026 April 01,2031 April 01
1041,H2025/CTD10142/20083,FLUCASAL NASAL SPRAY,Fluticasone Furoate Nasal Spray.,Nasal Spray,India,Foreign,Mr. Mohammad Iftikhar Saeed,SIGNATURE HEALTHCARE LTD,2025 September 30,2030 September 30
1042,H2019/CTD6182/919ER/R1,LEVIGRESS 250 TABLETS,Levetiracetam USP,Tablet,India,Foreign,LA RENON HEALTHCARE PRIVATE LIMITED,WESSEX PHARMACEUTICALS LTD,2025 September 29,2030 September 29
1043,H2016/CTD3760/924/R1,METSAFE 500 ER,Metformin Hydrochloride,Film-Coated Tablet,India,Foreign,MSN Laboratories Private Limited,SIMBA PHARMACEUTICALS LTD,2025 September 29,2030 September 29
1044,H2011/21683/437/R1,NEBTAS 5mg,Nebivolol,Tablet,India,Foreign,Intas Pharmaceuticals Ltd,ACCORD HEALTHCARE (K) LTD,2025 September 29,2030 September 29
1045,H2018/CTD5821/612/R1,FOLISURGE 1200 INJECTION,r-Hu 1200 IU,Injection,India,Foreign,INTAS PHARMACEUTICALS LTD,ACCORD HEALTHCARE (K) LTD,2025 September 29,2030 September 29
1046,CTD5047/R1,FELAXIN SUSPENSION,Cefalexin,Powder For Syrup,India,Foreign,CROWN  HEALTHCARE,CROWN  HEALTHCARE,2025 September 29,2030 September 29
1047,H2019/CTD5986/1380ER/R1,GLUCOWELL-MET 50:1000MG FILM COATED TABLETS,VILDAGLIPTIN / METFORMIN HYDROCHLORIDE,Film-Coated Tablet,Kenya,Local,COSMOS LIMITED,COSMOS LIMITED,2025 September 29,2030 September 29
1048,H2019/CTD7291/14170/R1,Jardiance 25 mg Tablets,Empagliflozin,Film-Coated Tablet,Germany,Foreign,Boeheringer Ingelheim International GmbH,SURGIPHARM LTD,2025 September 29,2030 September 29
1049,H2019/CTD6181/920ER/R1,LEVIGRESS 500 TABLETS,Levetiracetam USP,Tablet,India,Foreign,LA RENON HEALTHCARE PRIVATE LIMITED,WESSEX PHARMACEUTICALS LTD,2025 September 29,2030 September 29
1050,H2010/22184/608/R1,NEBTAS - H,Nebivolol+ Hydrochlorothiazide,Tablet,India,Foreign,Intas Pharmaceuticals Ltd,ACCORD HEALTHCARE (K) LTD,2025 September 26,2030 September 26
1051,H2008/20002/874/R1,INJ. EPOFIT -2000i.u,Recombinant Human Erythropoietin,Injection,India,Foreign,Intas Pharmaceuticals Ltd,ACCORD HEALTHCARE (K) LTD,2025 September 26,2030 September 26
1052,CTD2879/R1,CURTOCIN INJECTION,Oxytocin BP,Solution For Injection,India,Foreign,CROWN  HEALTHCARE,CROWN  HEALTHCARE,2025 September 26,2030 September 26
1053,H2000/0334/13367/R1,Cetafor 500 mg IV,Ceftriaxone,Powder And Solvent For Solution For Injection,Turkey,Foreign,Dafra Pharma GmbH,ENERGIA PHARMA LIMITED,2025 September 26,2030 September 26
1054,H2000/0335/13368/R1,Cetafor 1000 mg IV,Ceftriaxone,Powder And Solvent For Solution For Injection,Turkey,Foreign,Dafra Pharma GmbH,ENERGIA PHARMA LIMITED,2025 September 26,2030 September 26
1055,H2014/CTD1400/054/R1,Risek Insta 40 mg + 1680 mg Powder for oral…,Omeprazole + Sodium Bicarbonate,Powder For Oral Suspension,Pakistan,Foreign,Getz Pharma (Pvt) Limited,SKY HEALTHCARE LTD,2025 September 26,2030 September 26
1056,H2014/CTD1401/055/R1,Risek Insta 20 mg + 1680 mg Powder for Oral…,Omeprazole + Sodium Bicarbonate,Powder For Oral Suspension,Pakistan,Foreign,Getz Pharma (Pvt) Limited,SKY HEALTHCARE LTD,2025 September 26,2030 September 26
1057,H2019/CTD5567/1383ER/R1,Olmesar AM Forte 5mg tablets,Olmesartan medoxomil & Amlodipine,Film-Coated Tablet,India,Foreign,Macleods Pharmaceuticals Limited,SAI PHARMACEUTICALS LTD,2025 September 26,2030 September 26
1058,17675/R1,CLAXY 625 TABLETS,AMOXICILLINE TRIHYDRATE USP AND DILUTED POTASSIUM…,Film-Coated Tablet,India,Foreign,Syner-Med Pharmaceuticals (K) Ltd,SYNER-MED PHARMACEUTICALS (K)LTD,2025 September 22,2030 September 22
1059,H2008/19736/884/R1,Hyorth Injection,Sodium  Hyaluronate BP,Injection,India,Foreign,Virchow Healthcare Pvt Ltd,SKY HEALTHCARE LTD,2025 September 22,2030 September 22
1060,H2016/CTD2780/986//R1,DUOSKIN Cream,Isoconazole nitrate and Diflucortolone valerate,Cream,Turkey,Foreign,Dafra Pharma GmbH,ENERGIA PHARMA LIMITED,2025 September 22,2030 September 22
1061,H2008/20003/875//R1,INJ. EPOFIT -4000i.u,Recombinant Human Erythropoietin,Injection,India,Foreign,Intas Pharmaceuticals Ltd,ACCORD HEALTHCARE (K) LTD,2025 September 22,2030 September 22
1062,H2011/22052/087/R1,Lonart 20/120 Oral Suspension,ArtemetherLumefantrine,Powder For Oral Suspension,India,Foreign,Bliss GVS Pharma Ltd.,THERALIFE PHARMA LTD,2025 September 22,2030 September 22
1063,H2015/CTD2322/025/R1,ZolRex 4,Zoledronic Acid for Injection,Injection,India,Foreign,Innorex Pharmaceuticals Ltd,SAI PHARMACEUTICALS LTD,2025 September 22,2030 September 22
1064,H2013/CTD761/054/R1,Tramacet Tablet,Tramadol/Paracetamol,Film-Coated Tablet,Italy,Foreign,Janssen Pharmaceutica,JOHNSON & JOHNSON MIDDLE EAST FZ LLC,2025 September 22,2030 September 22
1065,H2014/770/193/R1,PIP-OFF GEL,Clindamycin Phosphate,Gel,India,Foreign,Bliss GVS Pharma Ltd.,THERALIFE PHARMA LTD,2025 September 22,2030 September 22
1066,H2022/CTD9947/21736,NEUROGIL - 75,Pregabalin,"Capsule, Hard",India,Foreign,BEKRA PHARMA UK LTD,LIFON PHARMA LIMITED,2025 September 22,2030 September 22
1067,H2025/CTD11721/24913,CARDIPRIL 5,Enalapril Maleate,Tablet,Kenya,Local,ZAIN PHARMA LIMITED,ZAIN PHARMA LIMITED,2025 September 22,2030 September 22
1068,H2019/CTD6901/13389/R1,KEPAM 500mg/5ml solution for injection.,Levetiracetam  USP,Solution For Injection,Jordan,Foreign,Ms Pharma- Jordan,EVKA CONSULTZ LTD,2025 September 19,2030 September 19
1069,H2020/CTD7565/14732/R1,LOSARTAN TABLETS,LOSARTAN POTASSIUM,Tablet,Kenya,Local,Laboratory & Allied Ltd,LABORATORY & ALLIED LTD,2025 September 19,2030 September 19
1070,H2020/CTD063/843ER/R1,PIRICET 10MG TABLETS,CETIRIZINE HYDROCHLORIDE,Tablet,Kenya,Local,BIODEAL LABORATORIES LTD,BIODEAL LABORATORIES LTD,2025 September 19,2030 September 19
1071,H2019/CTD7364/14512/R1,GLUCOWELL-MET 50:850MG FILM COATED TABLETS,VILDAGLIPTIN / METFORMIN HYDROCHLORIDE BP,Film-Coated Tablet,Kenya,Local,COSMOS LIMITED,COSMOS LIMITED,2025 September 19,2030 September 19
1072,H2019/CTD7002/13411/R1,ZYRTAL GEL,Aceclofenac BP Menthol USP,Gel,India,Foreign,PHARMAKEN LTD,PHARMAKEN LTD,2025 September 19,2030 September 19
1073,H2019/CTD6905/13395/R1,PARAVIN 1000mg/100ml Solution for Infusion,Paracetamol EP,Solution For Infusion,Jordan,Foreign,MS Pharma Jordan,EVKA CONSULTZ LTD,2025 September 19,2030 September 19
1074,H2019/CTD5774/918ER/R1,KCHEK ORAL SACHETS,Calcium Polystyrene Sulphonate BP,Powder For Oral Suspension,India,Foreign,LA RENON HEALTHCARE PRIVATE LIMITED,WESSEX PHARMACEUTICALS LTD,2025 September 19,2030 September 19
1075,H2019/CTD5856/1070ER/R1,AVIBELA,Levonorgestrel,Intrauterine Delivery System,Belgium,Foreign,Impact RH360,IMPERIAL MANAGED SOLUTIONS EAST AFRICA LTD-…,2025 September 19,2030 September 19
1076,H2019/CTD3704/903ER/R1,MYCODEAL SOLUTION,BIFONAZOLE,Cutaneous Liquid,Kenya,Local,BIODEAL LABORATORIES LTD,BIODEAL LABORATORIES LTD,2025 September 17,2030 September 17
1077,H2020/CTD7586/14768/R1,Methadone 5mg/ml Oral Solution,Methadone Hydrochloride,Oral Solution,United Kingdom,Foreign,Martindale Pharma,LABOREX KENYA LTD-MOMBASA ROAD,2025 September 17,2030 September 17
1078,H2025/CTD12137/24344,APOVIR 500 INJECTION,Acyclovir for Injection USP 500mg,Injection,India,Foreign,NATIONAL PHARMACY LTD,NATIONAL PHARMACY LTD,2025 September 17,2030 September 17
1079,H2025/CTD10839/23083,ATROGEN INJECTION,ATROPINE INJECTION BP,Injection,India,Foreign,GOODMED PHARMACY LTD,GOODMED HEALTHCARE LIMITED,2025 September 17,2030 September 17
1080,H2025/CTD8964/17916,Anastrozole Denk 1 mg,Anastrozole,Film-Coated Tablet,Germany,Foreign,DENK PHARMA GmbH & Co. KG,LABOREX KENYA LTD-MOMBASA ROAD,2025 September 17,2030 September 17
1081,H2025/CTD12169/25954,HERNEE DMPA,Medroxyprogesterone Acetate,Injection,Kenya,Foreign,NATIONAL PHARMACY LTD,NATIONAL PHARMACY LTD,2025 September 17,2030 September 17
1082,H2025/CTD12210/25691,TRIZ 1000,Ceftriaxone For Injection USP 1000 mg,Powder For Injection,India,Foreign,ZIKE CORPORATION LTD,ZIKE CORPORATION LTD,2025 September 17,2030 September 17
1083,H2025/CTD12528/27003,CARBAPRO 200,Carbamazepine Tablet BP,Tablet,Kenya,Local,PRO MED PHARMACEUTICALS LTD,PRO MED PHARMACEUTICALS  LTD,2025 September 17,2030 September 17
1084,H2025/CTD7033/13450,Amva Denk 5/80 mg,Amlodipine / Valsartan,Film-Coated Tablet,Germany,Foreign,Denk Pharma GmbH & Co. KG,LABOREX KENYA LTD-MOMBASA ROAD,2025 September 17,2030 September 17
1085,H2025/CTD12043/23509,ADRESTAR INJECTION,Adrenaline Acid Tartrate BP,Injection,India,Foreign,GOODMED PHARMACY LTD,GOODMED HEALTHCARE LIMITED,2025 September 17,2030 September 17
1086,H2025/CTD12041/26293,METOGOOD,Metoclopramide Injection BP 5mg/ml,Injection,India,Foreign,GOODMED HEALTHCARE LIMITED,GOODMED HEALTHCARE LIMITED,2025 September 17,2030 September 17
1087,H2025/CTD11911/25967,IMEG 1000MG TABLETS,Imeglimin Hydrochloride,Film-Coated Tablet,Kenya,Local,DAWA LIMITED,DAWA LTD,2025 September 17,2030 September 17
1088,H2025/CTD11400/24272,Axaban-Denk 2.5 mg,Apixaban,Tablet,Germany,Foreign,Denk Pharma GmbH & Co. KG,LABOREX KENYA LTD-MOMBASA ROAD,2025 September 17,2030 September 17
1089,H2025/CTD11701/25116,Bedoic Plus tablets,Rosuvastatin calcium and Bempedoic acid.,Film-Coated Tablet,India,Foreign,Dawa Limited,DAWA LTD,2025 September 17,2030 September 17
1090,H2025/CTD11414/15554,FEVADOL INJECTION,Paracetamol Intravenous Infusion,Infusion,India,Foreign,KRISHNA CHEMISTS LTD,KRISHNA CHEMISTS LTD,2025 September 17,2030 September 17
1091,H2025/CTD11421/15569,KETOFLAM,KETOROLAC TROMETHAMINE OPHTHALMIC SOLUTION,Eye Drops,India,Foreign,KRISHNA CHEMISTS LTD,KRISHNA CHEMISTS LTD,2025 September 17,2030 September 17
1092,H2025/CTD11876/25331,TELGOOD 40 CT 6.25,Telmisartan and Chlorthalidone,Tablet,Kenya,Local,ZAIN PHARMA LIMITED,ZAIN PHARMA LIMITED,2025 September 15,2030 September 15
1093,H2025/CTD12202/26803,Apixa 2.5mgTablet,Apixaban,Tablet,Pakistan,Foreign,Pharmatec Pakistan (Pvt) Ltd.,GLOBE PHARMACY LTD,2025 September 15,2030 September 15
1094,H2025/CTD12203/26804,Apixa 5mgTablet,Apixaban,Tablet,Pakistan,Foreign,Pharmatec Pakistan (Pvt) Ltd.,GLOBE PHARMACY LTD,2025 September 15,2030 September 15
1095,H2025/CTD12685/25430,RIVABA 10,Rivaroxaban,Tablet,Kenya,Local,ZAIN PHARMA LIMITED,ZAIN PHARMA LIMITED,2025 September 15,2030 September 15
1096,H2025/CTD12686/25432,RIVABA 20,Rivaroxaban,Tablet,Kenya,Local,ZAIN PHARMA LIMITED,ZAIN PHARMA LIMITED,2025 September 15,2030 September 15
1097,H2025/CTD12687/25431,RIVABA 15,Rivaroxaban,Tablet,Kenya,Local,ZAIN PHARMA LIMITED,ZAIN PHARMA LIMITED,2025 September 15,2030 September 15
1098,5442/R1,Duphaston 10 mg,Dydrogesterone,Tablet,Netherlands,Foreign,Abbott Laboratories S.A. (Pty) Ltd,IMPERIAL MANAGED SOLUTIONS EAST AFRICA LTD-…,2025 September 15,2030 September 15
1099,H2019/CTD5342/R1,ELECTRORUSH ORS POWDER,Sodium Chloride BP : 2.60 gm     Potassium…,Powder For Oral Solution,India,Foreign,HALEWOOD LABORATORIES PVT. LTD,SYNER-MED PHARMACEUTICALS (K)LTD,2025 September 15,2030 September 15
1100,H2020/CTD2847/1502ER/R1,Certican 0.75mg,Everolimus,Tablet,Switzerland,Foreign,Novartis Pharma AG,NVS KENYA LTD,2025 September 15,2030 September 15
1101,H2020/CTD2848/1503ER/R1,Certican 1mg,Everolimus,Tablet,Switzerland,Foreign,Novartis Pharma AG,NVS KENYA LTD,2025 September 15,2030 September 15
1102,H2020/CTD2849/1501ER/R1,Certican 0.5mg,Everolimus,Tablet,Switzerland,Foreign,Novartis Pharma AG,NVS KENYA LTD,2025 September 15,2030 September 15
1103,H2020/CTD7469/1404ER/R1,LURATA 40,Lurasidone hydrochloride 40 mg,Film-Coated Tablet,India,Foreign,MSN LABORATORIES PRIVATE LIMITED,SIMBA PHARMACEUTICALS LTD,2025 September 15,2030 September 15
1104,H2020/CTD2850/1500ER/R1,Certican 0.25mg,Everolimus,Tablet,Switzerland,Foreign,Novartis Pharma AG,NVS KENYA LTD,2025 September 15,2030 September 15
1105,H2016/CTD2618/401/R1,Jakavi 20mg,Ruxolitinib,Tablet,Switzerland,Foreign,NVS Kenya Limited,NVS KENYA LTD,2025 September 15,2030 September 15
1106,H2016/CTD2617/400/R1,Jakavi 15mg,Ruxolitinib,Tablet,Switzerland,Foreign,NVS Kenya Limited,NVS KENYA LTD,2025 September 15,2030 September 15
1107,H2016/CTD2615/399/R1,Jakavi 5mg,Ruxolitinib,Tablet,Switzerland,Foreign,NVS Kenya Limited,NVS KENYA LTD,2025 September 15,2030 September 15
1108,H2015/CTD2537/149/R1,BRAVEMOL INTRAVENOUS INFUSION,PARACETAMOL,Solution For Infusion,India,Foreign,PHARMA SPECIALITIES LIMITED,PHILLIPS THERAPEUTICS LIMITED,2025 September 15,2030 September 15
1109,H2014/CTD338/477/R1,SHALCIP TABLETS,Ciprofloxacin Hydrochloride Tablets USP,Tablet,India,Foreign,SHALINA HEALTHCARE DMCC,SHALINA HEALTHCARE KENYA LIMITED,2025 September 15,2030 September 15
1110,H2014/CTD2018/116/R1,COARTEM 80/480,ARTEMETHER/LUMEFANTRINE,Tablet,Turkey,Foreign,Novartis Pharma Services Inc,NVS KENYA LTD,2025 September 15,2030 September 15
1111,H2014/CTD1007/241/R1,SHALCIP TZ  TABLETS,"Ciprofloxacin Hydrochloride, Tinidazole",Tablet,India,Foreign,Shalina Healthcare DMCC,SHALINA HEALTHCARE KENYA LIMITED,2025 September 15,2030 September 15
1112,H2013/CTD545/387/R1,RUFENAC GEL,Diclofenac Diethyl ammonium salt 1.16%w/w…,Gel,India,Foreign,Shalina Healthcare DMCC,SHALINA HEALTHCARE KENYA LIMITED,2025 September 15,2030 September 15
1113,H2008/18370/R1,Patizra Injection 10mg/ml,Ranibizumab,Solution For Injection,Switzerland,Foreign,Novartis,NVS KENYA LTD,2025 September 15,2030 September 15
1114,H2025/CTD12795/27052,Sitared-M 50 mg/850 mg,Sitagliptin and Metformin HCl,Tablet,India,Foreign,DR. REDDY’S LABORATORIES LIMITED,THE EAH CARE LIMITED,2025 September 05,2030 September 05
1115,H2025/CTD12796/27053,Sitared-M 50 mg/1000 mg,Sitagliptin and Metformin HCl,Tablet,India,Foreign,DR. REDDY’S LABORATORIES LIMITED,THE EAH CARE LIMITED,2025 September 05,2030 September 05
1116,H2025/CTD12807/27401,Sevelared 800mg,Sevelamer Carbonate,Tablet,India,Foreign,Dr Reddy's Laboratories Limited,THE EAH CARE LIMITED,2025 September 05,2030 September 05
1117,H2025/CTD11108/22702,Nervoliv-75,Pregabalin,"Capsule, Hard",Kenya,Local,Universal Corporation Limited,UNIVERSAL CORPORATION LTD,2025 September 02,2030 September 02
1118,H2025/CTD11418/15539,DEXASONE DROPS,DEXAMETHASONE SODIUM PHOSPHATE EYE DROPS BP,"Eye Drops, Solution",India,Foreign,KRISHNA CHEMISTS LTD,KRISHNA CHEMISTS LTD,2025 September 02,2030 September 02
1119,H2025/CTD11420/15555,GENTAMICIN EYE DROPS,GENTAMICIN EYE DROPS BP,Eye Drops,India,Foreign,KRISHNA CHEMISTS LTD,KRISHNA CHEMISTS LTD,2025 September 02,2030 September 02
1120,H2025/CTD11422/15571,LAPROST,LATANOPROST OPHTHALMIC SOLUTION,Eye Drops,India,Foreign,KRISHNA CHEMISTS LTD,KRISHNA CHEMISTS LTD,2025 September 02,2030 September 02
1121,H2025/CTD8636/16536,Lacinil Drops,Simethicone,"Oral Drops, Emulsion",India,Foreign,Laso Healthcare Pvt Ltd,SIMBA PHARMACEUTICALS LTD,2025 September 02,2030 September 02
1122,H2025/CTD11107/22703,Nervoliv-150,Pregabalin,"Capsule, Hard",Kenya,Local,Universal Corporation Limited,UNIVERSAL CORPORATION LTD,2025 September 02,2030 September 02
1123,H2025/CTD11929/15545,DEXASONE TABLETS,DEXAMETHASONE TABLETS BP,Tablet,India,Foreign,KRISHNA CHEMISTS LTD,KRISHNA CHEMISTS LTD,2025 September 02,2030 September 02
1124,H2025/CTD9261/20039,Iracet 250 Tablet,Levetiracetam USP,Film-Coated Tablet,Bangladesh,Foreign,Square Pharmaceuticals Limited,ACE PHARMACEUTICALS LTD,2025 September 02,2030 September 02
1125,H2025/CTD11091/24610,ZOLOS Solution for Infusion,Zoledronic acid (as Monohydrate) 5 mg in 100ml,Solution For Infusion,Kenya,Local,Tasa Pharma Ltd,TASA PHARMA LIMITED,2025 September 02,2030 September 02
1126,H2025/CTD13103/27926,Buprenorphine/naloxone,Buprenorphine/naloxone,Sublingual Tablet,Iran,Foreign,Faran Shimi Tuyserkan Co.,UNITED PHARMA (K) LTD,2025 October 29,2030 October 29
1127,H2025/CTD8802/17565,ATAVAZ,Atazanavir and Ritonavir Tablets 300/100 mg,Film-Coated Tablet,India,Foreign,SUN PHARMACEUTICAL INDUSTRIES LIMITED,SUN PHARMA EAST AFRICA LTD,2025 October 29,2030 October 29
1128,H2025/CTD12079/25170,Erloytk 150,Erlotinib,Tablet,India,Foreign,MSN Laboratories Private Limited,MSN LABORATORIES PVT LTD,2025 October 27,2030 October 27
1129,H2025/CTD10930/23547,Anti D 300 mcg,Trinbelimab,Injection,India,Foreign,M/s Bharat Serums and Vaccines Limited,NAIROBI ENTERPRISES LTD,2025 October 27,2030 October 27
1130,H2025/CTD12072/26679,CELESTINAC,"Dexchlorpheniramine Maleate, Betamethasone",Film-Coated Tablet,India,Foreign,WAREHOUSE PHARMACEUTICALS LIMITED,WAREHOUSE PHARMACEUTICALS LIMITED,2025 October 27,2030 October 27
1131,H2025/CTD11234/21040,BOSNIB 100,BOSUTINIB,Tablet,India,Foreign,MSN Laboratories Private Limited,MSN LABORATORIES PVT LTD,2025 October 27,2030 October 27
1132,H2025/CTD11478/22711,SLEEPGABA 2,Eszopiclone Tablets 2mg,Film-Coated Tablet,India,Foreign,HETERO LABS LIMITED,UNISEL LTD,2025 October 27,2030 October 27
1133,H2025/CTD12927/27940,Bavencio,Avelumab,Concentrate For Solution For Infusion,Switzerland,Foreign,Merck (Pty) Ltd,IMPERIAL MANAGED SOLUTIONS EAST AFRICA LTD-…,2025 October 27,2030 October 27
1134,H2025/CTD11233/21041,BOSNIB 500,BOSUTINIB,Tablet,India,Foreign,MSN Laboratories Private Limited,MSN LABORATORIES PVT LTD,2025 October 27,2030 October 27
1135,H2025/CTD11699/24792,CAPRIN(Heparin Injection BP 25000 IU/5ml),Heparin Sodium BP,Injection,India,Foreign,SAMARTH LIFE SCIENCE PVT. LTD,NAIROBI ENTERPRISES LTD,2025 October 27,2030 October 27
1136,H2025/CTD12815/27469,Fulvered,Fulvestrant 250 mg Solution for Injection,Injection,India,Foreign,Dr Reddy's Laboratories Limited,THE EAH CARE LIMITED,2025 October 27,2030 October 27
1137,H2025/CTD11792/24966,CAPRIN (Heparin Injection BP 5000IU/ 5ml),Heparin Sodium BP,Injection,India,Foreign,SAMARTH LIFE SCIENCE PVT. LTD,NAIROBI ENTERPRISES LTD,2025 October 27,2030 October 27
1138,H2025/CTD12363/26795,HYOCIR,Hyoscine Butyl Bromide BP,Solution For Injection,India,Foreign,CIRON DRUGS AND PHARMACEUTICALS PVT. LTD.,CDPL AFRICA HEALTHCARE LIMITED,2025 October 27,2030 October 27
1139,H2025/CTD12834/27222,EMGLY  10 (Empagliflozin Tablets 10 mg),Empagliflozin,Tablet,India,Foreign,Hetero Labs Limited.,MEDSCRIBE LIMITED,2025 October 24,2030 October 24
1140,H2025/CTD11249/22989,EFLOZIN 25 MG,EMPAGLIFLOZIN,Film-Coated Tablet,Pakistan,Foreign,Scilife Pharma (Pvt.) Ltd.,ENERGIA PHARMA LIMITED,2025 October 23,2030 October 23
1141,H2025/CTD12885/27755,Cabazred,Cabazitaxel 60 mg Concentrate and Solvent for…,Solution For Injection/Infusion,India,Foreign,Dr Reddy's Laboratories Limited,THE EAH CARE LIMITED,2025 October 22,2030 October 22
1142,H2025/CTD12941/26700,OTRIVIN ADULT NASAL SPRAY,Xylometazoline HCL,Nasal Spray,Switzerland,Foreign,GlaxoSmithKline Limited,HALEON KENYA LIMITED,2025 October 22,2030 October 22
1143,H2025/CTD8489/16721,LERACE 500MG INJECTION,Levetiracetam,Injection,Pakistan,Foreign,Hilton Pharma (Pvt.) Ltd.,SURGILINKS LTD,2025 October 21,2030 October 21
1144,H2025/CTD8488/16720,LERACE ORAL SOLUTION,Levetiracetam,Oral Solution,Pakistan,Foreign,Hilton Pharma (Pvt.) Ltd.,SURGILINKS LTD,2025 October 21,2030 October 21
1145,H2025/CTD8487/16656,LERACE 250MG TABLETS,Levetiracetam,Film-Coated Tablet,Pakistan,Foreign,Hilton Pharma (Pvt.) Ltd.,SURGILINKS LTD,2025 October 21,2030 October 21
1146,H2025/CTD8490/16677,LERACE 750MG TABLETS,Levetiracetam,Film-Coated Tablet,Pakistan,Foreign,Hilton Pharma (Pvt.) Ltd.,SURGILINKS LTD,2025 October 21,2030 October 21
1147,H2025/CTD12466/26712,TRAM,Tramadol Hydrochloride BP,Solution For Injection,India,Foreign,CIRON DRUGS AND PHARMACEUTICALS PVT. LTD,CDPL AFRICA HEALTHCARE LIMITED,2025 October 21,2030 October 21
1148,H2025/CTD12329/26850,PRONEO INJECTION,Neostigmine Injection BP 2.5mg/ml,Injection,India,Foreign,PRO MED PHARMACEUTICALS LTD,PRO MED PHARMACEUTICALS  LTD,2025 October 21,2030 October 21
1149,H2025/CTD11923/25273,CROTAM 750MG FILM COATED TABLETS,Levetiracetam,Film-Coated Tablet,Kenya,Local,COSMOS LIMITED,COSMOS LIMITED,2025 October 21,2030 October 21
1150,H2025/CTD11924/25290,COSTAPYN 450:10:50:5MG TABLETS,"Paracetamol, Codeine Phosphate, Caffeine…",Tablet,Kenya,Local,COSMOS LIMITED,COSMOS LIMITED,2025 October 21,2030 October 21
1151,H2025/CTD11987/25257,CROTAM 250MG FILM COATED TABLETS,Levetiracetam,Film-Coated Tablet,Kenya,Local,COSMOS LIMITED,COSMOS LIMITED,2025 October 21,2030 October 21
1152,H2025/CTD12267/26049,LINAZA 600,Linezolid,Coated Tablet,Kenya,Local,NATIONAL PHARMACY LTD,NATIONAL PHARMACY LTD,2025 October 21,2030 October 21
1153,H2025/CTD8654/18073,DAPA TABLETS 5MG,DAPAGLIFLOZIN PROPANEDIOL MONOHYDRATE,Film-Coated Tablet,Pakistan,Foreign,Hilton Pharma (Pvt.) Ltd.,SURGILINKS LTD,2025 October 21,2030 October 21
1154,H2025/CTD8659/18074,DAPA TABLETS 10MG,DAPAGLIFLOZIN PROPANEDIOL MONOHYDRATE,Film-Coated Tablet,Pakistan,Foreign,Hilton Pharma (Pvt.) Ltd.,SURGILINKS LTD,2025 October 21,2030 October 21
1155,H2025/CTD12383/26923,FOSFOPRO,Each sachet contains:  Fosfomycin Trometamol BP…,Granules,India,Foreign,PRO MED PHARMACEUTICALS LTD,PRO MED PHARMACEUTICALS  LTD,2025 October 21,2030 October 21
1156,H2025/CTD11282/24446,"Glucose Injection 5%, 500mL","Glucose Injection 5%, 500mL",Solution For Infusion,China,Foreign,Nanjing Sino Pharmaceutical Ltd,NAIROBI ENTERPRISES LTD,2025 October 21,2030 October 21
1157,H2025/CTD12761/27577,DESONAL SYRUP,Desloratadine,Syrup,Kenya,Local,NATIONAL PHARMACY LTD,NATIONAL PHARMACY LTD,2025 October 21,2030 October 21
1158,H2025/CTD12831/27223,EMGLY 25 (Empagliflozin Tablets 25 mg),Empagliflozin,Tablet,India,Foreign,Hetero Labs Limited.,MEDSCRIBE LIMITED,2025 October 21,2030 October 21
1159,H2025/CTD12735/27696,CELONAL MR,"Celecoxib 200mg, Paracetamol 325mg &…",Tablet,Kenya,Local,NATIONAL PHARMACY LTD,NATIONAL PHARMACY LTD,2025 October 21,2030 October 21
1160,H2025/CTD9740/21366,Ursolic 300,Ursodeoxycholic acid BP,Film-Coated Tablet,India,Foreign,ALKEM LABORATORIES LIMITED,PHARMACOR LTD,2025 October 08,2030 October 08
1161,H2025/CTD11317/24818,PHADRIN Solution for Injection,Ephedrine Hydrochloride,Solution For Injection,Kenya,Local,Tasa Pharma Ltd,TASA PHARMA LIMITED,2025 October 08,2030 October 08
1162,H2025/CTD12564/26215,SAFETELMI AM 80/10,"Telmisartan Ph.Eur, Amlodipine Ph.Eur",Tablet,India,Foreign,MSN Laboratories Private Limited,SIMBA PHARMACEUTICALS LTD,2025 October 08,2030 October 08
1163,H2025/CTD12835/27203,APIQX 5 (Apixaban Tablets 5 mg),Apixaban,Tablet,India,Foreign,HETERO LABS LIMITED,MEDSCRIBE LIMITED,2025 October 08,2030 October 08
1164,H2025/CTD11066/24656,Evaglip 25/5 Tablet,Empagliflozin and Linagliptin INN,Tablet,Bangladesh,Foreign,HEALTHCARE PHARMACEUTICALS LIMITED,NEXTGEN PHARMACEUTICALS (K) LTD,2025 October 08,2030 October 08
1165,H2025/CTD11065/24593,Evaglip 10/5 Tablet,Empagliflozin and Linagliptin INN,Tablet,Bangladesh,Foreign,HEALTHCARE PHARMACEUTICALS LIMITED,NEXTGEN PHARMACEUTICALS (K) LTD,2025 October 08,2030 October 08
1166,H2025/CTD11533/18229,TYKODAS 70,Dasatinib,Tablet,India,Foreign,MSN Laboratories Private Limited,MSN LABORATORIES PVT LTD,2025 October 08,2030 October 08
1167,H2025/CTD11062/24488,"Sodium Lactate Ringers Injection, 500ml","Sodium Lactate, Sodium Chloride, Potassium…",Solution For Infusion,China,Foreign,NANJING SINO PHARMACEUTICAL LTD,NAIROBI ENTERPRISES LTD,2025 October 08,2030 October 08
1168,H2025/CTD11291/23900,Levorest-F Tablet,"Levonorgestrel BP/Ph.Eur., Ethinylestradiol…",Tablet,Bangladesh,Foreign,Renata Limited,HARLEYS LTD-NAIROBI,2025 October 08,2030 October 08
1169,H2025/CTD12344/25908,REMUS 0.1% OINTMENT,Tacrolimus USP,Ointment,Bangladesh,Foreign,Square Pharmaceuticals Limited,ACE PHARMACEUTICALS LTD,2025 October 08,2030 October 08
1170,H2025/CTD11648/24869,LINADEX 25,Lenalidomide,Capsule,India,Foreign,Hetero Labs Limited,UNISEL LTD,2025 October 08,2030 October 08
1171,H2025/CTD11574/21286,NAXACOR CREAM,Nadifloxacin,Cream,India,Foreign,SIGNATURE HEALTHCARE LIMITED,SIGNATURE HEALTHCARE LTD,2025 October 08,2030 October 08
1172,H2025/CTD11061/24453,"Sodium chloride Infusion 0.9%, 500ml","Sodium chloride Infusion 0.9%, 500ml",Solution For Infusion,China,Foreign,NANJING SINO PHARMACEUTICAL LTD,NAIROBI ENTERPRISES LTD,2025 October 08,2030 October 08
1173,H2025/CTD11815/26014,Vacutec 49mg/51mg Tablet,Sacubitril/Valsartan,Tablet,Pakistan,Foreign,Pharmatec Pakistan(Pvt) Ltd.,GLOBE PHARMACY LTD,2025 October 08,2030 October 08
1174,H2025/CTD11340/23370,Foligraf 900 IU (66.0µg)/1.5ml Multidose Pre…,Follitropin Concentrated Solution (Recombinant)…,Solution For Injection In Pre-Filled Pen,India,Foreign,M/s Bharat Serums and Vaccines Limited,NAIROBI ENTERPRISES LTD,2025 October 08,2030 October 08
1175,H2025/CTD11814/26013,Vacutec 24/26mg Tablet,Sacubitril/Valsartan,Tablet,Pakistan,Foreign,Pharmatec Pakistan(Pvt) Ltd.,GLOBE PHARMACY LTD,2025 October 08,2030 October 08
1176,H2025/CTD9804/21319,TIRONEM,Doripenem Monohydrate,Powder For Infusion,Indonesia,Foreign,Pt Sanbe Farma,SAI PHARMACEUTICALS LTD,2025 October 08,2030 October 08
1177,H2025/CTD11807/18869,BRAVIFO 100,Paclitaxel USP,Injection,India,Foreign,MSN Laboratories Private Limited,MSN LABORATORIES PVT LTD,2025 October 08,2030 October 08
1178,H2025/CTD12649/26949,CILATIN 50,Cisplatin,Injection,India,Foreign,Hetero Labs Limited,UNISEL LTD,2025 October 08,2030 October 08
1179,H2025/CTD10005/18768,Xilica 50mg Capsule,Pregablin,Capsule,Pakistan,Foreign,PharmEvo Pvt. Ltd.,HARLEYS LTD-NAIROBI,2025 October 08,2030 October 08
1180,H2025/CTD9515/20040,Iracet Injection,Levetiracetam USP,Solution For Injection,Bangladesh,Foreign,Square Pharmaceuticals Limited,ACE PHARMACEUTICALS LTD,2025 October 08,2030 October 08
1181,H2025/CTD12663/27207,Hi Line-NS 3%,Sodium Chloride BP,Solution For Infusion,India,Foreign,232,AUM PHARMACEUTICALS LTD - MPAKA HOUSE,2025 October 08,2030 October 08
1182,H2025/CTD12263/26953,Resiliva 80,Resmetirom,Tablet,Bangladesh,Foreign,Zinaya Pharmaceuticals Ltd,SKY HEALTHCARE LTD,2025 October 08,2030 October 08
1183,H2025/CTD12286/16823,BINFIN 5,Finasteride,Film-Coated Tablet,India,Foreign,Hetero Labs Limited (Unit-III),UNISEL LTD,2025 October 08,2030 October 08
1184,H2025/CTD12616/20445,Pregasafe 50,Pregabalin,Capsule,India,Foreign,MSN Laboratories Private Limited,SIMBA PHARMACEUTICALS LTD,2025 October 08,2030 October 08
1185,H2025/CTD9162/18771,Xilica 75mg Capsule,Pregabalin,Capsule,Pakistan,Foreign,PharmEvo Pvt. Ltd,HARLEYS LTD-NAIROBI,2025 October 08,2030 October 08
1186,H2025/CTD11448/23926,Levorest- 28 Tablet,Levonorgestrel BP/Ph.Eur. & Ethinylestradiol…,Tablet,Bangladesh,Foreign,Renata Limited,HARLEYS LTD-NAIROBI,2025 October 08,2030 October 08
1187,H2025/CTD12836/27202,APIQX 2.5 (Apixaban Tablets 2.5 mg),Apixaban,Tablet,India,Foreign,HETERO LABS LIMITED,MEDSCRIBE LIMITED,2025 October 08,2030 October 08
1188,H2025/CTD9163/18775,Xilica 150mg Capsule,Pregabalin,Capsule,Pakistan,Foreign,PharmEvo Pvt. Ltd.,HARLEYS LTD-NAIROBI,2025 October 08,2030 October 08
1189,H2025/CTD11431/24002,MIDOLAM 15 TABLETS,MIDAZOLAM TABLETS 15MG,Film-Coated Tablet,India,Foreign,Krishna Chemists Ltd,KRISHNA CHEMISTS LTD,2025 October 08,2030 October 08
1190,H2025/CTD11527/23967,"Dolutegravir, Lamivudine and Tenofovir Disoproxil…","Dolutegravir, Lamivudine & Tenofovir Disoproxil…",Tablet,India,Foreign,Micro Labs Limited,MICRO LABS (EA) LTD,2025 October 06,2030 October 06
1191,H2025/CTD11572/23970,Abacavir and Lamivudine Dispersible Tablets 120…,Abacavir Sulfate and Lamivudine,Dispersible Tablet,India,Foreign,Micro Labs Limited,MICRO LABS (EA) LTD,2025 October 06,2030 October 06
1192,H2025/CTD8847/16864,Mofecon-S 180,Mycophenolate Sodium,Modified-Release Tablet,India,Foreign,Concord Biotech LTD,WESSEX PHARMACEUTICALS LTD,2025 October 06,2030 October 06
1193,H2025/CTD10580/23490,DENMOL-A,Aceclofenac BP …………. 100 mg  Paracetamol BP…,Tablet,India,Foreign,Denmark Pharmaceuticals Pvt Ltd,PRUNUS PHARMA LIMITED,2025 November 24,2030 November 24
1194,H2011/3551/R1,Tenormin 50 mg Tablets,Atenolol,Film-Coated Tablet,United Kingdom,Foreign,AstraZeneca UK Ltd,IMPERIAL MANAGED SOLUTIONS EAST AFRICA LTD-…,2025 November 24,2030 November 24
1195,H2013/CTD1293/346/R1,"Jentadueto 2,5 mg/500 mg Tablets",Linagliptin & Metformin,Film-Coated Tablet,Germany,Foreign,Boehringer Ingelheim international GmbH,SURGIPHARM LTD,2025 November 24,2030 November 24
1196,H2013/CTD1295/344/R1,"Jentadueto 2,5 mg/1000 mg Tablets",Linagliptin & Metformin Hydrochloride,Film-Coated Tablet,Germany,Foreign,Boehringer Ingelheim international GmbH,SURGIPHARM LTD,2025 November 24,2030 November 24
1197,7766/R1,Medi-Keel A,Cetylpyridinium chloride 1.2mg Benzocaine 12mg,Lozenge,India,Foreign,ADCOCK INGRAM LTD.,IMPERIAL MANAGED SOLUTIONS EAST AFRICA LTD-…,2025 November 24,2030 November 24
1198,H2008/7649/R1,Zestoretic 20/12.5 mg Tablets,Lisinopril dihydrate and hydrochlorothiazide,Tablet,United Kingdom,Foreign,Astrazeneca,IMPERIAL MANAGED SOLUTIONS EAST AFRICA LTD-…,2025 November 24,2030 November 24
1199,H2025/CTD11494/25119,Oxycod 10/Oxycod 20 Solution for…,Oxycodone Hydrochloride,Solution For Injection/Infusion,Kenya,Local,Tasa Pharma Ltd,TASA PHARMA LIMITED,2025 November 07,2030 November 07
1200,H2025/CTD8582/15897,CEFTAZIDIME FOR INJECTION 1g,Ceftazidime pentahydrate,Powder For Solution For Injection,China,Foreign,"Guilin Pharmaceutical (Shanghai) Co., Ltd.",TRIDEM PHARMA KENYA LTD,2025 November 07,2030 November 07
1201,H2025/CTD12916/26638,"TOTYLEM 60 mg/0.4 mg, film-coated tablet",Iron (ferrous gluconate hydrate)/ Folic acid…,Film-Coated Tablet,France,Foreign,Laboratoire Innotech International,HARLEYS LTD-NAIROBI,2025 November 07,2030 November 07
1202,H2025/CTD12898/26063,CYCLO P,Cyclopentolate Hydrochloride,"Eye Drops, Solution",Uganda,Foreign,ABACUS PARENTERAL DRUGS LTD,ABACUS PHARMA (A) LTD,2025 November 07,2030 November 07
1203,H2025/CTD12586/26468,HAMSYL,Pegaspargase  3750 IU/ 5 ml (i.e. 750 IU/ml),Injection,India,Foreign,GENNOVA BIOPHARMACEUTICALS LIMITED,LAZOR PHARMACEUTICALS LIMITED,2025 November 07,2030 November 07
1204,H2025/CTD12003/25334,TELGOOD 80 CT 12.5,Telmisartan and Chlorthalidone,Tablet,Kenya,Local,ZAIN PHARMA LIMITED,ZAIN PHARMA LIMITED,2025 November 03,2030 November 03
1205,H2025/CTD12387/26234,DNS,Sodium Chloride (0.9% w/v) and Glucose (5.0% w/v)…,Infusion,India,Foreign,GOODMED HEALTHCARE LIMITED,GOODMED HEALTHCARE LIMITED,2025 November 03,2030 November 03
1206,H2025/CTD12672/26903,GABAPRO,Each Film Tablet contains:  Gabapentin BP  300mg…,Tablet,Kenya,Local,PRO MED PHARMACEUTICALS LTD,PRO MED PHARMACEUTICALS  LTD,2025 November 03,2030 November 03
1207,H2025/CTD12729/27009,GRISOZEN 250,Griseofulvin,Tablet,Kenya,Local,ZAIN PHARMA LIMITED,ZAIN PHARMA LIMITED,2025 November 03,2030 November 03
1208,H2025/CTD9915/22300,ETOVAC GEL,"Etoricoxib, Methyl Salicylate BP, Menthol BP &…",Gel,Kenya,Foreign,PRO MED PHARMACEUTICALS LTD,PRO MED PHARMACEUTICALS  LTD,2025 November 03,2030 November 03
1209,H2025/CTD9415/21287,MELOSTAR 15,MELOXICAM,Tablet,Kenya,Local,ZAIN PHARMA LIMITED,ZAIN PHARMA LIMITED,2025 November 03,2030 November 03
1210,H2025/CTD12674/25940,SITANEP-M 500,SITANEP-M 500,Tablet,India,Foreign,NESHER PHARMA LD,NESHER PHARMA LIMITED,2025 November 03,2030 November 03
1211,H2025/CTD12247/26496,MIGENPRO,Flunarizine Dihydrochloride BP,Tablet,Kenya,Local,PRO MED PHARMACEUTICALS LTD,PRO MED PHARMACEUTICALS  LTD,2025 November 03,2030 November 03
1212,H2025/CTD12675/25941,SITANEP-M 1000,SITANEP-M 1000,Tablet,India,Foreign,NESHER PHARMA LD,NESHER PHARMA LIMITED,2025 November 03,2030 November 03
1213,H2025/CTD11688/25145,CIPROSTAR-250,Ciprofloxacin Hydrochloride,Tablet,Kenya,Local,ZAIN PHARMA LIMITED,ZAIN PHARMA LIMITED,2025 November 03,2030 November 03
1214,H2025/CTD9323/15457,ADRIMISIN 10MG LYOPHILIZED POWDER FOR SOLUTION…,Doxorubicin HCl,Powder For Injection,Turkey,Foreign,Deva Holding A.S,GENERICS AFRICA LTD,2025 November 03,2030 November 03
1215,H2025/CTD9324/15459,ADRIMISIN 50 MG LYOPHILIZED POWDER FOR SOLUTION…,Doxorubicin HCl,Powder For Injection,Turkey,Foreign,Deva Holding A.S,GENERICS AFRICA LTD,2025 November 03,2030 November 03
1216,H2025/CTD11687/25288,ERYSTAR 500,Erythromycin Stearate,Tablet,Kenya,Local,ZAIN PHARMA LIMITED,ZAIN PHARMA LIMITED,2025 November 03,2030 November 03
1217,H2025/CTD10939/21958,Carbospire 150mg,Carboplatin,Solution For Infusion,India,Foreign,Inspire Pharmaceuticals Ltd,INSPIRE PHARMACEUTICALS LTD,2025 November 03,2030 November 03
1218,H2025/CTD12277/25040,CIPROSTAR-500,Ciprofloxacin Hydrochloride,Tablet,Kenya,Local,ZAIN PHARMA LIMITED,ZAIN PHARMA LIMITED,2025 November 03,2030 November 03
1219,H2025/CTD10252/22106,ONDEX MD 8MG TABLET,Ondansetron Orally Disintegrating Tablets USP 8mg,Tablet,Kenya,Local,NATIONAL PHARMACY LTD,NATIONAL PHARMACY LTD,2025 November 03,2030 November 03
1220,H2025/CTD11874/25345,NEBIGOOD 5,Nebivolol,Tablet,Kenya,Local,ZAIN PHARMA LIMITED,ZAIN PHARMA LIMITED,2025 November 03,2030 November 03
1221,H2025/CTD11873/25336,TELGOOD AM CT 12.5,"Telmisartan, Amlodipine and Chlorthalidone",Tablet,Kenya,Local,ZAIN PHARMA LIMITED,ZAIN PHARMA LIMITED,2025 November 03,2030 November 03
1222,H2025/CTD12087/25081,Sidopros 8D Capsules,Silodosin and Dutasteride,Capsule,India,Foreign,Dawa Limited,DAWA LTD,2025 November 03,2030 November 03
1223,H2025/CTD11076/24682,HEPACEL 25000,Sterile Heparin Sodium USP,Injection,India,Foreign,PRO MED PHARMACEUTICALS LTD,PRO MED PHARMACEUTICALS  LTD,2025 November 03,2030 November 03
1224,H2025/CTD12549/26185,ARNISTO 200 TABLETS,Sacubitril and Valsartan,Film-Coated Tablet,India,Foreign,Dawa  Limited,DAWA LTD,2025 November 03,2030 November 03
1225,H2025/CTD12548/26155,ARNISTO 100 TABLETS,Sacubitril and Valsartan,Film-Coated Tablet,India,Foreign,Dawa  Limited,DAWA LTD,2025 November 03,2030 November 03
1226,H2025/CTD12547/26149,ARNISTO 50 TABLETS,Sacubitril Valsartan Trisodium salt…,Film-Coated Tablet,India,Foreign,Dawa  Limited,DAWA LTD,2025 November 03,2030 November 03
1227,H2025/CTD9325/15460,Ataxil 30 mg/5 ml Concentrate for Solution for IV…,Paclitaxel,Concentrate For Dispersion For Infusion,Turkey,Foreign,Deva Holding A.S,GENERICS AFRICA LTD,2025 November 03,2030 November 03
1228,H2025/CTD9326/15461,"Ataxil 100 mg/16,7 ml Concentrate for Solution…",Paclitaxel,Concentrate For Solution For Infusion,Turkey,Foreign,Deva Holding A.S,GENERICS AFRICA LTD,2025 November 03,2030 November 03
1229,H2025/CTD12671/25493,PACLOF MR,"PARACETAMOL 500 MG, ACECLOFENAC 100 MG,…",Tablet,India,Foreign,NESHER PHARMA LD,NESHER PHARMA LIMITED,2025 November 03,2030 November 03
1230,H2025/CTD11577/25242,TELGOOD 80,Telmisartan,Tablet,Kenya,Local,ZAIN PHARMA LIMITED,ZAIN PHARMA LIMITED,2025 November 03,2030 November 03
1231,H2025/CTD9464/21382,ZASCAB,Benzyl Benzoate,Topical Emulsion,Kenya,Local,ZAIN PHARMA LIMITED,ZAIN PHARMA LIMITED,2025 November 03,2030 November 03
1232,H2025/CTD12491/26434,TRIOGOOD 40,"Aspirin 75mg,Clopidogrel 75mg & Atorvastatin 40mg…",Hard Gelatin Capsules,Kenya,Local,GOODMED PHARMARCY LTD,ZAIN PHARMA LIMITED,2025 November 03,2030 November 03
1233,H2025/CTD12340/25550,Ferrin 20mg/ml Injection,Iron Sucrose,Injection,India,Foreign,Inspire Pharmaceuticals Ltd,INSPIRE PHARMACEUTICALS LTD,2025 November 03,2030 November 03
1234,H2025/CTD12040/26278,VANOGOOD,Vancomycin Hydrochloride for Injection USP 500mg,Injection,India,Foreign,GOODMED HEALTHCARE LIMITED,GOODMED HEALTHCARE LIMITED,2025 November 03,2030 November 03
1235,H2025/CTD10773/23727,TAFOTAX-500 (VANCOMYCIN HYDROCHLORIDE FOR…,VANCOMYCIN HYDROCHLORIDE USP,Powder For Injection,India,Foreign,TAWWAB PHARMA PRIVATE LIMITED,NAIROBI PHARMACEUTICALS (K) LTD - Laxicon Court,2025 May 26,2030 May 26
1236,H2025/CTD11407/24026,NEBIDAY 5,Nebivolol hydrochloride Eq. to Nebivolol 5mg,Tablet,India,Foreign,Krishna Chemists Ltd,KRISHNA CHEMISTS LTD,2025 May 26,2030 May 26
1237,H2025/CTD8598/16188,Orilam ODT 50,Lamotrigine,Tablet,India,Foreign,Micro Labs Limited,MICRO LABS (EA) LTD,2025 May 26,2030 May 26
1238,H2025/CTD8599/16376,Orilam ODT-100,Lamotrigine USP,Tablet,India,Foreign,Micro Labs Limited,MICRO LABS (EA) LTD,2025 May 26,2030 May 26
1239,H2025/CTD8633/16182,Orilam ODT - 25,Lamotrigine,Tablet,India,Foreign,Micro Labs Limited,MICRO LABS (EA) LTD,2025 May 26,2030 May 26
1240,H2025/CTD10954/23726,TAFOTAX-1000 (VANCOMYCIN HYDROCHLORIDE FOR…,VANCOMYCIN HYDROCHLORIDE USP,Powder For Injection,India,Foreign,TAWWAB PHARMA PRIVATE LIMITED,NAIROBI PHARMACEUTICALS (K) LTD - Laxicon Court,2025 May 26,2030 May 26
1241,H2025/CTD9308/18472,EPSYLAM DT 50,Lamotrigine,Tablet,India,Foreign,AUROBINDO PHARMA LIMITED,SIMBA PHARMACEUTICALS LTD,2025 May 26,2030 May 26
1242,H2025/CTD9535/21428,NOVILEC -10,Cilnidipine,Tablet,India,Foreign,MICRO LABS LTD,MICRO LABS (EA) LTD,2025 May 26,2030 May 26
1243,H2025/CTD9231/21071,DIAZOLE  SUSPENSION,Metronidazole and Diloxanide furoate Oral…,Syrup,Kenya,Local,NATIONAL PHARMACY LTD,NATIONAL PHARMACY LTD,2025 May 26,2030 May 26
1244,H2025/CTD11346/24171,MIRAHAULT-25,Mirabegron,Film-Coated Tablet,India,Foreign,Javia International Limited,ZUVAN LIMITED,2025 May 26,2030 May 26
1245,H2025/CTD12167/22596,AUROZAPINE OD 30,Mirtazapine,Orodispersible Tablet,India,Foreign,AUROBINDO PHARMA LIMITED,SIMBA PHARMACEUTICALS LTD,2025 May 26,2030 May 26
1246,H2025/CTD11348/24174,LIVOBET® 5,OBETICHOLIC ACID,Film-Coated Tablet,India,Foreign,Javia International Limited,ZUVAN LIMITED,2025 May 26,2030 May 26
1247,H2025/CTD11406/24025,NEBIDAY 2.5,Nebivolol hydrochloride Eq. to Nebivolol 2.5mg,Tablet,India,Foreign,Krishna Chemists Ltd,KRISHNA CHEMISTS LTD,2025 May 26,2030 May 26
1248,H2025/CTD11332/24774,Roxiclot 2.5mg tablets,Rivaroxaban,Film-Coated Tablet,Kenya,Local,Dawa Limited,DAWA LTD,2025 May 26,2030 May 26
1249,H2025/CTD9364/18532,FUNGARIN ORAL GEL,Miconazole BP,Gel,India,Foreign,S KANT HEALTHCARE LTD,UNISEL LTD,2025 May 26,2030 May 26
1250,H2025/CTD11327/22089,SKAZI 200,Azithromycin USP (As Dihydrate),Powder For Oral Suspension,India,Foreign,S KANT HEALTHCARE LTD,UNISEL LTD,2025 May 26,2030 May 26
1251,H2025/CTD11659/25789,PARACETAMOL TABLETS BP 500MG,PARACETAMOL BP,Tablet,India,Foreign,VICTORIA HEALTHCARE LIMITED,VICTORIA HEALTHCARE LIMITED,2025 May 26,2030 May 26
1252,H2025/CTD11739/24523,IBGUT 550 TABLETS,Rifaximin,Film-Coated Tablet,India,Foreign,Dawa Limited,DAWA LTD,2025 May 26,2030 May 26
1253,H2025/CTD11679/24224,VITRINAL,Sodium Chloride USP,Solution For Injection,India,Foreign,Otsuka Pharmaceutical India Private Limited,REDDYS PHARMA LTD,2025 May 26,2030 May 26
1254,H2025/CTD10909/15632,IBANDRO,IBANDRONIC ACID TABLETS,Tablet,India,Foreign,KRISHNA CHEMISTS LTD,KRISHNA CHEMISTS LTD,2025 May 26,2030 May 26
1255,H2025/CTD11077/24403,ONDEX 8MG/4ML INJECTION,Ondansetron Hydrochloride BP,Injection,India,Foreign,NATIONAL PHARMACY LTD,NATIONAL PHARMACY LTD,2025 May 26,2030 May 26
1256,H2025/CTD11738/24514,IBGUT 200MG TABLETS,Rifaximin,Film-Coated Tablet,India,Foreign,Dawa Limited,DAWA LTD,2025 May 26,2030 May 26
1257,H2025/CTD9034/18471,EPSYLAM DT 25,Lamotrigine,Tablet,India,Foreign,AUROBINDO PHARMA LIMITED,SIMBA PHARMACEUTICALS LTD,2025 May 26,2030 May 26
1258,H2025/CTD9309/20170,CLOGABA 10,Clobazam,Tablet,India,Foreign,MSN LABORATORIES PRIVATE LIMITED..,SIMBA PHARMACEUTICALS LTD,2025 May 22,2030 May 22
1259,H2025/CTD12332/26391,TOFADERM  OINTMENT,Tofacitinib Ointment 2 % w/w,Ointment,India,Foreign,La Pristine Bioceuticals Pvt. Ltd,SIMBA PHARMACEUTICALS LTD,2025 May 22,2030 May 22
1260,H2025/CTD12543/27047,Apixared 5mg,Apixaban,Tablet,India,Foreign,DR. REDDY’S LABORATORIES LIMITED,THE EAH CARE LIMITED,2025 May 22,2030 May 22
1261,H2025/CTD11064/20674,APIBAN 2.5,Apixaban,Film-Coated Tablet,India,Foreign,MSN Laboratories Private Limited,SIMBA PHARMACEUTICALS LTD,2025 May 22,2030 May 22
1262,H2025/CTD9310/20186,CLOGABA 20,CLOBAZAM,Tablet,India,Foreign,MSN Laboratories Private Limited,SIMBA PHARMACEUTICALS LTD,2025 May 22,2030 May 22
1263,H2025/CTD8561/16602,LURATA 80,Lurasidone Hydrochloride,Tablet,India,Foreign,"MSN LABORATORIES PRIVATE LIMITED,",SIMBA PHARMACEUTICALS LTD,2025 May 22,2030 May 22
1264,H2025/CTD12659/27054,Sitared 25mg (Sitagliptin film-coated tablets 25…,Sitagliptin,Tablet,India,Foreign,DR. REDDY’S LABORATORIES LIMITED,THE EAH CARE LIMITED,2025 May 21,2030 May 21
1265,H2025/CTD12595/27056,Sitared 100mg (Sitagliptin film-coated tablets…,Sitagliptin,Tablet,India,Foreign,DR. REDDY’S LABORATORIES LIMITED,THE EAH CARE LIMITED,2025 May 21,2030 May 21
1266,H2025/CTD12594/27055,Sitared 50mg (Sitagliptin film-coated tablets 50…,Sitagliptin,Tablet,India,Foreign,DR. REDDY’S LABORATORIES LIMITED,THE EAH CARE LIMITED,2025 May 21,2030 May 21
1267,H2025/CTD9853/21878,CEFGOLD INJECTION,CEFTRIAXONE & SULBACTAM FOR INJECTION,Injection,India,Foreign,PRO MED PHARMACEUTICALS LTD,PRO MED PHARMACEUTICALS  LTD,2025 May 05,2030 May 05
1268,H2025/CTD12222/26503,Lenangio 5,Lenalidomide,Capsule,India,Foreign,DR. REDDY’S LABORATORIES LIMITED,THE EAH CARE LIMITED,2025 May 05,2030 May 05
1269,H2025/CTD8789/18551,XANTRA INJECTION 500mg/5ml,Tranexamic Acid BP,Solution For Injection,India,Foreign,AGIO PHARMACEUTICALS LTD,PHILLIPS HEALTHCARE SERVICES LTD,2025 May 05,2030 May 05
1270,H2025/CTD12261/26498,Eribulin Mesylate,Eribulin Mesylate,Injection,India,Foreign,DR. REDDY’S LABORATORIES LIMITED,THE EAH CARE LIMITED,2025 May 05,2030 May 05
1271,H2025/CTD10934/22185,LACOSIDE-150,LACOSAMIDE TABLETS USP 150 MG,Film-Coated Tablet,India,Foreign,Zuvan  Limited,ZUVAN LIMITED,2025 May 01,2030 May 01
1272,H2025/CTD10932/22393,LACOSIDE-100,LACOSAMIDE TABLETS USP 100 MG,Film-Coated Tablet,India,Foreign,Zuvan Limited,ZUVAN LIMITED,2025 May 01,2030 May 01
1273,H2025/CTD10935/22304,LACOSIDE-200,LACOSAMIDE TABLETS USP 200 MG,Film-Coated Tablet,India,Foreign,Zuvan Limited,ZUVAN LIMITED,2025 May 01,2030 May 01
1274,H2025/CTD10931/22184,LACOSIDE-50,LACOSAMIDE TABLETS USP 50 MG,Film-Coated Tablet,India,Foreign,Zuvan Limited,ZUVAN LIMITED,2025 May 01,2030 May 01
1275,H2025/CTD11933/24996,OTRINAL,Xylometazoline Hydrochloride,"Nasal Drops, Solution",Uganda,Foreign,ABACUS PHARMA (A) KENYA,ABACUS PHARMA (A) LTD,2025 May 01,2030 May 01
1276,H2025/CTD11607/24979,TAXELDO 80,Docetaxel Trihydrate,Injection,India,Foreign,Hetero Labs Limited,UNISEL LTD,2025 May 01,2030 May 01
1277,H2025/CTD11355/20807,GLINSIP 25,Sitagliptin Phosphate Anhydrous,Film-Coated Tablet,India,Foreign,HETERO LABS LIMITED,UNISEL LTD,2025 May 01,2030 May 01
1278,H2025/CTD11357/20793,GLINSIP 50,Sitagliptin Phosphate Anhydrous,Film-Coated Tablet,India,Foreign,HETERO LABS LIMITED,UNISEL LTD,2025 May 01,2030 May 01
1279,H2025/CTD11358/20794,GLINSIP 100,Sitagliptin Phosphate Anhydrous,Film-Coated Tablet,India,Foreign,HETERO LABS LIMITED,UNISEL LTD,2025 May 01,2030 May 01
1280,H2025/CTD10911/15527,BIPROST,BIMATOPROST OPHTHALMIC SOLUTION,Eye Drops,India,Foreign,KRISHNA CHEMISTS LTD,KRISHNA CHEMISTS LTD,2025 May 01,2030 May 01
1281,H2025/CTD7526/14645,MOCIN,MOXIFLOXACIN HYDROCHLORIDE,"Eye Drops, Solution",Uganda,Foreign,Abacus Pharma (A) Ltd,ABACUS PHARMA (A) LTD,2025 May 01,2030 May 01
1282,H2025/CTD11585/25322,EMPAGOOD 25,Empagliflozin,Tablet,Kenya,Local,ZAIN PHARMA LIMITED,ZAIN PHARMA LIMITED,2025 May 01,2030 May 01
1283,H2025/CTD11588/25353,ATENGOOD 100,Atenolol,Tablet,Kenya,Local,ZAIN PHARMA LIMITED,ZAIN PHARMA LIMITED,2025 May 01,2030 May 01
1284,H2025/CTD11248/23952,BORTERO,Bortezomib,Injection,India,Foreign,Hetero Labs Limited,UNISEL LTD,2025 May 01,2030 May 01
1285,H2025/CTD10842/23530,ATRASTAR INJECTION,Atracurium Besylate USP,Injection,India,Foreign,GOODMED PHARMACYLTD,GOODMED HEALTHCARE LIMITED,2025 May 01,2030 May 01
1286,H2025/CTD11598/25352,ATENGOOD 50,Atenolol,Tablet,Kenya,Local,ZAIN PHARMA LIMITED,ZAIN PHARMA LIMITED,2025 May 01,2030 May 01
1287,H2025/CTD11645/24868,LINADEX 10,Lenalidomide,Capsule,India,Foreign,Hetero Labs Limited,UNISEL LTD,2025 May 01,2030 May 01
1288,H2025/CTD9680/20659,PARASPAZ TABLETS,"Dicyclomine hydrochloride USP,  Paracetamol BP",Tablet,India,Foreign,SIGNATURE HEALTHCARE LIMITED,SIGNATURE HEALTHCARE LTD,2025 May 01,2030 May 01
1289,H2025/CTD11857/25166,SUMOPREG® 75/60mg,Pregabalin  (As Sustained Release )75 mg &…,Tablet,India,Foreign,Javia International Limited,ZUVAN LIMITED,2025 May 01,2030 May 01
1290,H2025/CTD11740/24531,MONTALLERG KID SYRUP,Montelukast Sodium and Levocetirizine…,Syrup,India,Foreign,Dawa  Limited,DAWA LTD,2025 May 01,2030 May 01
1291,H2025/CTD12389/27067,PERSIVIA,Bevacizumab,Concentrate For Solution For Infusion,India,Foreign,DR. REDDY’S LABORATORIES LIMITED,THE EAH CARE LIMITED,2025 March 07,2030 March 07
1292,H2025/CTD11594/25256,DAPAGOOD S 100,Dapagliflozin propanediol monohydrate &…,Tablet,Kenya,Local,ZAIN PHARMA LIMITED,ZAIN PHARMA LIMITED,2025 March 06,2030 March 06
1293,H2025/CTD12080/25507,Epizolone Depot 40 mg/ ml Vial,Methylprednisolone acetate,Suspension For Injection,Egypt,Foreign,Egyptian International Pharmaceutical Industries…,ZADCHEM HEALTHCARE LTD,2025 March 06,2030 March 06
1294,H2025/CTD11549/25319,Latoprost - T,LATANOPROST AND TIMOLOL MALEATE,"Eye Drops, Solution",Greece,Foreign,MEGA LIFESCIENCES PUBLIC COMPANY LIMITED,MEGA LIFESCIENCES PUBLIC COMPANY LIMITED,2025 March 06,2030 March 06
1295,H2025/CTD11550/25317,Latoprost,Latanoprost,"Eye Drops, Solution",Greece,Foreign,MEGA LIFESCIENCES PUBLIC COMPANY LIMITED,MEGA LIFESCIENCES PUBLIC COMPANY LIMITED,2025 March 06,2030 March 06
1296,H2025/CTD11551/25320,UROKA Plus,DUTASTERIDE AND TAMSULOSIN HYDROCHLORIDE,Capsule,Spain,Foreign,MEGA LIFESCIENCES PUBLIC COMPANY LIMITED,MEGA LIFESCIENCES PUBLIC COMPANY LIMITED,2025 March 06,2030 March 06
1297,H2025/CTD11912/25922,ONATIM EYE DROPS,Timolol Maleate,"Eye Drops, Solution",India,Foreign,Dawa  Limited,DAWA LTD,2025 March 06,2030 March 06
1298,H2025/CTD11085/23505,Cefidime 1 gm powder in vial for I.M/I.V …,Ceftazidime pentahydrate buffered with sodium…,Powder And Solution For Solution For Injectio,Egypt,Foreign,Egyptian International Pharmaceutical Industries…,ZADCHEM HEALTHCARE LTD,2025 March 06,2030 March 06
1299,H2025/CTD10485/23737,TAMREL-D (Tamsulosin Hydrochloride 0.4 mg…,Tamsulosin Hydrochloride SR 0.4mg and Dutasteride…,Capsule,India,Foreign,Cachet Pharmaceuticals Pvt. Ltd.,PHILLIPS THERAPEUTICS LIMITED,2025 March 06,2030 March 06
1300,H2025/CTD11819/26026,DROCID,Zoledronic Acid Monohydrate BP,Solution For Injection,India,Foreign,Otsuka Pharmaceutical India Private Limited,REDDYS PHARMA LTD,2025 March 06,2030 March 06
1301,H2025/CTD12368/26808,Ituxredi,Rituximab,Concentrate For Solution For Infusion,India,Foreign,DR. REDDY’S LABORATORIES LIMITED,THE EAH CARE LIMITED,2025 March 06,2030 March 06
1302,H2025/CTD11128/24851,SEVMEG,SEVELAMER CARBONATE,Film-Coated Tablet,Spain,Foreign,Mega Lifesciences Public Company Limited,MEGA LIFESCIENCES PUBLIC COMPANY LIMITED,2025 March 06,2030 March 06
1303,H2025/CTD11910/25919,ABERONE 500,Abiraterone Acetate USP,Film-Coated Tablet,India,Foreign,WIN-PHARMA LTD,WIN-PHARMA LIMITED,2025 March 06,2030 March 06
1304,H2025/CTD12101/26095,TENECTASE,Tenecteplase/ Recombinant Tissue Plasminogen…,Powder For Solution For Injection,India,Foreign,GENNOVA BIOPHARMACEUTICALS LIMITED,LAZOR PHARMACEUTICALS LIMITED,2025 March 06,2030 March 06
1305,H2025/CTD12423/27068,Arbheal 25mcg,Darbepoetin Alfa,Concentrate For Solution For Infusion,India,Foreign,DR. REDDY’S LABORATORIES LIMITED,THE EAH CARE LIMITED,2025 March 06,2030 March 06
1306,H2025/CTD12399/27070,Arbheal 200mcg,Darbepoetin Alfa,Concentrate For Solution For Infusion,India,Foreign,DR. REDDY’S LABORATORIES LIMITED,THE EAH CARE LIMITED,2025 March 06,2030 March 06
1307,H2025/CTD11677/24281,EPIEND,Levetiracetam USP,Solution For Infusion,India,Foreign,Otsuka Pharmaceutical India Private Limited,REDDYS PHARMA LTD,2025 March 06,2030 March 06
1308,H2025/CTD12398/27069,Arbheal 40mcg,Darbepoetin Alfa,Concentrate For Solution For Infusion,India,Foreign,DR. REDDY’S LABORATORIES LIMITED,THE EAH CARE LIMITED,2025 March 06,2030 March 06
1309,H2025/CTD11663/24565,Syszol,Fluconazole BP,Solution For Infusion,India,Foreign,Otsuka Pharmaceutical India Private Limited,REDDYS PHARMA LTD,2025 March 06,2030 March 06
1310,H2025/CTD11722/25851,Tiza-Q 5 mg/0.5 ml Injection,Tirzepatide INN 5 mg/0.5 ml,Solution For Injection,Bangladesh,Foreign,Q PHARMA DMCC,CINTANA HEALTHCARE SERVICES LTD,2025 June 30,2030 June 30
1311,H2025/CTD11870/25350,AMLOGOOD AT 20,Amlodipine & Atorvastatin,Tablet,Kenya,Local,ZAIN PHARMA LIMITED,ZAIN PHARMA LIMITED,2025 June 30,2030 June 30
1312,H2025/CTD11684/25228,ATORGOOD 20,Atorvastatin Calcium,Tablet,Kenya,Local,ZAIN PHARMA LIMITED,ZAIN PHARMA LIMITED,2025 June 30,2030 June 30
1313,H2025/CTD12746/26444,GARDASIL 9,Human Papillomavirus (HPV) 9-valent vaccine,Suspension For Injection In Pre-Filled Syring,United States,Foreign,MSD (Pty) Ltd,IMPERIAL MANAGED SOLUTIONS EAST AFRICA LTD-…,2025 June 30,2030 June 30
1314,H2025/CTD12769/26449,GARDASIL 9,Human Papillomavirus (HPV) 9-valent vaccine,Suspension For Injection,United States,Foreign,MSD (Pty) Ltd,IMPERIAL MANAGED SOLUTIONS EAST AFRICA LTD-…,2025 June 30,2030 June 30
1315,H2025/CTD11580/25283,VILDAGOOD M,Vildagliptin & Metformin,Tablet,Kenya,Local,ZAIN PHARMA LIMITED,ZAIN PHARMA LIMITED,2025 June 30,2030 June 30
1316,H2025/CTD11682/25225,ATORGOOD 10,Atorvastatin Calcium,Tablet,Kenya,Local,ZAIN PHARMA LIMITED,ZAIN PHARMA LIMITED,2025 June 30,2030 June 30
1317,H2025/CTD11880/25349,AMLOGOOD AT 10,Amlodipine & Atorvastatin,Tablet,Kenya,Local,ZAIN PHARMA LIMITED,ZAIN PHARMA LIMITED,2025 June 30,2030 June 30
1318,H2025/CTD11724/25906,Tiza-Q 7.5 mg/0.5 ml Injection,Tirzepatide INN 7.5 mg/0.5 ml,Solution For Injection,Bangladesh,Foreign,Q PHARMA DMCC,CINTANA HEALTHCARE SERVICES LTD,2025 June 30,2030 June 30
1319,H2025/CTD11723/25852,Tiza-Q 2.5 mg/0.5 ml Injection,Tirzepatide INN 2.5 mg/0.5 ml,Solution For Infusion,Bangladesh,Foreign,Q PHARMA DMCC,CINTANA HEALTHCARE SERVICES LTD,2025 June 30,2030 June 30
1320,H2025/CTD11928/15605,TAPROST,TRAVOPROST OPHTHALMIC SOLUTION USP,Eye Drops,India,Foreign,KRISHNA CHEMISTS LTD,KRISHNA CHEMISTS LTD,2025 July 30,2030 July 30
1321,H2025/CTD12164/26281,KETORGOOD,Ketorolac Tromethamine Injection USP 30mg/ml,Injection,India,Foreign,GOODMED HEALTHCARE LIMITED,GOODMED HEALTHCARE LIMITED,2025 July 30,2030 July 30
1322,H2025/CTD7104/13738,MYCOFET 500,Mycophenolate Mofetil USP,Film-Coated Tablet,India,Foreign,PSM Pharmaceutical Limited,EVKA CONSULTZ LTD,2025 July 30,2030 July 30
1323,H2025/CTD7105/13739,SELAGLOB 800,Sevelamer Hydrochloride IH,Film-Coated Tablet,India,Foreign,PSM Pharmaceutical Limited,EVKA CONSULTZ LTD,2025 July 30,2030 July 30
1324,H2025/CTD12198/15631,SAFLOXA DROPS,LEVOFLOXACIN OPHTHALMIC SOLUTION,Eye Drops,India,Foreign,KRISHNA CHEMISTS LTD,KRISHNA CHEMISTS LTD,2025 July 30,2030 July 30
1325,H2025/CTD12199/15546,DICLOMYCIN,DICLOFENAC SODIUM AND GENTAMICIN SULPHATE EYE…,"Eye Drops, Solution",India,Foreign,KRISHNA CHEMISTS LTD,KRISHNA CHEMISTS LTD,2025 July 30,2030 July 30
1326,H2025/CTD12380/15641,OCUFLOX-D,OFLOXACIN AND DEXAMETHASONE EYE  DROPS,Eye Drops,India,Foreign,KRISHNA CHEMISTS LTD,KRISHNA CHEMISTS LTD,2025 July 30,2030 July 30
1327,H2025/CTD11872/25888,DAPAGOOD 10,Dapagliflozin,Tablet,Kenya,Local,ZAIN PHARMA LIMITED,ZAIN PHARMA LIMITED,2025 July 30,2030 July 30
1328,H2025/CTD11582/25235,DAPAGOOD 5,Dapagliflozin Propanediol monohydrate,Tablet,Kenya,Local,ZAIN PHARMA LIMITED,ZAIN PHARMA LIMITED,2025 July 30,2030 July 30
1329,H2025/CTD11579/25282,SITAGOOD M,Sitagliptin & Metformin Hydrochloride Tablets,Tablet,Kenya,Local,ZAIN PHARMA LIMITED,ZAIN PHARMA LIMITED,2025 July 30,2030 July 30
1330,H2025/CTD11220/24370,S-MIRAH 50/5MG,Mirabegron (Extended Release) 50mg & Solifenacin…,Film-Coated Tablet,India,Foreign,Javia International Limited,ZUVAN LIMITED,2025 July 30,2030 July 30
1331,H2025/CTD9409/20500,ACNESTAR CREAM,TRETINOIN USP,Cream,Kenya,Local,NATIONAL PHARMACY LTD,NATIONAL PHARMACY LTD,2025 July 30,2030 July 30
1332,H2025/CTD11426/15530,CAMOLA 7.5,MELOXICAM TABLETS BP,Tablet,India,Foreign,KRISHNA CHEMISTS LTD,KRISHNA CHEMISTS LTD,2025 July 30,2030 July 30
1333,H2025/CTD12044/26267,PHYGOOD,Phytomenadione Injection BP 10mg/ml,Injection,India,Foreign,GOODMED HEALTHCARE LIMITED,GOODMED HEALTHCARE LIMITED,2025 July 30,2030 July 30
1334,H2025/CTD11412/15553,FEVADOL 500,EFFERVESCENT PARACETAMOL TABLETS BP,Tablet,India,Foreign,KRISHNA CHEMISTS LTD,KRISHNA CHEMISTS LTD,2025 July 30,2030 July 30
1335,H2025/CTD11409/23876,FUNGISIL CREAM,TERBINAFINE HYDROCHLORIDE CREAM 1 %W/W,Cream,India,Foreign,Krishna Chemists Ltd,KRISHNA CHEMISTS LTD,2025 July 30,2030 July 30
1336,H2025/CTD12135/23011,Bedaquiline Tablets 100 mg,Bedaquiline,Film-Coated Tablet,India,Foreign,Lupin Limited,NAIROBI ENTERPRISES LTD,2025 July 27,2030 July 27
1337,H2025/CTD8770/16632,PROANES 1 % MCT/LCT Emulsion for Injection or…,Propofol,Emulsion For Infusion,Indonesia,Foreign,Pt Sanbe Farma,SAI PHARMACEUTICALS LTD,2025 July 27,2030 July 27
1338,H2025/CTD12560/27451,TRUQAP 160 mg film coated tablets,capiversetib,Film-Coated Tablet,Sweden,Foreign,AstraZeneca AB,ASTRAZENECA PHARMACEUTICALS LIMITED,2025 July 27,2030 July 27
1339,H2025/CTD12561/27450,TRUQAP 200 mg film coated tablets,capiversetib,Film-Coated Tablet,Sweden,Foreign,AstraZeneca AB,ASTRAZENECA PHARMACEUTICALS LIMITED,2025 July 27,2030 July 27
1340,H2025/CTD9390/18070,Rifampin and Isoniazid dispersible Tablets 75/50…,Rifampin and Isoniazid,Dispersible Tablet,India,Foreign,Lupin Limited,NAIROBI ENTERPRISES LTD,2025 July 27,2030 July 27
1341,H2025/CTD11113/22133,Ibrance 100 mg Tablets,Palbociclib,Tablet,Germany,Foreign,"Pfizer Laboratories Limited, Kenya",PFIZER LABORATORIES LTD,2025 July 27,2030 July 27
1342,H2025/CTD12187/24307,"Rifampin, Isoniazid and Pyrazinamide Dispersible…","Rifampin, Isoniazid and Pyrazinamide",Dispersible Tablet,India,Foreign,Lupin Limited.,NAIROBI ENTERPRISES LTD,2025 July 27,2030 July 27
1343,H2025/CTD11116/22132,Ibrance 125 mg Tablets,Palbociclib,Tablet,Germany,Foreign,"Pfizer Laboratories Limited, Kenya",PFIZER LABORATORIES LTD,2025 July 27,2030 July 27
1344,H2025/CTD10882/22088,Rifapentine Tablets 300mg,Rifapentine,Film-Coated Tablet,India,Foreign,Lupin Limited.,NAIROBI ENTERPRISES LTD,2025 July 27,2030 July 27
1345,H2025/CTD10881/21238,Rifapentine and Isoniazid Tablets 300mg/  300mg,Rifapentine and Isoniazid Tablets,Film-Coated Tablet,India,Foreign,Lupin Limited.,NAIROBI ENTERPRISES LTD,2025 July 27,2030 July 27
1346,H2025/CTD11117/22131,Ibrance 75 mg Tablets,Palbociclib,Tablet,Germany,Foreign,"Pfizer Laboratories Limited, Kenya",PFIZER LABORATORIES LTD,2025 July 27,2030 July 27
1347,H2025/CTD12114/25904,Lynparza 150 mg film coated tablet,olaparib,Film-Coated Tablet,United Kingdom,Foreign,ASTRAZENECA UK LIMITED,ASTRAZENECA PHARMACEUTICALS LIMITED,2025 July 27,2030 July 27
1348,H2025/CTD7102/13736,GLOMATINIB 100,Imatinib Mesylate IHS,"Capsule, Hard",India,Foreign,PSM Pharmaceutical Limited,EVKA CONSULTZ LTD,2025 July 22,2030 July 22
1349,H2025/CTD9452/21520,Abirapro 500mg,Abiraterone acetate,Film-Coated Tablet,India,Foreign,Glenmark Pharmaceuticals Ltd,GLENMARK PHARMACEUTICALS (K) LTD,2025 July 17,2030 July 17
1350,H2025/CTD10840/24161,PROPOMED INJECTION,Propofol  BP,Injection,India,Foreign,GOODMED PHARMACY LTD,GOODMED HEALTHCARE LIMITED,2025 July 17,2030 July 17
1351,H2025/CTD9466/21270,MOM'S MAGIC,"SODIUM BICARBONATE, SODIUM CITRATE, ANISE OIL,…",Syrup,Kenya,Local,ZAIN PHARMA LIMITED,ZAIN PHARMA LIMITED,2025 July 17,2030 July 17
1352,H2025/CTD10841/23081,FERROTRET,Iron Sucrose,Injection,India,Foreign,GOODMED PHARMACY LTD,GOODMED HEALTHCARE LIMITED,2025 July 17,2030 July 17
1353,H2025/CTD11839/22874,ATACURIUM,Atracurium Besylate USP,Injection,India,Foreign,THEMIS MEDICARE LIMITED,PHILLIPS THERAPEUTICS LIMITED,2025 July 17,2030 July 17
1354,H2025/CTD10641/20609,BETAFORM 500 TABLETS,METFORMIN TABLETS 500MG,Film-Coated Tablet,India,Foreign,BLISS GVS PHARMA LTD,THERALIFE PHARMA LTD,2025 July 17,2030 July 17
1355,H2025/CTD11712/24946,DAPAFLO-M XR 10,Dapagliflozin and Metformin Hydrochloride,Film-Coated Tablet,India,Foreign,DAWA LIMITED,DAWA LTD,2025 July 17,2030 July 17
1356,H2025/CTD11060/24160,APOVIR 250 INJECTION,Aciclovir Sodium for Infusion BP,Injection,India,Foreign,NATIONAL PHARMACY LTD,NATIONAL PHARMACY LTD,2025 July 17,2030 July 17
1357,H2025/CTD11235/21046,MYELOPAST 10,LENALIDOMIDE DIMETHYL SULPHOXIDE,"Capsule, Hard",India,Foreign,MSN Laboratories Private Limited,MSN LABORATORIES PVT LTD,2025 July 17,2030 July 17
1358,H2025/CTD11256/21047,MYELOPAST 25,LENALIDOMIDE DIMETHYL SULPHOXIDE,"Capsule, Hard",India,Foreign,MSN Laboratories Private Limited,MSN LABORATORIES PVT LTD,2025 July 17,2030 July 17
1359,H2025/CTD11295/24279,Ofran Tablet,Ondansetron Hydrochloride Dihydrate USP,Tablet,Bangladesh,Foreign,Square Pharmaceuticals Ltd.,ACE PHARMACEUTICALS LTD,2025 July 17,2030 July 17
1360,H2025/CTD11419/15531,CHLORAMPHENICOL EYE/EAR DROPS,CHLORAMPHENICOL EYE/EAR DROPS bp,"Ear/Eye Drops, Solution",India,Foreign,KRISHNA CHEMISTS LTD,KRISHNA CHEMISTS LTD,2025 July 17,2030 July 17
1361,H2025/CTD11413/15552,FEVADOL 1000,EFFERVESCENT PARACETAMOL TABLETS BP,Tablet,India,Foreign,KRISHNA CHEMISTS LTD,KRISHNA CHEMISTS LTD,2025 July 17,2030 July 17
1362,H2025/CTD11084/23518,Epirizine Syrup,Cetrizine Dihydrochloride,Oral Liquid,Egypt,Foreign,Egyptian International Pharmaceutical Industries…,ZADCHEM HEALTHCARE LTD,2025 July 17,2030 July 17
1363,H2025/CTD11347/24172,MIRAHAULT-50,Mirabegron,Film-Coated Tablet,India,Foreign,Javia International Limited,ZUVAN LIMITED,2025 July 17,2030 July 17
1364,H2025/CTD11917/26009,Onaflox Ophthalmic solution,Ofloxacin,Ophthalmic Solution,India,Foreign,DAWA LIMITED,DAWA LTD,2025 July 17,2030 July 17
1365,H2025/CTD12200/24928,ETOXYM GEL,"S-Etodolac 5% w/w, Virgin Linseed Oil BP 3% w/w,…",Gel,India,Foreign,KRISHNA CHEMISTS LTD,KRISHNA CHEMISTS LTD,2025 July 17,2030 July 17
1366,H2025/CTD9322/15536,DACIBACT 150,CLINDAMYCIN HYDROCHLORIDE CAPSULES USP,Capsule,India,Foreign,KRISHNA CHEMISTS LTD,KRISHNA CHEMISTS LTD,2025 July 17,2030 July 17
1367,H2025/CTD12188/23995,NEFOGESIC 30,NEFOPAM HYDROCHLORIDE TABLETS 30MG,Tablet,India,Foreign,Krishna Chemists Ltd,KRISHNA CHEMISTS LTD,2025 July 17,2030 July 17
1368,H2025/CTD12197/15640,MOXIBACT,MOXIFLOXACIN HYDROCHLORIDE OPHTHALMIC SOLUTION USP,Eye Drops,India,Foreign,KRISHNA CHEMISTS LTD,KRISHNA CHEMISTS LTD,2025 July 17,2030 July 17
1369,H2025/CTD9330/15528,XPYLORI KIT,COMBIKIT  OF  A-Amoxicillin tablets USP 1000 mg …,Tablet,India,Foreign,KRISHNA CHEMISTS LTD,KRISHNA CHEMISTS LTD,2025 July 17,2030 July 17
1370,H2025/CTD11919/25870,ONAMOX EYE DROPS,Moxifloxacin Hydrochloride,Eye Drops,India,Foreign,Dawa Limited,DAWA LTD,2025 July 17,2030 July 17
1371,H2025/CTD8858/16880,IPOPRIN 4,Pomalidomide,Capsule,India,Foreign,MSN Laboratories Private Limited,MSN LABORATORIES PVT LTD,2025 July 17,2030 July 17
1372,H2025/CTD9036/18868,BRAVIFO 300,Paclitaxel USP,Injection,India,Foreign,MSN Laboratories Private Limited,MSN LABORATORIES PVT LTD,2025 July 17,2030 July 17
1373,H2025/CTD12227/22630,Parafast TR,Paracetamol and Tramadol HCl,Effervescent Tablet,India,Foreign,HighChem Marketing Ltd.,HIGHCHEM MARKETING LTD,2025 July 17,2030 July 17
1374,H2025/CTD7797/14924,Devatide 25 mcg/250 mcg aerosol inhaler,Salmaterol xinafoate and Fluticasone propionate,"Pressurised Inhalation, Suspension",Turkey,Foreign,DEVA Holding A.S,PHARMACO HEALTHCARE LTD,2025 July 14,2030 July 14
1375,H2025/CTD10375/23326,Torsid 5 Tablet,Torsemide USP,Tablet,Bangladesh,Foreign,Square Pharmaceuticals Ltd.,ACE PHARMACEUTICALS LTD,2025 July 14,2030 July 14
1376,H2025/CTD10812/23911,PARAFAST ET JUNIOR,PARACETAMOL,Effervescent Tablet,India,Foreign,HighChem Marketing Ltd.,HIGHCHEM MARKETING LTD,2025 July 14,2030 July 14
1377,H2025/CTD8465/17481,XATIZA,CABAZITAXEL,Injection,India,Foreign,MSN Laboratories Private Limited,MSN LABORATORIES PVT LTD,2025 July 14,2030 July 14
1378,H2025/CTD8866/16145,Microgynon ED,Ethinylestradiol & Levonorgestrel,Coated Tablet,Germany,Foreign,Bayer East Africa Limited,BAYER EAST AFRICA LTD,2025 July 14,2030 July 14
1379,H2025/CTD11088/22367,E-moxclav 228.5 mg,Amoxicillin Trihydrate & Potassium Clavulanate…,Powder And Solvent For Oral Suspension,Egypt,Foreign,Egyptian International Pharmaceutical Industries…,ZADCHEM HEALTHCARE LTD,2025 July 14,2030 July 14
1380,H2025/CTD8942/15544,Senergy® Plus (10/160/25) mg F.C Tablets,Amlodipine Besylate Ph. Eur equivalent to…,Film-Coated Tablet,Jordan,Foreign,United Pharmaceutical Mfg. Co Ltd.,EVKA CONSULTZ LTD,2025 July 14,2030 July 14
1381,H2025/CTD9327/15462,Ataxil 300 mg/50 ml Concentrate for Solution for…,Paclitaxel,Concentrate For Solution For Infusion,Turkey,Foreign,Deva Holding A.S,GENERICS AFRICA LTD,2025 July 14,2030 July 14
1382,H2025/CTD11567/24635,FLOXSAFE 400,Moxifloxacin  Hydrochloride,Tablet,India,Foreign,MSN Laboratories Private Limited,SIMBA PHARMACEUTICALS LTD,2025 July 14,2030 July 14
1383,H2025/CTD11401/24273,Axaban-Denk 5 mg,Apixaban,Tablet,Germany,Foreign,Denk Pharma GmbH & Co. KG,LABOREX KENYA LTD-MOMBASA ROAD,2025 July 14,2030 July 14
1384,H2025/CTD12264/26829,Sema Q 1.7mg/0.75ml Prefilled Syringe Injection,Semaglutide,Solution For Injection In Pre-Filled Syringe,Bangladesh,Foreign,Q PHARMA DMCC,CINTANA HEALTHCARE SERVICES LTD,2025 July 14,2030 July 14
1385,H2025/CTD9329/15769,Carbodex 150mg/15ml Solution for I.V. Infusion,Carboplatin,Solution For Infusion,Turkey,Foreign,Deva Holding A.S,GENERICS AFRICA LTD,2025 July 14,2030 July 14
1386,H2025/CTD12221/25049,EPICROM 2 % Sterile Ophthalmic Solution,Sodium Cromoglicate,Ophthalmic Solution,Egypt,Foreign,Egyptian International Pharmaceutical Industries…,ZADCHEM HEALTHCARE LTD,2025 July 14,2030 July 14
1387,H2025/CTD8941/15542,Senergy® Plus (10/160/12.5) mg F.C Tablets,Amlodipine Besylate Ph. Eur equivalent to…,Film-Coated Tablet,Jordan,Foreign,United Pharmaceutical Mfg. Co Ltd.,EVKA CONSULTZ LTD,2025 July 14,2030 July 14
1388,H2025/CTD11072/20850,Venula 200 mg capsules,Hidrosmin,Capsule,Spain,Foreign,"FAES FARMA, S.A.",PHILLIPS THERAPEUTICS LIMITED,2025 July 14,2030 July 14
1389,H2025/CTD11416/15532,CIFLOX,CIPROFLOXACIN OPHTHALMIC SOLUTION USP,Eye Drops,India,Foreign,KRISHNA CHEMISTS LTD,KRISHNA CHEMISTS LTD,2025 July 14,2030 July 14
1390,H2025/CTD11417/15533,CIFLOX D,CIPROFLOXACIN AND DEXAMETHASONE EYE/EAR DROPS,"Ear/Eye Drops, Solution",India,Foreign,KRISHNA CHEMISTS LTD,KRISHNA CHEMISTS LTD,2025 July 14,2030 July 14
1391,H2025/CTD10914/15603,TADARECT 20,TADALAFIL TABLETS USP,Tablet,India,Foreign,KRISHNA CHEMISTS LTD,KRISHNA CHEMISTS LTD,2025 July 14,2030 July 14
1392,H2025/CTD8563/16879,IPOPRIN 2,Pomalidomide capsules,Capsule,India,Foreign,MSN Laboratories Private Limited,MSN LABORATORIES PVT LTD,2025 July 14,2030 July 14
1393,H2025/CTD8783/16954,IVAZYD 5,Ivabradine Hydrochloride,Film-Coated Tablet,India,Foreign,M/S Cadila Healthcare Limited,ZYDUS LIFESCIENCES LIMITED,2025 July 14,2030 July 14
1394,H2025/CTD12108/25837,HYDROFOZ CAPSULES,Hydroxyurea,Capsule,India,Foreign,Forza Lifesciences Limited,FORZA LIFE SCIENCES,2025 July 14,2030 July 14
1395,H2025/CTD11918/25984,ONATOB-DEX EYE DROPS,Tobramycin Sulfate and Dexamethasone Sodium…,"Ear/Eye Drops, Solution",India,Foreign,Dawa  Limited,DAWA LTD,2025 July 14,2030 July 14
1396,H2025/CTD11854/22103,SUMO-MR,"Etoricoxib, Paracetamol BP and Chlorzoxazone USP",Film-Coated Tablet,India,Foreign,Zuvan Limited,ZUVAN LIMITED,2025 July 14,2030 July 14
1397,H2025/CTD12341/25051,INSPARIN 5000 IU/ML,Heparin Injection BP 5000 IU/ml,Solution For Infusion,India,Foreign,Inspire Pharmaceuticals Ltd,INSPIRE PHARMACEUTICALS LTD,2025 July 14,2030 July 14
1398,H2025/CTD9990/22038,Osmolax Solution (3.35gm/5ml),Lactulose Concentrate USP (67%),Oral Solution,Bangladesh,Foreign,Square Pharmaceuticals Ltd.,ACE PHARMACEUTICALS LTD,2025 July 14,2030 July 14
1399,H2025/CTD10990/24296,Torsid 20 tablet,Torsemide USP,Tablet,Bangladesh,Foreign,Square Pharmaceuticals Ltd.,ACE PHARMACEUTICALS LTD,2025 July 14,2030 July 14
1400,H2025/CTD11764/22237,SUMO-PLUS,"Etoricoxib, Paracetamol BP",Film-Coated Tablet,India,Foreign,JAVIA INTERNATIONAL LIMITED,ZUVAN LIMITED,2025 July 14,2030 July 14
1401,H2025/CTD10774/22993,Empadil M 5/500,Empagliflozin IH and Metformin Hydrochloride USP,Tablet,India,Foreign,Ajanta Pharma Limited,HARLEYS LTD-NAIROBI,2025 July 14,2030 July 14
1402,H2025/CTD11288/24563,TOFADOZ 5,Tofacitinib,Tablet,India,Foreign,MSN Laboratories Private Limited,SIMBA PHARMACEUTICALS LTD,2025 July 14,2030 July 14
1403,H2025/CTD11932/26238,Montene L Tablet,Montelukast Sodium and Levocetrizine…,Film-Coated Tablet,Kenya,Local,Square Pharmaceutical Kenya EPZ Limited,ACE PHARMACEUTICALS LTD,2025 July 14,2030 July 14
1404,H2025/CTD11969/25765,MUPIROKEN,Mupirocin USP,Ointment,India,Foreign,PHARMAKEN LTD,PHARMAKEN LTD,2025 July 14,2030 July 14
1405,H2025/CTD11658/25551,METFORMIN HYDROCHLORIDE TABLETS USP 500MG,Metformin Hydrochloride,Coated Tablet,India,Foreign,VICTORIA HEALTHCARE LTD,VICTORIA HEALTHCARE LIMITED,2025 July 14,2030 July 14
1406,H2025/CTD11265/21603,ZAHRO 25,HYDROCHLOROTHIAZIDE,Tablet,Kenya,Local,ZAIN PHARMA LIMITED,ZAIN PHARMA LIMITED,2025 July 11,2030 July 11
1407,H2025/CTD11033/21421,ZAHRO 50,HYDROCHLOROTHIAZIDE,Tablet,Kenya,Local,Zain Pharma Limited,ZAIN PHARMA LIMITED,2025 July 11,2030 July 11
1408,H2025/CTD12783/27615,Ferradonis 500 mg iron/ 10 Ml,Ferric Carboxymaltose,Solution For Injection/Infusion,India,Foreign,Dr Reddy's Laboratories Limited,THE EAH CARE LIMITED,2025 July 11,2030 July 11
1409,H2025/CTD11439/24680,CALMOOD 5MG FILM COATED TABLETS,Olanzapine,Film-Coated Tablet,Kenya,Local,COSMOS LIMITED,COSMOS LIMITED,2025 July 10,2030 July 10
1410,H2025/CTD11440/24684,CALMOOD 10MG FILM COATED TABLETS,Olanzapine,Film-Coated Tablet,Kenya,Local,COSMOS LIMITED,COSMOS LIMITED,2025 July 10,2030 July 10
1411,H2025/CTD11078/22640,Dexatrol ophthalmic ointment,1- Dexamethasone micronized  2- Neomycin sulphate…,Eye Ointment,Egypt,Foreign,Egyptian International Pharmaceutical Industries…,ZADCHEM HEALTHCARE LTD,2025 July 09,2030 July 09
1412,H2025/CTD11172/21418,TRI ORAGIEN GEL,"Tannic Acid, Choline Salicylate, Cetrimide and…",Gel,India,Foreign,SIGNATURE HEALTHCARE LIMITED,SIGNATURE HEALTHCARE LTD,2025 July 09,2030 July 09
1413,H2025/CTD11082/22221,dexatobrin ophthalmic suspension,dexamethasone base / tobramycin,"Eye Drops, Suspension",Egypt,Foreign,zadchem healthcare limited,ZADCHEM HEALTHCARE LTD,2025 July 09,2030 July 09
1414,H2025/CTD11094/22443,Dexatobrin ophthalmic ointment,Dexamethasone   - Tobramycin,Eye Ointment,Egypt,Foreign,Egyptian International Pharmaceutical Industries…,ZADCHEM HEALTHCARE LTD,2025 July 09,2030 July 09
1415,H2025/CTD12088/25514,DIAZAC M ER 5/1000,Dapagliflozin IH & Metformin Hydrochloride USP,Film-Coated Tablet,India,Foreign,Ajanta Pharma Ltd.,HARLEYS LTD-NAIROBI,2025 July 08,2030 July 08
1416,H2025/CTD12146/26809,Sema Q 1 mg/0.5 ml Prefilled Syringe Injection,Semaglutide,Solution For Injection,Bangladesh,Foreign,Q PHARMA DMCC,CINTANA HEALTHCARE SERVICES LTD,2025 July 08,2030 July 08
1417,H2025/CTD12081/25264,Ciprocin ophthalmic solution,Ciprofloxacin HCL,Ophthalmic Solution,Egypt,Foreign,Egyptian International Pharmaceutical Industries…,ZADCHEM HEALTHCARE LTD,2025 July 08,2030 July 08
1418,H2025/CTD12090/25584,DIAZAC M ER 10/1000,Dapagliflozin IH & Metformin Hydrochloride USP,Film-Coated Tablet,India,Foreign,Ajanta Pharma Ltd,HARLEYS LTD-NAIROBI,2025 July 08,2030 July 08
1419,H2025/CTD11218/23010,Empadil M 12.5/1000,Empagliflozin IH and Metformin Hydrochloride USP,Film-Coated Tablet,India,Foreign,Ajanta Pharma Limited,HARLEYS LTD-NAIROBI,2025 July 08,2030 July 08
1420,H2025/CTD11354/20890,GOAB 5,Solifenacin Succinate,Tablet,India,Foreign,M/s. Hetero Labs Limited,UNISEL LTD,2025 July 08,2030 July 08
1421,H2025/CTD12191/15637,LIPIDROP 10,ATORVASTATIN CALCIUM USP,Tablet,India,Foreign,KRISHNA CHEMISTS LTD,KRISHNA CHEMISTS LTD,2025 July 08,2030 July 08
1422,H2025/CTD12089/25539,DIAZAC M ER 10/500,Dapagliflozin IH & Metformin Hydrochloride,Film-Coated Tablet,India,Foreign,Ajanta Pharma Ltd.,HARLEYS LTD-NAIROBI,2025 July 08,2030 July 08
1423,H2025/CTD12194/15638,LIPIDROP 20,ATORVASTATIN CALCIUM USP,Tablet,India,Foreign,KRISHNA CHEMISTS LTD,KRISHNA CHEMISTS LTD,2025 July 08,2030 July 08
1424,H2025/CTD11356/20898,GOAB 10,Solifenacin Succinate,Tablet,India,Foreign,M/s. Hetero Labs Limited,UNISEL LTD,2025 July 08,2030 July 08
1425,H2025/CTD12457/26307,Ovizep 7.5mg solution for Injection,Tirzepatide,Solution For Injection,Bangladesh,Foreign,DAWA LIMITED,DAWA LTD,2025 July 08,2030 July 08
1426,H2025/CTD12265/26830,Sema Q 2.4 mg/0.75ml Prefilled Syringe Injection,Semaglutide,Solution For Injection In Pre-Filled Syringe,Bangladesh,Foreign,Q PHARMA DMCC,CINTANA HEALTHCARE SERVICES LTD,2025 July 08,2030 July 08
1427,H2025/CTD9676/20534,MUPIRICOR OINTMENT,Mupirocin USP,Ointment,India,Foreign,SIGNATURE HEALTHCARE LIMITED,SIGNATURE HEALTHCARE LTD,2025 July 08,2030 July 08
1428,H2025/CTD10809/22984,DESLIT 5 mg TABS,Desloratadine Tablets USP 5 mg,Tablet,India,Foreign,SIGNATURE HEALTHCARE LIMITED,SIGNATURE HEALTHCARE LTD,2025 July 08,2030 July 08
1429,H2025/CTD9683/20555,MUCOCOF SYRUP,"Diphenhydramine HCL B.P. , Ammonium chloride B.P.…",Syrup,India,Foreign,SIGNATURE HEALTHCARE LTD,SIGNATURE HEALTHCARE LTD,2025 July 08,2030 July 08
1430,H2025/CTD9796/20392,CLOTEX 40,Enoxaparin Sodium,Solution For Injection,China,Foreign,"The SAY Pharma Drug store LLC,",PHARMAMED SOLUTION LIMITED,2025 July 08,2030 July 08
1431,H2025/CTD11811/25953,AMIRED 200,AMISULPRIDE TABLETS BP 200 MG,Tablet,India,Foreign,REDEFINE HEALTHCARE LIMITED,REDEFINE HEALTHCARE LIMITED,2025 July 08,2030 July 08
1432,H2025/CTD11809/25938,BRIVARED 50,BRIVARACETAM TABLETS 50 MG,Tablet,India,Foreign,REDEFINE HEALTHCARE LIMITED,REDEFINE HEALTHCARE LIMITED,2025 July 08,2030 July 08
1433,H2025/CTD11756/21739,DAPAONE 5,Dapagliflozin,Tablet,India,Foreign,MSN LABORATORIES PRIVATE LIMITED..,SIMBA PHARMACEUTICALS LTD,2025 July 08,2030 July 08
1434,H2025/CTD10766/22781,Empadil 25,Empagliflozin IH,Film-Coated Tablet,India,Foreign,Ajanta Pharma Limited,HARLEYS LTD-NAIROBI,2025 July 08,2030 July 08
1435,H2025/CTD10765/22780,Empadil 10,Empagliflozin IH,Film-Coated Tablet,India,Foreign,Ajanta Pharma Limited,HARLEYS LTD-NAIROBI,2025 July 08,2030 July 08
1436,H2025/CTD12391/26147,NUFLEX PLUS 25:5MG FILM COATED TABLETS,Mirabegron and Solifenacin Succinate,Film-Coated Tablet,Kenya,Local,COSMOS LIMITED,COSMOS LIMITED,2025 July 08,2030 July 08
1437,H2025/CTD10511/20993,RIOCI 1,Riociguat,Tablet,India,Foreign,MSN LABORATORIES PRIVATE LIMITED..,SIMBA PHARMACEUTICALS LTD,2025 July 08,2030 July 08
1438,H2025/CTD11051/23003,Empadil M 5/1000,Empagliflozin IH and Metformin Hydrochloride USP,Film-Coated Tablet,India,Foreign,Ajanta Pharma Limited,HARLEYS LTD-NAIROBI,2025 July 08,2030 July 08
1439,H2025/CTD12456/26023,OVIZEP 2.5mg Solution for Injection,Tirzepatide,Solution For Injection,Bangladesh,Foreign,Dawa Limited,DAWA LTD,2025 July 08,2030 July 08
1440,H2025/CTD11454/22861,EPSYLAM DT 100,Lamotrigine,Dispersible Tablet,India,Foreign,AUROBINDO PHARMA LIMITED,SIMBA PHARMACEUTICALS LTD,2025 July 08,2030 July 08
1441,H2025/CTD12459/26121,Ovizep 5mg Solution for Injection,TIRZEPATIDE,Solution For Injection In Pre-Filled Pen,Bangladesh,Foreign,DAWA LIMITED,DAWA LTD,2025 July 08,2030 July 08
1442,H2025/CTD11052/23005,Empadil M 12.5/500,Empagliflozin IH and Metformin Hydrochloride USP,Film-Coated Tablet,India,Foreign,Ajanta Pharma Limited,HARLEYS LTD-NAIROBI,2025 July 08,2030 July 08
1443,H2025/CTD10493/22262,XEBISCO 75,PREGABALIN CAPSULES 75MG,"Capsule, Hard",India,Foreign,BLISS GVS PHARMA LTD,THERALIFE PHARMA LTD,2025 July 08,2030 July 08
1444,H2025/CTD12518/26296,THINHET 90,Ticagrelor,Tablet,India,Foreign,Hetero Labs Limited,UNISEL LTD,2025 July 08,2030 July 08
1445,H2025/CTD12519/26295,THINHET 60,Ticagrelor,Tablet,India,Foreign,Hetero Labs Limited,UNISEL LTD,2025 July 08,2030 July 08
1446,H2025/CTD11570/24995,IBUJECT Solution for Injection,Ibuprofen,Solution For Infusion,Kenya,Local,Tasa Pharma Ltd,TASA PHARMA LIMITED,2025 July 08,2030 July 08
1447,H2025/CTD7251/14298,Opelan ODT 10,Olanzapine,Tablet,India,Foreign,Micro Labs Limited,MICRO LABS (EA) LTD,2025 July 08,2030 July 08
1448,H2025/CTD11524/24257,Eliquis 5 mg Film Coated Tablet,Apixaban,Tablet,Germany,Foreign,PFIZER LABORATORIES LIMITED,PFIZER LABORATORIES LTD,2025 July 08,2030 July 08
1449,H2025/CTD11515/24258,Eliquis 2.5 mg Film Coated Tablet,Apixaban,Tablet,Germany,Foreign,PFIZER LABORATORIES LIMITED,PFIZER LABORATORIES LTD,2025 July 08,2030 July 08
1450,H2025/CTD11493/24867,NEOX Solution for Injection,Neostigmine Metilsulfate,Solution For Injection,Kenya,Local,Tasa Pharma Ltd,TASA PHARMA LIMITED,2025 July 08,2030 July 08
1451,H2025/CTD7246/14289,Opelan ODT 5,Olanzapine,Tablet,India,Foreign,Micro Labs Limited,MICRO LABS (EA) LTD,2025 July 08,2030 July 08
1452,H2025/CTD11073/20907,FERABEST,Iron Sucrose Injection USP,Solution For Injection,India,Foreign,Vitacura Pharmaceuticals,SIMBA PHARMACEUTICALS LTD,2025 July 08,2030 July 08
1453,H2025/CTD11479/22741,ZOSPIC 3,Eszopiclone Tablets 3mg,Tablet,India,Foreign,HETERO LABS LIMITED,UNISEL LTD,2025 July 08,2030 July 08
1454,H2025/CTD10913/15602,SABEZOLE TABLETS,RABEPRAZOLE SODIUM TABLETS,Tablet,India,Foreign,KRISHNA CHEMISTS LTD,KRISHNA CHEMISTS LTD,2025 July 08,2030 July 08
1455,H95/527,LITHOSUN SR,Lithium carbonate,Tablet,India,Foreign,SUN PHARMACEUTICAL INDUSTRIES LTD,SUN PHARMA EAST AFRICA LTD,2025 January 31,2030 January 31
1456,H2025/CTD10191/22225,LOSHAL H,Losartan Potassium and Hydrochlorothiazide,Tablet,Kenya,Local,Zain Pharma Limited,ZAIN PHARMA LIMITED,2025 January 28,2030 January 28
1457,H2025/CTD12115/26409,Enhertu 100 mg powder for concentrate for…,Trastuzumab deruxtecan,Concentrate For Solution For Infusion,Germany,Foreign,ASTRAZENECA UK LIMITED,ASTRAZENECA PHARMACEUTICALS LIMITED,2025 January 28,2030 January 28
1458,H2025/CTD9595/18796,Tecentriq 1200mg/20ml vial,Atezolizumab,Concentrate For Solution For Infusion,Switzerland,Foreign,F. Hoffman-La Roche Ltd - Switzerland,ROCHE KENYA LIMITED,2025 January 28,2030 January 28
1459,H2025/CTD11813/25935,VORTO 10,Vortioxetine Hydrobromide Tablets 10 mg,Tablet,India,Foreign,REDEFINE HEALTHCARE LIMITED,REDEFINE HEALTHCARE LIMITED,2025 January 28,2030 January 28
1460,H2025/CTD11805/26043,ZAVITA,Ceftazidime 2g / Avibactam 0.5g,Powder For Concentrate For Solution For Infus,India,Foreign,PHARMAKEN LTD,PHARMAKEN LTD,2025 January 28,2030 January 28
1461,H2025/CTD12257/26502,Abiratred,Abiraterone acetate,Tablet,India,Foreign,DR. REDDY’S LABORATORIES LIMITED,THE EAH CARE LIMITED,2025 January 28,2030 January 28
1462,H2025/CTD12342/26220,ABLADO DT,"Abacavir sulfate, Dolutegravir sodium and…",Tablet for Oral Suspension,India,Foreign,AUROBINDO PHARMA LIMITED,SIMBA PHARMACEUTICALS LTD,2025 January 28,2030 January 28
1463,H2025/CTD8368/17777,Acuron Injection,Atracurium Besylate USP,Solution For Injection,Pakistan,Foreign,BROOKES PHARMA PRIVATE LIMITED,HARLEYS LTD-NAIROBI,2025 January 28,2030 January 28
1464,H2025/CTD7652/14762,ZOLDRO,Zoledronic acid monohydrate,Injection,India,Foreign,M/s. Aspiro Pharma Limited,UNISEL LTD,2025 January 28,2030 January 28
1465,H2025/CTD10192/21889,ATSHAL 20,ATORVASTATIN,Tablet,Kenya,Local,Zain Pharma Limited,ZAIN PHARMA LIMITED,2025 January 28,2030 January 28
1466,H2025/CTD10968/23337,ENZACARE 40,Enzalutamide,"Capsule, Hard",India,Foreign,Javia International Limited,ZUVAN LIMITED,2025 January 23,2030 January 23
1467,H2025/CTD11480/24314,OXALITHER 100,Oxaliplatin,Concentrate For Solution For Infusion,India,Foreign,TherDose Pharma Private Limited,PHILLIPS THERAPEUTICS LIMITED,2025 January 20,2030 January 20
1468,H2025/CTD10999/24276,Emjard 25 Tablet,Empagliflozin INN,Tablet,Bangladesh,Foreign,Square Pharmaceuticals Ltd.,ACE PHARMACEUTICALS LTD,2025 January 20,2030 January 20
1469,H2025/CTD11019/24077,LINEMPA 10/5.,EMPAGLIFLOZIN + LINAGLIPTIN.,Film-Coated Tablet,Kenya,Local,LABORATORY & ALLIED LIMITED.,LABORATORY & ALLIED LTD,2025 January 20,2030 January 20
1470,H2025/CTD7650/14738,ACUDOL 15,Ketorolac Tromethamine USP,Injection,India,Foreign,M/s. Aspiro Pharma Limited,UNISEL LTD,2025 January 20,2030 January 20
1471,H2025/CTD7651/14749,ACUDOL 30,Ketorolac Tromethamine,Injection,India,Foreign,M/s. Aspiro Pharma Limited,UNISEL LTD,2025 January 20,2030 January 20
1472,H2025/CTD11047/23314,EMPAGLIZ-25.,EMPAGLIFLOZIN.,Film-Coated Tablet,Kenya,Local,LABORATORY & ALLIED LTD.,LABORATORY & ALLIED LTD,2025 January 20,2030 January 20
1473,H2025/CTD11054/24078,LINEMPA 25/5.,EMPAGLIFLOZIN + LINAGLIPTIN.,Film-Coated Tablet,Kenya,Local,LABORATORY & ALLIED LIMITED.,LABORATORY & ALLIED LTD,2025 January 20,2030 January 20
1474,H2025/CTD9161/19902,Erli 10mg Tablet,Empagliflozin,Tablet,Pakistan,Foreign,PharmEvo Pvt. Ltd.,HARLEYS LTD-NAIROBI,2025 January 20,2030 January 20
1475,H2025/CTD11266/24844,TICALOR 60mg,Ticagrelor Ph. Eur.,Film-Coated Tablet,India,Foreign,Sun Pharmaceutical Industries Limited,SUN PHARMA EAST AFRICA LTD,2025 January 20,2030 January 20
1476,H2025/CTD11267/24879,TICALOR 90mg,Ticagrelor Ph. Eur.,Film-Coated Tablet,India,Foreign,Sun Pharmaceutical Industries Limited,SUN PHARMA EAST AFRICA LTD,2025 January 20,2030 January 20
1477,H2025/CTD7960/15194,DOXYCYCLINE CAPSULES BP 100 MG,Doxycycline Hyclate ≡ to Doxycycline,Capsule,India,Foreign,Harleys Limited,HARLEYS LTD-NAIROBI,2025 January 20,2030 January 20
1478,H2025/CTD11481/24306,OXALITHER 50,Oxaliplatin,Concentrate For Solution For Infusion,India,Foreign,TherDose Pharma Private Limited,PHILLIPS THERAPEUTICS LIMITED,2025 January 20,2030 January 20
1479,H2025/CTD11482/24304,CARBOTHER 450,Carboplatin,Concentrate For Solution For Infusion,India,Foreign,TherDose Pharma Private Limited,PHILLIPS THERAPEUTICS LIMITED,2025 January 20,2030 January 20
1480,H2025/CTD11507/25178,Sema Q 0.25 Injection,Semaglutide,Solution For Injection,Bangladesh,Foreign,Q PHARMA DMCC,CINTANA HEALTHCARE SERVICES LTD,2025 January 20,2030 January 20
1481,H2025/CTD11508/25179,Sema Q 0.5mg Injection,Semaglutide,Solution For Injection,Bangladesh,Foreign,Q PHARMA DMCC,CINTANA HEALTHCARE SERVICES LTD,2025 January 20,2030 January 20
1482,H2025/CTD11758/22749,DAPAMET 5/1000,Dapagliflozin and Metformin Hydrochloride,Film-Coated Tablet,India,Foreign,MSN Laboratories Private Limited,SIMBA PHARMACEUTICALS LTD,2025 January 20,2030 January 20
1483,H2025/CTD11762/22766,DAPAMET 10/1000,Dapagliflozin and Metformin Hydrochloride,Film-Coated Tablet,India,Foreign,MSN Laboratories Private Limited,SIMBA PHARMACEUTICALS LTD,2025 January 20,2030 January 20
1484,H2025/CTD9697/22003,CILNITEL 5/40 TABLETS,Cilnidipine & Telmisartan,Film-Coated Tablet,India,Foreign,INNOCIA LIFESCIENCES PVT. LTD,WESSEX PHARMACEUTICALS LTD,2025 January 20,2030 January 20
1485,H2025/CTD11915/24560,Ticarel 60mg tablet,Ticagrelor,Film-Coated Tablet,India,Foreign,Dawa Limited,DAWA LTD,2025 January 20,2030 January 20
1486,H2025/CTD11914/24561,Ticarel 90mg tablet,Ticagrelor,Film-Coated Tablet,India,Foreign,Dawa Limited,DAWA LTD,2025 January 20,2030 January 20
1487,H2025/CTD10789/23810,PIXALIS 2.5,APIXABAN,Film-Coated Tablet,India,Foreign,Krishna Chemists Ltd,KRISHNA CHEMISTS LTD,2025 January 20,2030 January 20
1488,H2025/CTD10996/24420,Emjard 10 Tablet,Empagliflozin INN,Tablet,Bangladesh,Foreign,SQUARE Pharmaceuticals Ltd.,ACE PHARMACEUTICALS LTD,2025 January 20,2030 January 20
1489,H2025/CTD10726/22727,LINATIN TABLETS.,LINAGLIPTIN.,Film-Coated Tablet,Kenya,Local,LABORATORY & ALLIED LIMITED.`,LABORATORY & ALLIED LTD,2025 January 20,2030 January 20
1490,H2025/CTD10771/23725,ESOESO (Esomeprazole Sodium for Injection 40 mg),Esomeprazole Sodium,Powder For Injection,India,Foreign,TAWWAB PHARMA PRIVATE LIMITED,PHILLIPS THERAPEUTICS LIMITED,2025 January 20,2030 January 20
1491,H2025/CTD10707/23076,LABOMET,Metoclopramide Injection BP,Solution For Injection,India,Foreign,Laborate Pharmaceuticals India Limited,HARLEYS LTD-NAIROBI,2025 January 20,2030 January 20
1492,H2025/CTD10790/23862,PENTIXOL 20,FLUPENTIXOL DECANOATE INJECTION BP 20MG/ML,Injection,India,Foreign,Krishna Chemists Ltd,KRISHNA CHEMISTS LTD,2025 January 20,2030 January 20
1493,H2025/CTD10642/24332,Epixo 2.5 mg Film-Coated Tablet,Apixaban,Film-Coated Tablet,Bangladesh,Foreign,Renata Limited,HARLEYS LTD-NAIROBI,2025 January 20,2030 January 20
1494,H2025/CTD10792/23880,MIRZA 15,MIRTAZAPINE 15 MG,Film-Coated Tablet,India,Foreign,Krishna Chemists Ltd,KRISHNA CHEMISTS LTD,2025 January 20,2030 January 20
1495,H2025/CTD10793/23881,MIRZA 30,MIRTAZAPINE 30 MG,Film-Coated Tablet,India,Foreign,Krishna Chemists Ltd,KRISHNA CHEMISTS LTD,2025 January 20,2030 January 20
1496,H2025/CTD10992/24277,Emjard M 5/500 Tablet,Empagliflozin + Metformin Hydrochloride,Tablet,Bangladesh,Foreign,Square Pharmaceuticals Ltd.,ACE PHARMACEUTICALS LTD,2025 January 20,2030 January 20
1497,H2025/CTD11326/21602,ASPOCAN,Posaconazole Form-I,Tablet,India,Foreign,HETERO LABS LIMITED,UNISEL LTD,2025 January 19,2030 January 19
1498,H2025/CTD9693/20334,ENZOFLAM GEL,"Diclofenac diethylamine BP, Linseed oil BP,…",Gel,India,Foreign,Alkem Laboratories Ltd,PHARMACOR LTD,2025 January 19,2030 January 19
1499,H2025/CTD10193/22037,ATSHAL 40,ATORVASTATIN,Tablet,Kenya,Local,Zain Pharma Limited,ZAIN PHARMA LIMITED,2025 January 19,2030 January 19
1500,H2025/CTD9416/21379,CETZAN-10,Cetirizine hydrochloride,Tablet,Kenya,Local,ZAIN PHARMA LIMITED,ZAIN PHARMA LIMITED,2025 January 19,2030 January 19
1501,H2025/CTD10321/20670,ZIQUANTA,praziquantel USP,Film-Coated Tablet,India,Foreign,HETERO LABS LIMITED,UNISEL LTD,2025 January 19,2030 January 19
1502,H2025/CTD10721/23066,DAPAGLIZ-5.,DAPAGLIFLOZIN.,Film-Coated Tablet,Kenya,Local,LABORATORY & ALLIED LIMITED.,LABORATORY & ALLIED LTD,2025 January 19,2030 January 19
1503,H2025/CTD10723/23312,EMPAGLIZ-10.,EMPAGLIFLOZIN.,Film-Coated Tablet,Kenya,Local,LABORATORY & ALLIED LTD.,LABORATORY & ALLIED LTD,2025 January 19,2030 January 19
1504,H2025/CTD10834/24364,Rephaston 10mg Film-Coated Tablet,Dydrogesterone,Film-Coated Tablet,Bangladesh,Foreign,Renata Limited,HARLEYS LTD-NAIROBI,2025 January 19,2030 January 19
1505,H2025/CTD11305/24901,TELSI - 80 TABLETS,Telmisartan,Tablet,India,Foreign,NBS PHARMACEUTICALS,LIFON PHARMA LIMITED,2025 January 19,2030 January 19
1506,H2025/CTD8365/16195,Trenaxa inj 500mg/5ml,Tranexamic Acid,Injection,India,Foreign,Macleods Pharmaceuticals Limited,SAI PHARMACEUTICALS LTD,2025 January 19,2030 January 19
1507,H2025/CTD6890/13288,Apisopt Eye Drops,Dorzolamide as Hydrochloride,Eye Drops,Jordan,Foreign,Amman Pharmaceutical Industries,GOODMAN AGENCIES LTD,2025 February 17,2030 February 17
1508,H2025/CTD12066/24452,"BIXTONIM XYLO® 1MG/ML NASAL SPRAY, SOLUTION",XYLOMETAZOLINE HYDROCHLORIDE,Nasal Spray,Romania,Foreign,BIOFARM S.A,HARLEYS LTD-NAIROBI,2025 February 17,2030 February 17
1509,H2025/CTD6889/13283,Apisopt Plus Eye Drops,Dorzolamide as Hydrochloride & Timolol as Maleate,Eye Drops,Jordan,Foreign,Amman Pharmaceutical Industries,GOODMAN AGENCIES LTD,2025 February 17,2030 February 17
1510,H2025/CTD6853/13168,Sinocort Metered Dose nasal Spray.,Mometasone furoate.,Nasal Spray,Jordan,Foreign,Dr. Mohammed Gubara,GOODMAN AGENCIES LTD,2025 February 17,2030 February 17
1511,H2025/CTD6758/13142,Loprostan Eye Drops,"Latanoprost , Timolol maleate",Eye Drops,Jordan,Foreign,Dr. Mohammed Gubara,GOODMAN AGENCIES LTD,2025 February 17,2030 February 17
1512,H2025/CTD6382/12497,PHENIDEX EYE DROPS,Chloramphenicol;Dexamethasone sodium phosphate,Eye Drops,Jordan,Foreign,Amman Pharmacutical Industries,GOODMAN AGENCIES LTD,2025 February 17,2030 February 17
1513,H2025/CTD12067/24455,"BIXTONIM XYLO 0.5MG/ML NASAL SPRAY, SOLUTION",XYLOMETAZOLINE HYDROCHLORIDE,"Nasal Spray, Solution",Romania,Foreign,BIOFARM S.A,HARLEYS LTD-NAIROBI,2025 February 17,2030 February 17
1514,H2025/CTD11308/24887,GLIZA - 2 TABLETS,Glimepiride BP,Tablet,India,Foreign,NBS PHARMACEUTICALS,LIFON PHARMA LIMITED,2025 February 11,2030 February 11
1515,H2025/CTD10537/23049,MICROMOL IV,PARACETAMOL,Infusion,India,Foreign,GOODMED PHARMARCY LTD,GOODMED HEALTHCARE LIMITED,2025 February 11,2030 February 11
1516,H2025/CTD10439/22689,FLAGEN IV,METRONIDAZOLE,Infusion,India,Foreign,GOODMED PHARMARCY LTD,GOODMED HEALTHCARE LIMITED,2025 February 11,2030 February 11
1517,H2025/CTD11307/24886,GLIZA - 1 TABLETS,Glimepiride BP,Tablet,India,Foreign,NBS PHARMACEUTICALS,LIFON PHARMA LIMITED,2025 February 11,2030 February 11
1518,H2025/CTD11309/24888,GLIZA - 3 TABLETS,Glimepiride BP,Tablet,India,Foreign,NBS PHARMACEUTICALS,LIFON PHARMA LIMITED,2025 February 11,2030 February 11
1519,H2025/CTD12775/26408,ACYCLOTAB DT,ACICLOVIR,Chewable/Dispersible Tablet,India,Foreign,NESHER PHARMA LD,NESHER PHARMA LIMITED,2025 December 16,2030 December 16
1520,H2025/CTD10366/21023,ROZVAST 10,Rosuvastatin calcium USP,Film-Coated Tablet,India,Foreign,Aarti Life Science LLP,TIBA HEALTHCARE LIMITED,2025 December 08,2030 December 08
1521,H2025/CTD12790/27008,GRISOZEN 125,Griseofulvin,Tablet,Kenya,Local,ZAIN PHARMA LIMITED,ZAIN PHARMA LIMITED,2025 December 08,2030 December 08
1522,H2025/CTD11904/26219,Seroprex 100 tablet,Quetiapine Fumarate,Film-Coated Tablet,Kenya,Local,SQUARE PHARMACEUTICALS KENYA EPZ LTD,ACE PHARMACEUTICALS LTD,2025 December 08,2030 December 08
1523,H2025/CTD11886/24790,Bilast-M Tablet,Bilastine and Montelukast,Tablet,India,Foreign,TIBA HEALTHCARE LTD,TIBA HEALTHCARE LIMITED,2025 December 08,2030 December 08
1524,H2025/CTD11884/24789,Bilast 20mg Tablet,Bilastine,Tablet,India,Foreign,TIBA HEALTHCARE LTD,TIBA HEALTHCARE LIMITED,2025 December 08,2030 December 08
1525,H2025/CTD10362/21026,ROZVAST 20,Rosuvastatin calcium USP,Film-Coated Tablet,India,Foreign,Aarti Life Science LLP,TIBA HEALTHCARE LIMITED,2025 December 08,2030 December 08
1526,H2025/CTD11217/22029,TELMICLAR HTZ 80/12.5,Telmisartan USP and Hydrochlorothiazide USP,Tablet,India,Foreign,Ajanta Pharma Limited,HARLEYS LTD-NAIROBI,2025 December 08,2030 December 08
1527,H2025/CTD10437/22028,TELMICLAR HTZ 40/12.5,Telmisartan USP and Hydrochlorothiazide USP,Tablet,India,Foreign,Ajanta Pharma Limited,HARLEYS LTD-NAIROBI,2025 December 08,2030 December 08
1528,H2025/CTD10514/18227,SUPAGREL 60,Ticagrelo,Tablet,India,Foreign,MSN Laboratories Private Limited,SIMBA PHARMACEUTICALS LTD,2025 December 08,2030 December 08
1529,H2025/CTD12581/26148,Fycompa 2 mg,Perampanel.,Film-Coated Tablet,South Africa,Foreign,Eisai Pharmaceuticals Africa (Pty) Ltd,PHILLIPS THERAPEUTICS LIMITED,2025 December 08,2030 December 08
1530,H2025/CTD12670/25011,ONDANEP,ONDANSETRON,Injection,India,Foreign,NESHER PHARMA LTD,NESHER PHARMA LIMITED,2025 December 08,2030 December 08
1531,H2025/CTD12669/27196,NEXIOLE SATCHET,Each sachet contains:  Esomeprazole Magnesium…,Granules,India,Foreign,PRO MED PHARMACEUTICALS LTD,PRO MED PHARMACEUTICALS  LTD,2025 December 08,2030 December 08
1532,H2025/CTD12860/27384,OTYCULF 250.,Flucytosine Ph. Eur.,Tablet,India,Foreign,Mylan Laboratories Limited,SURGILINKS LTD,2025 December 08,2030 December 08
1533,H2025/CTD12880/27545,CELONAL 100,Each hard gelatin Capsule contains: Celecoxib BP,Capsule,Kenya,Local,NATIONAL PHARMACY LTD,NATIONAL PHARMACY LTD,2025 December 08,2030 December 08
1534,H2025/CTD12604/26522,CLINEP,CLINDAMYCIN,Injection,India,Foreign,NESHER PHARMA LD,NESHER PHARMA LIMITED,2025 December 08,2030 December 08
1535,H2025/CTD12584/26161,Fycompa 6 mg,Perampanel.,Film-Coated Tablet,South Africa,Foreign,Eisai Pharmaceuticals Africa (Pty) Ltd,PHILLIPS THERAPEUTICS LIMITED,2025 December 08,2030 December 08
1536,H2025/CTD12583/26162,Fycompa 8 mg,Perampanel.,Film-Coated Tablet,South Africa,Foreign,Eisai Pharmaceuticals Africa (Pty) Ltd.,PHILLIPS THERAPEUTICS LIMITED,2025 December 08,2030 December 08
1537,H2025/CTD12582/26159,Fycompa 4 mg,Perampanel.,Film-Coated Tablet,South Africa,Foreign,Eisai Pharmaceuticals Africa (Pty) Ltd,PHILLIPS THERAPEUTICS LIMITED,2025 December 08,2030 December 08
1538,H2025/CTD12602/25012,HEPANEP,HEPARIN,Injection,India,Foreign,NESHER PHARMA LD,NESHER PHARMA LIMITED,2025 December 08,2030 December 08
1539,H2025/CTD7149/13499,METAPIR - 50,Topiramate,Tablet,India,Foreign,Micro Labs Limited,MICRO LABS (EA) LTD,2025 December 08,2030 December 08
1540,H2025/CTD8507/16736,TRANSAMIN-S INJECTION 1000mg/10ml,Tranexamic Acid,Injection,Pakistan,Foreign,Hilton Pharma (Pvt.) Ltd.,SURGILINKS LTD,2025 December 08,2030 December 08
1541,H2025/CTD12489/26435,LOSARGOOD AM H,"Losartan Potassium  50mg, Amlodipine 5mg and …",Film-Coated Tablet,Kenya,Local,ZAIN PHARMA LIMITED,ZAIN PHARMA LIMITED,2025 December 08,2030 December 08
1542,H2025/CTD12492/24911,NEPRIVAS 97/103,Sacubitril and Valsartan,Film-Coated Tablet,India,Foreign,MSN Laboratories Private Limited,SIMBA PHARMACEUTICALS LTD,2025 December 08,2030 December 08
1543,H2025/CTD7150/13521,METAPIR 100MG,Topiramate,Tablet,India,Foreign,Micro Labs Limited,MICRO LABS (EA) LTD,2025 December 08,2030 December 08
1544,H2025/CTD12539/22484,LEVANEXT 1000,Levetiracetam,Film-Coated Tablet,India,Foreign,MSN Laboratories Private Limited,SIMBA PHARMACEUTICALS LTD,2025 December 08,2030 December 08
1545,H2025/CTD12538/24894,NEPRIVAS 24/26,Sacubitril and Valsartan,Film-Coated Tablet,India,Foreign,MSN Laboratories Private Limited,SIMBA PHARMACEUTICALS LTD,2025 December 08,2030 December 08
1546,H2025/CTD12536/24903,NEPRIVAS 49/51,Sacubitril and Valsartan,Film-Coated Tablet,India,Foreign,MSN Laboratories Private Limited,SIMBA PHARMACEUTICALS LTD,2025 December 08,2030 December 08
1547,H2025/CTD12728/27010,GRISOZEN 500,Griseofulvin,Tablet,Kenya,Local,ZAIN PHARMA LIMITED,ZAIN PHARMA LIMITED,2025 December 08,2030 December 08
1548,H2025/CTD12165/22465,LEVANEXT 750,Levetiracetam,Film-Coated Tablet,India,Foreign,MSN Laboratories Private Limited,SIMBA PHARMACEUTICALS LTD,2025 December 07,2030 December 07
1549,H2025/CTD12156/25077,Olpadin Ophthalmic Solution,Olopatadine Hydrochloride USP,Ophthalmic Solution,Bangladesh,Foreign,Aristopharma Ltd.,GLOBE PHARMACY LTD,2025 December 07,2030 December 07
1550,H2025/CTD12158/25076,Olpadin DS Ophthalmic Solution,Olopatadine Hydrochloride USP,Ophthalmic Solution,Bangladesh,Foreign,Aristopharma Ltd.,GLOBE PHARMACY LTD,2025 December 07,2030 December 07
1551,H2025/CTD12486/26938,FRUSOZEN 40,Furosemide,Tablet,Kenya,Local,ZAIN PHARMA LIMITED,ZAIN PHARMA LIMITED,2025 December 07,2030 December 07
1552,H2025/CTD12162/26268,FLUPHEGOOD,Fluphenazine Decanoate Injection BP 25mg/ml,Injection,India,Foreign,GOODMED HEALTHCARE LIMITED,GOODMED HEALTHCARE LIMITED,2025 December 07,2030 December 07
1553,H2025/CTD12163/22384,LEVANEXT 500,Levetiracetam,Film-Coated Tablet,India,Foreign,MSN LABORATORIES PRIVATE LIMITED..,SIMBA PHARMACEUTICALS LTD,2025 December 07,2030 December 07
1554,H2025/CTD12042/26272,PHENGOOD,Phenytoin Injection BP 50mg/ml,Injection,India,Foreign,GOODMED HEALTHCARE LIMITED,GOODMED HEALTHCARE LIMITED,2025 December 07,2030 December 07
1555,H2025/CTD12274/26401,PIROZEN 20,Piroxicam,Hard Gelatin Capsules,Kenya,Local,ZAIN PHARMA LIMITED,ZAIN PHARMA LIMITED,2025 December 07,2030 December 07
1556,H2025/CTD12248/26526,ITACON 200,Itraconazole,"Capsule, Hard",Kenya,Local,NATIONAL PHARMACY LTD,NATIONAL PHARMACY LTD,2025 December 07,2030 December 07
1557,H2025/CTD12226/25375,ACESTAR-100,Aceclofenac,Tablet,Kenya,Local,ZAIN PHARMA LIMITED,ZAIN PHARMA LIMITED,2025 December 07,2030 December 07
1558,H2025/CTD12243/26497,ESPLUS IT,Enteric coated Esomeprazole Magnesium & Sustained…,Capsule,Kenya,Local,NATIONAL PHARMACY LTD,NATIONAL PHARMACY LTD,2025 December 07,2030 December 07
1559,H2025/CTD12183/26721,Nevan TS Ophthalmic Suspension,Nepafenac,Ophthalmic Suspension,Bangladesh,Foreign,Aristopharma Ltd,GLOBE PHARMACY LTD,2025 December 07,2030 December 07
1560,H2025/CTD11584/25330,EMPAGOOD 25 L,Empagliflozin & Linagliptin,Tablet,Kenya,Local,ZAIN PHARMA LIMITED,ZAIN PHARMA LIMITED,2025 December 06,2030 December 06
1561,H2025/CTD11214/21479,ZATRYP 25,AMITRIPTYLINE,Tablet,Kenya,Local,Zain Pharma Limited,ZAIN PHARMA LIMITED,2025 December 06,2030 December 06
1562,H2025/CTD11749/25494,COFANART SUSPENSION,Artemether & Lumefantrine,Oral Suspension,Kenya,Local,ZAIN PHARMA LIMITED,ZAIN PHARMA LIMITED,2025 December 06,2030 December 06
1563,H2025/CTD9722/18531,THEMICAINE AD INJECTION,Lidocaine Hydrochloride  AND Adrenaline Acid…,Injection,India,Foreign,THEMIS MEDICARE LIMITED,PHILLIPS THERAPEUTICS LIMITED,2025 December 06,2030 December 06
1564,H2025/CTD9723/18530,THEMICAINE 20mg/ml Injection,LIDOCAINE HYDROCHLORIDE,Injection,India,Foreign,THEMIS MEDICARE LIMITED,PHILLIPS THERAPEUTICS LIMITED,2025 December 06,2030 December 06
1565,H2025/CTD10838/23084,BUPISTAR INJECTION,Bupivacaine Hydrochloride USP,Injection,India,Foreign,GOODMED PHARMACY LTD,GOODMED HEALTHCARE LIMITED,2025 December 06,2030 December 06
1566,H2025/CTD11402/21420,ALBENCEL,ALBENDAZOLE,Tablet,Kenya,Local,Zain Pharma Limited,ZAIN PHARMA LIMITED,2025 December 06,2030 December 06
1567,H2025/CTD10058/15143,Skudexa,Tramadol hydrochloride/Dexketoprofen,Film-Coated Tablet,Germany,Foreign,Menarini International Operations Luxembourg S.A.,PHILLIPS THERAPEUTICS LIMITED,2025 December 06,2030 December 06
1568,H2025/CTD11719/24990,ZOFENAC 50,DICLOFENAC SODIUM,Tablet,India,Local,ZAIN PHARMA LIMITED,ZAIN PHARMA LIMITED,2025 December 06,2030 December 06
1569,H2009/23076/168,ATRAZED,ATRACURIUM,Injection,India,Foreign,Zawadi Healthcare Ltd,ZAWADI HEALTHCARE LTD,2025 August 31,2030 August 31
1570,H2025/CTD7648/14673,BUDEXA,Budesonide,Nebuliser Suspension,India,Foreign,AXA PARENTERALS LTD,DANVANTRI ENTERPRISES LIMITED,2025 August 27,2030 August 27
1571,H2025/CTD12159/21080,RIVAFLO 15,Rivaroxaban,Tablet,India,Foreign,MSN Laboratories Private Limited.,SIMBA PHARMACEUTICALS LTD,2025 August 27,2030 August 27
1572,H2025/CTD12563/26198,SAFETELMI AM 40/5,"Telmisartan Ph.Eur, Amlodipine Ph.Eur",Tablet,India,Foreign,MSN Laboratories Private Limited,SIMBA PHARMACEUTICALS LTD,2025 August 27,2030 August 27
1573,H2025/CTD11429/23999,MIDOLAM 5 INJECTION,MIDAZOLAM INJECTION BP 5MG/5ML,Injection,India,Foreign,Krishna Chemists Ltd,KRISHNA CHEMISTS LTD,2025 August 27,2030 August 27
1574,H2025/CTD11430/24000,MIDOLAM 15 INJECTION,MIDAZOLAM INJECTION BP 15MG/3ML,Injection,India,Foreign,Krishna Chemists Ltd,KRISHNA CHEMISTS LTD,2025 August 27,2030 August 27
1575,H2025/CTD12002/25338,TELGOOD 80 AM,Telmisartan and Amlodipine,Tablet,Kenya,Local,ZAIN PHARMA LIMITED,ZAIN PHARMA LIMITED,2025 August 27,2030 August 27
1576,H2025/CTD12046/26276,HYDRAGOOD,Hydralazine Hydrochloride Injection USP 20mg/ml,Injection,India,Foreign,GOODMED PHARMARCY LTD,GOODMED HEALTHCARE LIMITED,2025 August 27,2030 August 27
1577,H2025/CTD12365/26716,CIROCORT,Hydrocortisone Sodium Succinate,Powder For Injection,India,Foreign,CIRON DRUGS AND PHARMACEUTICALS PVT. LTD.,CDPL AFRICA HEALTHCARE LIMITED,2025 August 27,2030 August 27
1578,H2025/CTD10300/16398,Aarleflox 750,Levofloxacin (Hemihydrate) USP,Tablet,India,Foreign,Pinnacle Life Scienct Pvt Ltd,UNISEL LTD,2025 August 27,2030 August 27
1579,H2025/CTD11903/25332,TELGOOD 40 CT 12.5,Telmisartan and Chlorthalidone,Tablet,Kenya,Local,ZAIN PHARMA LIMITED,ZAIN PHARMA LIMITED,2025 August 27,2030 August 27
1580,H2025/CTD11324/24210,HETSOLID 150,Dabigatran Etexilate Capsules 110 mg,Capsule,India,Foreign,HETERO LABS LIMITED,UNISEL LTD,2025 August 27,2030 August 27
1581,H2025/CTD11323/24201,HETSOLID 110,Dabigatran Etexilate Capsules 110 mg,Capsule,India,Foreign,HETERO LABS LIMITED,UNISEL LTD,2025 August 27,2030 August 27
1582,H2025/CTD12129/26333,NEPHIX 10MG TABLETS,Finerenone,Film-Coated Tablet,India,Foreign,DAWA LIMITED,DAWA LTD,2025 August 27,2030 August 27
1583,H2025/CTD12130/26334,NEPHIX 20MG TABLETS,Finerenone,Film-Coated Tablet,India,Foreign,DAWA LIMITED,DAWA LTD,2025 August 27,2030 August 27
1584,H2025/CTD12136/24545,GYNOLUT-N,Norethisterone Tablets BP 5mg,Tablet,India,Foreign,NATIONAL PHARMACY LTD,NATIONAL PHARMACY LTD,2025 August 27,2030 August 27
1585,H2025/CTD12562/26206,SAFETELMI AM 40/10,"Telmisartan Ph.Eur, Amlodipine Ph.Eur",Tablet,India,Foreign,MSN Laboratories Private Limited,SIMBA PHARMACEUTICALS LTD,2025 August 27,2030 August 27
1586,H2025/CTD11250/22761,EFLOZIN 10 MG,Empagliflozin,Film-Coated Tablet,Pakistan,Foreign,Scilife Pharma (Pvt.) Ltd.,ENERGIA PHARMA LIMITED,2025 August 27,2030 August 27
1587,H2025/CTD8270/15236,MOMEX,Mometasone furoate monohydrate,Nasal Spray,Turkey,Foreign,Dafra Pharma GmbH,ENERGIA PHARMA LIMITED,2025 August 27,2030 August 27
1588,H2025/CTD11178/24179,HETSOLID 75,Dabigatran Etexilate Capsules 75 mg,Capsule,India,Foreign,HETERO LABS LIMITED,UNISEL LTD,2025 August 27,2030 August 27
1589,H2025/CTD10912/15557,HYOPLUS,HYOSCINE BUTYL BROMIDE AND PARACETAMOL TABLETS,Tablet,India,Foreign,KRISHNA CHEMISTS LTD,KRISHNA CHEMISTS LTD,2025 August 27,2030 August 27
1590,H2025/CTD7347/14457,Vosicaz 50,Voriconazole 50mg,Film-Coated Tablet,India,Foreign,Glenmark Pharmaceuticals Limited,GLENMARK PHARMACEUTICALS (K) LTD,2025 August 27,2030 August 27
1591,H2025/CTD7348/14458,Vosicaz 200mg,Voriconazole 200mg,Film-Coated Tablet,India,Foreign,Glenmark Pharmaceuticals Limited,GLENMARK PHARMACEUTICALS (K) LTD,2025 August 27,2030 August 27
1592,H2025/CTD11736/25492,FENTIUM Solution for Injection,Fentanyl Citrate,Solution For Injection,Kenya,Local,Tasa Pharma Ltd,TASA PHARMA LIMITED,2025 August 27,2030 August 27
1593,H2025/CTD11832/26166,Empazin-L 10mg/5mg Tablet,Empagliflozin + Linagliptin,Tablet,Pakistan,Foreign,Pharmatec Pakistan (Pvt.) Ltd,GLOBE PHARMACY LTD,2025 August 27,2030 August 27
1594,H2025/CTD12253/25951,DUPHABRIL,Dydrogesterone Tablets BP 10mg,Coated Tablet,Kenya,Foreign,NATIONAL PHARMACY LTD,NATIONAL PHARMACY LTD,2025 August 27,2030 August 27
1595,H2025/CTD9809/20180,Defal 6 mg Tablets,Deflazacort,Tablet,Spain,Foreign,"FAES FARMA, S.A.",PHILLIPS THERAPEUTICS LIMITED,2025 August 27,2030 August 27
1596,H2025/CTD9810/20352,Defal 30 mg Tablets,Deflazacort,Tablet,Spain,Foreign,"FAES FARMA, S.A.",PHILLIPS THERAPEUTICS LIMITED,2025 August 27,2030 August 27
1597,H2025/CTD11833/26167,Empazin-L 25mg/5mg Tablet,Empagliflozin + Linagliptin,Tablet,Pakistan,Foreign,Pharmatec Pakistan (Pvt.) Ltd,GLOBE PHARMACY LTD,2025 August 27,2030 August 27
1598,H2025/CTD11810/26011,Empazin 10mg Tablet,Empagliflozin,Tablet,Pakistan,Foreign,Pharmatec Pakistan (Pvt) Ltd.,GLOBE PHARMACY LTD,2025 August 27,2030 August 27
1599,H2025/CTD12256/26367,PALUDAS TABLETS 100MG,Proguanil Hydrochloride BP,Tablet,India,Foreign,Flavocast Healthcare LLP,HEALTH CLASSIQUE LIMITED,2025 August 27,2030 August 27
1600,H2025/CTD11804/26012,Empazin 25mg Tablet,Empagliflozin,Tablet,Pakistan,Foreign,Pharmatec Pakistan (Pvt) Ltd.,GLOBE PHARMACY LTD,2025 August 27,2030 August 27
1601,H2025/CTD11788/23350,GLUSIMET 50/500 MG,SITAGLIPTIN 50 MG + METFORMIN HCl 500 MG,Tablet,Pakistan,Foreign,Scilife Pharma (Private) Limited,ENERGIA PHARMA LIMITED,2025 August 27,2030 August 27
1602,H2025/CTD12012/26446,COXCEE MR TABLETS,"Celecoxib, Paracetamol & Chlorzoxazone",Film-Coated Tablet,India,Foreign,Medixperts Ltd,MEDIXPERTS LIMITED,2025 August 27,2030 August 27
1603,H2025/CTD10618/16396,Aarleflox 500,Levofloxacin (Hemihydrate) USP,Tablet,India,Foreign,Pinnacle Life Scienct Pvt Ltd,UNISEL LTD,2025 August 27,2030 August 27
1604,H2025/CTD11634/25050,VONCAB 20MG TABLETS,Vonoprazan Fumarate,Film-Coated Tablet,Kenya,Local,Dawa  Limited,DAWA LTD,2025 August 27,2030 August 27
1605,H2025/CTD11633/25152,VONCAB 10MG TABLETS,Vonoprazan Fumarate,Film-Coated Tablet,Kenya,Local,Dawa Limited,DAWA LTD,2025 August 27,2030 August 27
1606,H2025/CTD11621/25071,Combipres Eye Drops,Brimonidine Tartrate BP and Timolol Maleate BP,Ophthalmic Solution,Bangladesh,Foreign,Aristopharma Ltd,GLOBE PHARMACY LTD,2025 August 27,2030 August 27
1607,H2025/CTD12037/26270,LABETOGOOD,Labetalol Injection BP 5mg/ml,Injection,India,Foreign,GOODMED HEALTHCARE LIMITED,GOODMED HEALTHCARE LIMITED,2025 August 27,2030 August 27
1608,H2025/CTD12617/26210,SAFETELMI AM 80/5,Telmisartan Ph.Eur Amlodipine Ph.Eur,Tablet,India,Foreign,MSN Laboratories Private Limited,SIMBA PHARMACEUTICALS LTD,2025 August 27,2030 August 27
1609,H2025/CTD11875/25335,TELGOOD AM CT 6.25,"Telmisartan, Amlodipine and Chlorthalidone",Tablet,Kenya,Local,ZAIN PHARMA LIMITED,ZAIN PHARMA LIMITED,2025 August 27,2030 August 27
1610,H2025/CTD11583/25321,EMPAGOOD 10,Empagliflozin,Tablet,Kenya,Local,ZAIN PHARMA LIMITED,ZAIN PHARMA LIMITED,2025 August 27,2030 August 27
1611,H2025/CTD11879/25337,TELGOOD 40 AM,Telmisartan and Amlodipine,Tablet,Kenya,Local,ZAIN PHARMA LIMITED,ZAIN PHARMA LIMITED,2025 August 27,2030 August 27
1612,H2025/CTD11578/25241,TELGOOD 40,Telmisartan,Tablet,Kenya,Local,ZAIN PHARMA LIMITED,ZAIN PHARMA LIMITED,2025 August 27,2030 August 27
1613,H2025/CTD12809/27394,Abiratred 500mg,Abiraterone Acetate,Tablet,India,Foreign,Dr Reddy's Laboratories Limited,THE EAH CARE LIMITED,2025 August 26,2030 August 26
1614,H2025/CTD11087/22991,Cefotax 1 gm powder in vial for I.M/I.V …,Cefotaxime Sodium,Powder For Solution For Injection/Infusion,Egypt,Foreign,Egyptian International Pharmaceutical Industries…,ZADCHEM HEALTHCARE LTD,2025 August 18,2030 August 18
1615,H2025/CTD11534/24087,Evening Pill- LEVONORGESTREL TABLETS BP 1.5 MG,Levonorgestrel BP,Coated Tablet,India,Foreign,SHREE VENKATESH INTERNATIONAL LIMITED,SHAJ PHARMA LIMITED,2025 August 18,2030 August 18
1616,H2025/CTD11053/21727,ERYSTAR,Erythromycin stearate,Powder For Oral Suspension,Kenya,Local,Zain Pharma Limited,ZAIN PHARMA LIMITED,2025 August 18,2030 August 18
1617,H2025/CTD11526/24817,Varoxa-15,Rivaroxaban 15mg,Tablet,India,Foreign,Micro Labs Limited,MICRO LABS (EA) LTD,2025 August 18,2030 August 18
1618,H2025/CTD12327/25777,Empixa 5,Apixaban 5mg,Film-Coated Tablet,India,Foreign,EMCURE PHARMACEUTICALS LTD.,LAZOR PHARMACEUTICALS LIMITED,2025 August 18,2030 August 18
1619,H2025/CTD11079/24215,ARTEGEN 60MG INJECTION,ARTESUNATE,Injection,India,Foreign,GOODMED PHARMACY LTD,GOODMED HEALTHCARE LIMITED,2025 August 18,2030 August 18
1620,H2025/CTD7518/14133,DARUNAVIR/RITONAVIR TABLETS 400 MG/50 MG,Darunavir Ethanolate equivalent to Darunavir 400…,Dispersible Tablet,India,Foreign,Mylan Laboratories Limited,SURGILINKS LTD,2025 August 18,2030 August 18
1621,H2025/CTD11086/22224,Olohistine ophthalmic solution,Olopatadine HCL,"Eye Drops, Solution",Egypt,Foreign,Egyptian International Pharmaceutical Industries…,ZADCHEM HEALTHCARE LTD,2025 August 18,2030 August 18
1622,H2025/CTD9690/19827,ETORIB 120,Etoricoxib IH,Film-Coated Tablet,India,Foreign,ALKEM LABORATORIES LTD.,PHARMACOR LTD,2025 August 18,2030 August 18
1623,H2025/CTD9691/19834,ETORIB 90,Etoricoxib IH,Film-Coated Tablet,India,Foreign,ALKEM LABORATORIES LTD.,PHARMACOR LTD,2025 August 18,2030 August 18
1624,H2025/CTD9692/19819,ETORIB 60,Etoricoxib IH,Film-Coated Tablet,India,Foreign,ALKEM LABORATORIES LTD,PHARMACOR LTD,2025 August 18,2030 August 18
1625,H2025/CTD11501/24100,Medroxy 150- Medroxyprogesterone Acetate…,Medroxyprogesterone Acetate USP,Suspension For Injection,India,Foreign,SHREE VENKATESH INTERNATIONAL LIMITED,SHAJ PHARMA LIMITED,2025 August 18,2030 August 18
1626,H2025/CTD12250/26846,ETOVAC 60,Etoricoxib Tablets 60mg,Tablet,Kenya,Local,PRO MED PHARMACEUTICALS LTD,PRO MED PHARMACEUTICALS  LTD,2025 August 18,2030 August 18
1627,H2025/CTD12603/27293,Abrysvo,Respiratory Synctial Virus,Powder And Solution For Solution For Injectio,Belgium,Foreign,"Pfizer Laboratories Limited, Kenya",PFIZER LABORATORIES LTD,2025 August 18,2030 August 18
1628,H2025/CTD11258/21987,PREDNISOLONE,Prednisolone,Tablet,Kenya,Local,Zain Pharma Limited,ZAIN PHARMA LIMITED,2025 August 18,2030 August 18
1629,H2025/CTD10301/16828,Darunavir and Ritonavir Tablets,Darunavir Ethanolate and Ritonavir USP (Form-I),Film-Coated Tablet,India,Foreign,Hetero Labs Limited,UNISEL LTD,2025 August 13,2030 August 13
1630,H2025/CTD10970/20828,SILMELT 50,Sildenafil Citrat,Mouth Disolving Tablets,India,Foreign,MSN Laboratories Private Limited,SIMBA PHARMACEUTICALS LTD,2025 August 13,2030 August 13
1631,H2025/CTD10143/16829,Sedafol,Propofol,Injection,India,Foreign,M/s. Hetero Labs Limited,UNISEL LTD,2025 August 13,2030 August 13
1632,H2025/CTD11080/23028,Epizithro 500 mg Hard Gelatin Capsules,Azithromycin Dihydrate,"Capsule, Hard",Egypt,Foreign,Egyptian International Pharmaceutical Industries…,ZADCHEM HEALTHCARE LTD,2025 August 13,2030 August 13
1633,H2025/CTD11637/25072,Flutica Nasal Spray,Fluticasone Furoate INN,Nasal Spray,Bangladesh,Foreign,Aristopharma Ltd,GLOBE PHARMACY LTD,2025 August 13,2030 August 13
1634,H2025/CTD11378/23007,Jitrit-5,Tofacitinib,Tablet,India,Foreign,Micro Labs Limited,MICRO LABS (EA) LTD,2025 August 13,2030 August 13
1635,H2025/CTD12166/20827,SILMELT 100,Sildenafil Citrate.,Mouth Disolving Tablets,India,Foreign,MSN Laboratories Private Limited,SIMBA PHARMACEUTICALS LTD,2025 August 12,2030 August 12
1636,H2025/CTD10731/22877,VILASON-50,Vildagliptin,Tablet,India,Foreign,Unison Pharmaceuticals Pvt. Ltd.,SYNER-MED PHARMACEUTICALS (K)LTD,2025 August 12,2030 August 12
1637,H2025/CTD11001/24519,Betafix 2.5mg Tablet,Bisoprolol Fumarate,Tablet,Bangladesh,Foreign,HEALTHCARE PHARMACEUTICALS LIMITED,NEXTGEN PHARMACEUTICALS (K) LTD,2025 August 12,2030 August 12
1638,H2025/CTD11000/24570,Betafix 5mg Tablet,Bisoprolol Fumarate,Tablet,Bangladesh,Foreign,HEALTHCARE PHARMACEUTICALS LIMITED,NEXTGEN PHARMACEUTICALS (K) LTD,2025 August 12,2030 August 12
1639,H2025/CTD11067/24467,Zeropain Tablet,Ketorolac Tromethamine USP,Tablet,Bangladesh,Foreign,HEALTHCARE PHARMACEUTICALS LIMITED,NEXTGEN PHARMACEUTICALS (K) LTD,2025 August 12,2030 August 12
1640,H2025/CTD9290/20105,Iracet Oral Solution,Levetiracetam USP,Oral Solution,Bangladesh,Foreign,Square Pharmaceuticals Limited,ACE PHARMACEUTICALS LTD,2025 August 12,2030 August 12
1641,H2025/CTD11050/23067,DAPAGLIZ-10.,DAPAGLIFLOZIN.,Film-Coated Tablet,Kenya,Local,Laboratory & Allied Ltd,LABORATORY & ALLIED LTD,2025 August 12,2030 August 12
1642,H2025/CTD12152/26141,Iventi 0.5% eye drops,Moxifloxacin Hydrochloride BP,Eye Drops,Bangladesh,Foreign,Square Pharmaceuticals Limited,ACE PHARMACEUTICALS LTD,2025 August 12,2030 August 12
1643,H2025/CTD10955/24425,TAWFER (IRON SUCROSE INJECTION BP),Ferric Hydroxide in Complex with Sucrose,Solution For Injection,India,Foreign,TAWWAB PHARMA PRIVATE LIMITED,NAIROBI PHARMACEUTICALS (K) LTD - Laxicon Court,2025 August 12,2030 August 12
1644,H2025/CTD10491/22608,VIVUS.,VILDAGLIPTIN,Film-Coated Tablet,Kenya,Local,LABORATORY & ALLIED LIMITED,LABORATORY & ALLIED LTD,2025 August 12,2030 August 12
1645,H2025/CTD11287/23901,BEMPETOL EZ,Bempedoic Acid / Ezetimibe USP,Tablet,India,Foreign,TIBA HEALTHCARE LTD,TIBA HEALTHCARE LIMITED,2025 August 12,2030 August 12
1646,H2025/CTD10808/22090,Nervijen – NP Tablets  ®,"Pregabalin, Nortriptyline and Mecobalamin",Tablet,India,Foreign,JENBURKT PHARMACEUTICALS LTD.,UNISEL LTD,2025 August 12,2030 August 12
1647,H2025/CTD11097/15565,PALOX 0.25 mg/5 ml,Palonosetron hydrochloride,Injection,India,Foreign,M/s. Hetero Labs Limited,UNISEL LTD,2025 August 10,2030 August 10
1648,H2025/CTD12220/25054,Epicrom 4% ophthlamic solution,Sodium cromoglicate,Ophthalmic Solution,Egypt,Foreign,Egyptian International Pharmaceutical Industries…,ZADCHEM HEALTHCARE LTD,2025 August 06,2030 August 06
1649,H2025/CTD8813/18228,TYKODAS 50,Dasatinib,Tablet,India,Foreign,MSN Laboratories Private Limited,MSN LABORATORIES PVT LTD,2025 August 04,2030 August 04
1650,H2025/CTD11219/24369,S-MIRAH 25/5MG,Mirabegron (Extended Release) 25mg & Solifenacin…,Film-Coated Tablet,India,Foreign,Javia International Limited,ZUVAN LIMITED,2025 August 04,2030 August 04
1651,H2025/CTD11014/24152,PRULAXA® - 1,PRUCALOPRIDE 1 MG TABLETS,Film-Coated Tablet,India,Foreign,Javia International Limited,ZUVAN LIMITED,2025 August 04,2030 August 04
1652,H2018/CTD5820/611ER/R1,FOLISURGE 75 INJECTION,r-Hu FSH 75 IU,Injection,India,Foreign,INTAS PHARMACEUTICALS LTD,ACCORD HEALTHCARE (K) LTD,2025 August 01,2030 August 01
1653,H2019/CTD5925/1131ER/R1,INTAMAB 500 I.V INFUSION,RITUXIMAB,Injection,India,Foreign,INTAS PHARMACEUTICALS LTD,ACCORD HEALTHCARE (K) LTD,2025 August 01,2030 August 01
1654,H2019/CTD5926/1130ER/R1,INTAMAB 100 I.V INFUSION,RITUXIMAB,Injection,India,Foreign,INTAS PHARMACEUTICALS LTD,ACCORD HEALTHCARE (K) LTD,2025 August 01,2030 August 01
1655,H2025/CTD11990/24940,Bilas Oral solution,Bilastine,Syrup,India,Foreign,DAWA LIMITED,DAWA LTD,2025 April 30,2030 April 30
1656,H2025/CTD11586/25329,EMPAGOOD 10 L,empagliflozin and linagliptin,Tablet,Kenya,Local,ZAIN PHARMA LIMITED,ZAIN PHARMA LIMITED,2025 April 30,2030 April 30
1657,H2025/CTD8239/17065,Agifer injection 20mg/ml,Iron sucrose injection USP,Injection,India,Foreign,Agio Pharmaceticals Limited,PHILLIPS HEALTHCARE SERVICES LTD,2025 April 30,2030 April 30
1658,H2025/CTD9523/21661,Bactrocin Ointment,Mupirocin USP,Ointment,Bangladesh,Foreign,Square Pharmaceuticals Limited,ACE PHARMACEUTICALS LTD,2025 April 30,2030 April 30
1659,H2025/CTD9687/20082,TODCOL,Simethicone Emulsion USP,Oral Suspension,India,Foreign,Mr. Mohammed Iftikhar Saeed,SIGNATURE HEALTHCARE LTD,2025 April 30,2030 April 30
1660,H2025/CTD9677/20706,RABICOR PLUS CAPSULE,Rabeprazole Sodium (As enteric coated pellets) &…,"Capsule, Hard",India,Foreign,SIGNATURE HEALTHCARE LIMITED,SIGNATURE HEALTHCARE LTD,2025 April 30,2030 April 30
1661,H2025/CTD11991/25062,BILAS-M SUSPENSION,Bilastine and Montelukast Sodium,Oral Suspension,India,Foreign,Dawa Limited,DAWA LTD,2025 April 30,2030 April 30
1662,H2025/CTD9353/15538,DEXAMYCIN,GENTAMICIN SULPHATE & DEXAMETHASONE SODIUM…,"Ear/Eye Drops, Solution",India,Foreign,KRISHNA CHEMISTS LTD,KRISHNA CHEMISTS LTD,2025 April 30,2030 April 30
1663,H2025/CTD12426/25740,Gabica 25mg Capsules,Pregabalin,Hard Gelatin Capsules,Pakistan,Foreign,GETZ PHARMA (PRIVATE) LIMITED,SKY HEALTHCARE LTD,2025 April 30,2030 April 30
1664,H2025/CTD11089/24605,NAVALIM 100mg/ml Solution for Injection/Infusion,Sodium Valproate,Solution For Injection/Infusion,Kenya,Local,Tasa Pharma Ltd,TASA PHARMA LIMITED,2025 April 30,2030 April 30
1665,H2025/CTD12566/27051,Rivaxored 20 mg,Rivaroxaban,Tablet,India,Foreign,DR. REDDY’S LABORATORIES LIMITED,THE EAH CARE LIMITED,2025 April 24,2030 April 24
1666,H2025/CTD7147/13381,ZYTIGA®,Abiraterone acetate,Film-Coated Tablet,Italy,Foreign,Janssen Cilag International NV,JOHNSON & JOHNSON MIDDLE EAST FZ LLC,2025 April 24,2030 April 24
1667,H2025/CTD12524/27049,Rivaxored 10 mg,Rivaroxaban,Tablet,India,Foreign,DR. REDDY’S LABORATORIES LIMITED,THE EAH CARE LIMITED,2025 April 24,2030 April 24
1668,H2025/CTD12525/27050,Rivaxored 15 mg,Rivaroxaban,Tablet,India,Foreign,DR. REDDY’S LAdORATORIES LIMITED,THE EAH CARE LIMITED,2025 April 24,2030 April 24
1669,H2025/CTD12007/25704,HEXASIIL (DTwP-HepB-IPV-Hib vaccine),"Diphtheria, Tetanus, Pertussis (Whole Cell),…",Suspension For Injection,India,Foreign,Serum Institute of India Pvt Limited,SAI PHARMACEUTICALS LTD,2025 April 09,2030 April 09
1670,H2025/CTD10286/20748,Leveget 1000mg Tablets,Levetiracetam,Film-Coated Tablet,Pakistan,Foreign,Getz Pharma (Pvt.) Limited,SKY HEALTHCARE LTD,2025 April 09,2030 April 09
1671,H2025/CTD10569/22997,Dolutegravir Tablets 50mg,Dolutegravir Sodium,Film-Coated Tablet,India,Foreign,Micro Labs Limited,MICRO LABS (EA) LTD,2025 April 09,2030 April 09
1672,H2025/CTD9729/21141,Siloxin Capsules 4mg,Silodosin,Capsule,Pakistan,Foreign,GETZ PHARMA (PRIVATE) LIMITED,SKY HEALTHCARE LTD,2025 April 09,2030 April 09
1673,H2025/CTD11081/22900,Episopt Eye Drops,-Timolol (as maleate) -Dorzolamide (as…,Eye Drops,Egypt,Foreign,Egyptian International Pharmaceutical Industries…,ZADCHEM HEALTHCARE LTD,2025 April 09,2030 April 09
1674,H2025/CTD11083/22453,E-moxclav 457 mg,Amoxicillin Trihydrate & Potassium Clavulanate…,Oral Suspension,Egypt,Foreign,Egyptian International Pharmaceutical Industries…,ZADCHEM HEALTHCARE LTD,2025 April 09,2030 April 09
1675,H2025/CTD12421/26957,Herqensa 150MG,Trastuzumab,Powder For Concentrate For Solution For Infus,India,Foreign,DR. REDDY’S LABORATORIES LIMITED,THE EAH CARE LIMITED,2025 April 09,2030 April 09
1676,H2025/CTD12369/26961,Herqensa 440mg,Trastuzumab,Powder For Concentrate For Solution For Infus,India,Foreign,DR. REDDY’S LABORATORIES LIMITED,THE EAH CARE LIMITED,2025 April 09,2030 April 09
1677,H2025/CTD12306/26376,"Abacavir (as Sulfate), Dolutegravir (as Sodium)…",Abacavir sulfate USP  Dolutegravir Sodium …,Dispersible Tablet,India,Foreign,CIPLA LIMITED,PHILLIPS HEALTHCARE SERVICES LTD,2025 April 09,2030 April 09
1678,H2025/CTD10534/17853,Leveget 750mg Tablets,Levetiracetam,Tablet,Pakistan,Foreign,Getz Pharma (Pvt.) Limited,SKY HEALTHCARE LTD,2025 April 09,2030 April 09
1679,H2025/CTD9728/21075,Siloxin Capsules 8mg,Silodosin,Capsule,Pakistan,Foreign,GETZ PHARMA (PRIVATE) LIMITED,SKY HEALTHCARE LTD,2025 April 09,2030 April 09
1680,H2025/CTD12326/26018,Empixa 2.5,Apixaban 2.5mg,Film-Coated Tablet,India,Foreign,Emcure Pharmaceuticals Limited,LAZOR PHARMACEUTICALS LIMITED,2025 April 01,2030 April 01
1681,H2024/CTD11376/19985,TYRIDOL-P EFFERVESCENT TABLETS,"TRAMADOL HYDROCHLORIDE, PARACETAMOL",Effervescent Tablet,India,Foreign,BLISS GVS PHARMA LTD,THERALIFE PHARMA LTD,2024 September 18,2029 September 18
1682,H2024/CTD7696/14912,Colimex Tablets,Dicycloverine Hydrochloride BP and Paracetamol BP,Tablet,India,Foreign,Wallace Pharmaceuticals Pvt Ltd,UNISEL LTD,2024 September 17,2029 September 17
1683,H2024/CTD10975/23452,S-DOM CAPSULES,Esomeprazole Magnesium Trihydrate USP and …,Hard Gelatin Capsules,India,Foreign,AURA LIFECARE PVT. LTD,PAN PHARMACEUTICALS LTD,2024 September 16,2029 September 16
1684,H2024/CTD7591/14773,ETULOX 120 (Etoricoxib Tablets 120 mg),Etoricoxib Tablets 120 mg,Film-Coated Tablet,India,Foreign,Mylan Pharmaceuticals Private Limited,SURGILINKS LTD,2024 September 16,2029 September 16
1685,H2024/CTD7585/14767,ETULOX 90 (Etoricoxib Tablets 90 mg),Etoricoxib Tablets 90 mg,Film-Coated Tablet,India,Foreign,Mylan Pharmaceuticals Private Limited,SURGILINKS LTD,2024 September 16,2029 September 16
1686,H2024/CTD7584/14766,ETULOX 60 (Etoricoxib Tablets 60 mg),Etoricoxib Tablets 60 mg,Film-Coated Tablet,India,Foreign,Mylan Pharmaceuticals Private Limited,SURGILINKS LTD,2024 September 16,2029 September 16
1687,H2024/CTD7579/14753,ETULOX 30 (Etoricoxib Tablets 30 mg),Etoricoxib,Film-Coated Tablet,India,Foreign,Mylan Pharmaceuticals Private Limited,SURGILINKS LTD,2024 September 16,2029 September 16
1688,H2024/CTD9248/17731,Leveget 500mg Tablets,Levetiracetam,Film-Coated Tablet,Pakistan,Foreign,Getz Pharma (Pvt.) Limited,SKY HEALTHCARE LTD,2024 September 16,2029 September 16
1689,H2024/CTD11636/24588,DAVONO 20 MG TABLETS,Vonoprazan Fumarate,Film-Coated Tablet,India,Foreign,Dawa Limited,DAWA LTD,2024 September 16,2029 September 16
1690,H2024/CTD11635/24644,DAVONO 10 MG TABLETS,Vonoprazan Fumarate,Film-Coated Tablet,India,Foreign,Dawa Limited,DAWA LTD,2024 September 16,2029 September 16
1691,H2024/CTD11189/24970,GLUCOSET 14MG TABLETS,SEMAGLUTIDE,Tablet,India,Local,COSMOS LIMITED,COSMOS LIMITED,2024 September 16,2029 September 16
1692,H2024/CTD11005/22985,CIPNIZA 500,Ciprofloxacin,Film-Coated Tablet,India,Foreign,UNIZA LIFECARE PRIVATE LIMITED,SYNER-MED PHARMACEUTICALS (K)LTD,2024 September 16,2029 September 16
1693,H2024/CTD10977/23051,PANAART 20/120 TABLETS,Artemether and Lumefantrine,Film-Coated Tablet,India,Foreign,AURA LIFECARE PVT. LTD.,PAN PHARMACEUTICALS LTD,2024 September 16,2029 September 16
1694,H2024/CTD11125/24011,Rivaxo Tablets 20mg,Rivaroxaban,Film-Coated Tablet,Pakistan,Foreign,GETZ PHARMA (PRIVATE) LIMITED,HARLEYS LTD-NAIROBI,2024 September 16,2029 September 16
1695,H2024/CTD10976/23073,PENURA-DSR CAPSULES,Pantoprazole Sodium eq to Pantoprazole (As…,Hard Gelatin Capsules,India,Foreign,AURA LIFECARE PVT. LTD.,PAN PHARMACEUTICALS LTD,2024 September 16,2029 September 16
1696,H2024/CTD10802/22376,Tamsolin-S Tablets (0.4mg+6mg),Tamsulosin HCl + Solifenacin Succinate,Modified-Release Tablet,Pakistan,Foreign,Getz Pharma (Pvt.) Limited,SKY HEALTHCARE LTD,2024 September 16,2029 September 16
1697,H2024/CTD10742/20927,THEOFLEX-250,Cefalexin,"Capsule, Hard",India,Foreign,THEON PHARMACEUTICALS LIMITED,SYNER-MED PHARMACEUTICALS (K)LTD,2024 September 16,2029 September 16
1698,H2024/CTD10743/20929,THEOFLEX-500,Cefalexin Monohydrate,"Capsule, Hard",India,Foreign,THEON PHARMACEUTICALS LIMITED,SYNER-MED PHARMACEUTICALS (K)LTD,2024 September 16,2029 September 16
1699,H2024/CTD10746/20923,THEOFLEX-125,Cefalexin Monohydrate BP,Powder For Oral Suspension,India,Foreign,THEON PHARMACEUTICALS LIMITED,SYNER-MED PHARMACEUTICALS (K)LTD,2024 September 16,2029 September 16
1700,H2024/CTD10487/23742,TRAMA-50,Tramadol Hydrochloride,Capsule,India,Foreign,Cachet Pharmaceuticals Pvt. Ltd.,PHILLIPS THERAPEUTICS LIMITED,2024 September 16,2029 September 16
1701,H2024/CTD10422/20452,BENDOKEY 100,Bendamustine Hydrochloride Monohydrat,Powder For Concentrate For Solution For Infus,India,Foreign,AUROBINDO PHARMA LIMITED,SIMBA PHARMACEUTICALS LTD,2024 September 16,2029 September 16
1702,H2024/CTD10377/23321,BISOCOR PLUS 2.5/6.25 TABLET,Bisoprolol Fumarate USP & Hydrochlorothiazide BP,Tablet,Bangladesh,Foreign,SQUARE Pharmaceuticals Ltd.,ACE PHARMACEUTICALS LTD,2024 September 16,2029 September 16
1703,H2024/CTD10376/23322,BISOCOR PLUS 5/6.25 TABLET,BISOPROLOL FUMARATE USP & HYDROCHLOROTHIAZIDE BP,Tablet,Bangladesh,Foreign,SQUARE Pharmaceuticals Ltd.,ACE PHARMACEUTICALS LTD,2024 September 16,2029 September 16
1704,H2024/CTD10759/22540,"FERVEX ADULTS SUGAR FREE, sachets of granules for…","Paracetamol, Ascorbic Acid, Pheniramine Maleate",Granules In Sachet,France,Foreign,UPSA SAS,LABOREX KENYA LTD-MOMBASA ROAD,2024 September 15,2029 September 15
1705,H2024/CTD10180/21622,MIRABA 50,Mirabegron,Film-Coated Tablet,India,Foreign,TIBA HEALTHCARE LIMITED,TIBA HEALTHCARE LIMITED,2024 September 15,2029 September 15
1706,H2024/CTD10675/23921,MYONAC GEL,Aceclofenac BP Methyl salicylate Virgin Linseed…,Gel,India,Foreign,WIN PHARMA LTD,WIN-PHARMA LIMITED,2024 September 15,2029 September 15
1707,H2024/CTD10338/23092,DEXCOLIN  SYRUP,"Dextromethorphan Hydrobromide, Chlorphenamine…",Syrup,India,Foreign,NEURON PHARMA PVT. LTD.,FORZA LIFE SCIENCES,2024 September 15,2029 September 15
1708,H2024/CTD10070/21621,MIRABA 25,Mirabegron,Film-Coated Tablet,India,Foreign,TIBA HEALTHCARE LTD,TIBA HEALTHCARE LIMITED,2024 September 15,2029 September 15
1709,H2024/CTD10471/23571,COLISTICOL 1200,Mesalamine,Tablet,India,Foreign,GALAXY PHARMACEUTICAL LTD.,GALAXY PHARMACEUTICAL LIMITED,2024 September 15,2029 September 15
1710,H2024/CTD8037/16261,Vilget 50mg Tablets,Vildagliptin,Tablet,Pakistan,Foreign,Getz Pharma (Pvt.) Limited,SKY HEALTHCARE LTD,2024 September 15,2029 September 15
1711,H2024/CTD8030/16466,Pantakind 40mg Injection,Pantoprazole Sodium,Powder For Injection,India,Foreign,Mankind Pharma Limited,WESSEX PHARMACEUTICALS LTD,2024 September 15,2029 September 15
1712,H2024/CTD11399/15274,Laxiwal Solution,Lactulose (as Lactulose Concentrate U.S.P.),Oral Solution,India,Foreign,Wallace Pharmaceuticals Pvt Ltd,UNISEL LTD,2024 September 15,2029 September 15
1713,H2024/CTD11176/23898,"Colistimethate Sodium, 1 Million International…",Colistimethate sodium,Injection,Denmark,Foreign,Pharaon Healthcare Africa FZ-LLC,HARLEYS LTD-NAIROBI,2024 September 15,2029 September 15
1714,H2024/CTD8263/16825,HYDRILAXE,Sodium Chloride BP 350. 70 mg Sodium Bicarbonate…,Powder For Oral Solution,India,Foreign,Bliss GVS Pharma Limited,THERALIFE PHARMA LTD,2024 September 15,2029 September 15
1715,H2024/CTD8278/18020,Neo-Pyrolate Injection,Glycopyrrolate USP and neostigmine methyl…,Solution For Injection,Pakistan,Foreign,BROOKES PHARMA PRIVATE LIMITED,HARLEYS LTD-NAIROBI,2024 September 15,2029 September 15
1716,H2024/CTD8577/19674,PYODINE GEL,Povodine -Iodine USP,Gel,Pakistan,Foreign,Brookes Pharma Pvt Limited,HARLEYS LTD-NAIROBI,2024 September 15,2029 September 15
1717,H2024/CTD9218/20158,KEYTRUDA,Pembrolizumab,Concentrate For Solution For Infusion,Ireland,Foreign,MSD (PTY) LTD,IMPERIAL MANAGED SOLUTIONS EAST AFRICA LTD-…,2024 September 15,2029 September 15
1718,H2024/CTD11236/24575,COLIMEX DROPS,Dicycloverine Hydrochloride BP and Simethicone USP,Oral Suspension,India,Foreign,Wallace Pharmaceuticals Pvt Ltd,UNISEL LTD,2024 September 15,2029 September 15
1719,H2024/CTD11164/24660,FERITOL-Q 500 IV INJECTION 10 ML,Ferric Carboxymaltose INN equivalent to 500 mg…,Injection,Bangladesh,Foreign,Q PHARMA DMCC,CINTANA HEALTHCARE SERVICES LTD,2024 September 10,2029 September 10
1720,H2024/CTD11130/24363,"MenFive Meningococcal (A, C, Y, W, X)…",a nontoxic mutant,Lyophilized Vaccine,India,Foreign,Serum Institute of India Pvt Limited,SAI PHARMACEUTICALS LTD,2024 September 02,2029 September 02
1721,H2024/CTD11105/24819,STEDNAC GEL ROLL ON,"Aceclofenac, Linseed Oil, Menthol and Methyl…",Gel,India,Foreign,STEDMAN PHARMACEUTICALS PVT. LTD.,SIMBA PHARMACEUTICALS LTD,2024 October 24,2029 October 24
1722,H2024/CTD9268/16084,NOSTIFIX TABLET,Cabergoline USP,Tablet,Egypt,Foreign,Marcyrl Pharmaceuticals Industries,EGYPRO PHARMA (K) LTD,2024 October 24,2029 October 24
1723,H2024/CTD11300/25084,ABERONE 250,Abiraterone Acetate USP,Tablet,India,Foreign,WIN-PHARMA LIMITED,WIN-PHARMA LIMITED,2024 October 24,2029 October 24
1724,H2024/CTD11200/24154,Fosap,Fosaprepitant Dimeglumine for Injection 150mg/vial,Injection,India,Foreign,HETERO LABS LIMITED,UNISEL LTD,2024 October 24,2029 October 24
1725,H2024/CTD11627/24847,Vonofix 20 Tablets,Vonoprazan,Tablet,Bangladesh,Foreign,Aristopharma Ltd,GLOBE PHARMACY LTD,2024 October 24,2029 October 24
1726,H2024/CTD11628/24839,Vonofix 10 Tablets,Vonoprazan,Tablet,Bangladesh,Foreign,Aristopharma Ltd,GLOBE PHARMACY LTD,2024 October 24,2029 October 24
1727,H2024/CTD10806/22541,"FERVEX CHILD, sachets of granules for oral…","Paracetamol, Ascorbic acid (vitamin C) and…",Granules For Oral Solution In Sachet,France,Foreign,UPSA SAS,LABOREX KENYA LTD-MOMBASA ROAD,2024 October 24,2029 October 24
1728,H2024/CTD10498/19160,Vori 200 Tablet,Voriconazole USP,Tablet,Bangladesh,Foreign,Square Pharmaceuticals Ltd.,ACE PHARMACEUTICALS LTD,2024 October 24,2029 October 24
1729,H2024/CTD6751/13109,OPTOR,KETOROLAC TROMETHAMINE,"Eye Drops, Solution",Uganda,Foreign,Abacus Pharma (A) Ltd,ABACUS PHARMA (A) LTD,2024 November 07,2029 November 07
1730,H2024/CTD8244/16953,SEVCAR 800,Sevelamer Carbonate,Tablet,India,Foreign,Emcure Pharmaceuticals Limited,LAZOR PHARMACEUTICALS LIMITED,2024 November 07,2029 November 07
1731,H2024/CTD11306/24896,TELSI - 40 TABLETS,Telmisartan,Tablet,India,Foreign,NBS PHARMACEUTICALS,LIFON PHARMA LIMITED,2024 November 07,2029 November 07
1732,H2008/18034,COSCOF DM LINCTUS,"CHLORPHENAMINE MALEATE BP, SODIUM CITRATE BP,…",Syrup,Kenya,Local,COSMOS LIMITED,COSMOS LIMITED,2024 May 25,2029 May 25
1733,H1991/5529,SALBUT 4 TABLETS,SALBUTAMOL SULPHATE BP,Tablet,Kenya,Local,COSMOS LIMITED,COSMOS LIMITED,2024 May 25,2029 May 25
1734,H1992/7429,SCABEES APPLICATION,BENZYL BENZOATE BP,Cutaneous Solution,Kenya,Local,COSMOS LIMITED,COSMOS LIMITED,2024 May 25,2029 May 25
1735,H2000/13016,GLUCOMET 850MG FILM COATED TABLETS,METFORMIN HYDROCHLORIDE BP,Film-Coated Tablet,Kenya,Local,COSMOS LIMITED,COSMOS LIMITED,2024 May 25,2029 May 25
1736,H2000/4918,NOGLUC 5MG TABLETS,GLIBENCLAMIDE  BP,Tablet,Kenya,Local,COSMOS LIMITED,COSMOS LIMITED,2024 May 25,2029 May 25
1737,H2024/CTD11532/24383,Artesunate Amodiaquine Bilayer Tablets 25mg/67.5mg,"Artesunate, Amodiaquine Hydrochloride",Tablet,India,Foreign,Micro Labs Limited,MICRO LABS (EA) LTD,2024 May 22,2029 May 22
1738,H2024/CTD8038/16459,Praxbind 2.5 g/50 mL solution for…,Idarucizumab,Solution For Injection/Infusion,Germany,Foreign,Boehringer Ingelheim international GmbH,SURGIPHARM LTD,2024 May 22,2029 May 22
1739,H2024/CTD11124/23998,Rivaxo Tablets 15mg,Rivaroxaban,Film-Coated Tablet,Pakistan,Foreign,GETZ PHARMA (PRIVATE) LIMITED,HARLEYS LTD-NAIROBI,2024 May 22,2029 May 22
1740,H2024/CTD8340/16387,SPASMODEX-P,Paracetamol B.P. & Hyoscine butylbromide B.P.,Tablet,India,Foreign,GALAXY PHARMACEUTICAL LTD,GALAXY PHARMACEUTICAL LIMITED,2024 May 22,2029 May 22
1741,H2024/CTD8468/18695,GALAXY LIDO 2% INJECTION,Lidocaine Hydrochloride BP,Injection,India,Foreign,GALAXY PHARMACEUTICAL LTD,GALAXY PHARMACEUTICAL LIMITED,2024 May 22,2029 May 22
1742,H2024/CTD8573/19670,SENSOCAIN SPINAL 0.5%,Bupivacaine hydrochloride USP in Dextrose,Solution For Injection,Pakistan,Foreign,Brookes Pharma private limited,HARLEYS LTD-NAIROBI,2024 May 22,2029 May 22
1743,H2024/CTD8574/19671,B-LACT,Lactulose,Syrup,Pakistan,Foreign,Brookes Pharma Private Ltd,HARLEYS LTD-NAIROBI,2024 May 22,2029 May 22
1744,H2024/CTD11290/24385,Artesunate Amodiaquine Bilayer Tablets 100mg/270mg,"Artesunate, Amodiaquine Hydrochloride",Tablet,India,Foreign,Micro Labs Limited,MICRO LABS (EA) LTD,2024 May 22,2029 May 22
1745,H2024/CTD11289/24384,Artesunate Amodiaquine Bilayer Tablets 50mg/135mg,"Artesunate, Amodiaquine Hydrochloride",Tablet,India,Foreign,Micro Labs Limited,MICRO LABS (EA) LTD,2024 May 22,2029 May 22
1746,H2024/CTD9503/21939,CILVAS-TEL 5/40,Cilnidipine & Telmisartan,Film-Coated Tablet,India,Foreign,GALAXY PHARMACEUTICAL LTD,GALAXY PHARMACEUTICAL LIMITED,2024 May 22,2029 May 22
1747,H2024/CTD7262/13459,INTAQ SR 400,QUETIAPINE FUMARATE,Tablet,India,Foreign,INTAS PHARMACEUTICALS LIMITED,ACCORD HEALTHCARE (K) LTD,2024 May 22,2029 May 22
1748,H2024/CTD9288/21426,ILAPRAZ-20,Ilaprazole,Film-Coated Tablet,India,Foreign,GALAXY PHARMACEUTICAL LIMITED,GALAXY PHARMACEUTICAL LIMITED,2024 May 22,2029 May 22
1749,H2024/CTD9417/18591,Claritek 250mg/5ml Granules for suspension,Clarithromycin,Granules For Oral Suspension,Pakistan,Foreign,Getz Pharma (Pvt.) Limited,SKY HEALTHCARE LTD,2024 May 22,2029 May 22
1750,H2024/CTD9559/20089,Mara Moja Advance Tablet,Paracetamol and Caffeine Tablets,Tablet,Kenya,Local,Beta Healthcare,BETA HEALTHCARE INTERNATIONAL LTD,2024 May 22,2029 May 22
1751,H2024/CTD9702/20841,MEROGLAX 500MG,Meropenem Trihydrate USP,Powder For Injection,India,Foreign,GALAXY PHARMACEUTICAL LIMITED,GALAXY PHARMACEUTICAL LIMITED,2024 May 22,2029 May 22
1752,H2024/CTD10280/20986,ETO MR,Etoricoxib and Thiocolchicoside,Film-Coated Tablet,India,Foreign,Eastleigh Pharmaceuticals Co. Ltd,EASTLEIGH PHARMACEUTUICAL LIMITED,2024 May 22,2029 May 22
1753,H2024/CTD10577/22569,"EFFERALGAN CODEINE, scored effervescent tablets",Paracetamol/Codeine phosphate hemihydrate,Effervescent Tablet,France,Foreign,UPSA SAS,LABOREX KENYA LTD-MOMBASA ROAD,2024 May 22,2029 May 22
1754,H2024/CTD10178/22730,Xelmet 850mg Tablet.,Metformin Hydrochloride BP 850mg,Coated Tablet,Bangladesh,Foreign,Beacon Medicare Limited,GENERICS AFRICA LTD,2024 May 22,2029 May 22
1755,H2024/CTD10835/24512,Finora Tablets,Finerenone Tablets 10 mg,Tablet,Bangladesh,Foreign,TIBA HEALTHCARE LTD,TIBA HEALTHCARE LIMITED,2024 May 22,2029 May 22
1756,H2024/CTD10548/21438,Axim CV 250 Tablet,Cefuroxime Axetil & Diluted Potassium Clavulanate,Film-Coated Tablet,Bangladesh,Foreign,Aristopharma Ltd.,GLOBE PHARMACY LTD,2024 May 22,2029 May 22
1757,H2024/CTD10547/21439,Axim CV 500 Tablet,Cefuroxime Axetil & Diluted Potassium Clavulanate,Film-Coated Tablet,Bangladesh,Foreign,Aristopharma Ltd.,GLOBE PHARMACY LTD,2024 May 22,2029 May 22
1758,H2024/CTD10628/22570,"EFFERALGAN PAEDIATRIC 3%, oral solution",paracetamol,Syrup,France,Foreign,UPSA SAS,LABOREX KENYA LTD-MOMBASA ROAD,2024 May 22,2029 May 22
1759,H2024/CTD10880/24028,UNOSURE 72,Levonorgestrel Tablets BP,Film-Coated Tablet,India,Foreign,Unosource Pharma Limited,UNISEL LTD,2024 May 22,2029 May 22
1760,H2024/CTD10114/21706,SPAQ-CO® Disp 250mg/12.5mg /76.5mg,"Sulfadoxine, Pyrimethamine, Amodiaquine",Dispersible Tablet,China,Foreign,Shanghai Fosun Pharmaceutical Industrial…,TRIDEM PHARMA KENYA LTD,2024 May 22,2029 May 22
1761,H2024/CTD10111/21703,SPAQ-CO® Disp 500mg/25mg/153mg,Sulfadoxine/ Pyrimethamine/ Amodiaquine,Dispersible Tablet,China,Foreign,Shanghai Fosun Pharmaceutical Industrial…,TRIDEM PHARMA KENYA LTD,2024 May 22,2029 May 22
1762,H2024/CTD10595/23339,Trivesta-Q 25/5/1000mg Tablet,Empagaliflozin 25mg + Linagliptin 5mg+Metformin…,Coated Tablet,Pakistan,Foreign,Q PHARMA DMCC,CINTANA HEALTHCARE SERVICES LTD,2024 May 21,2029 May 21
1763,H2024/CTD9473/20729,RUFENAC 100 SR TABLETS,DICLOFENAC SODIUM BP,Tablet,Kenya,Local,Shalina Healthcare Kenya Limited,SHALINA HEALTHCARE KENYA LIMITED,2024 May 21,2029 May 21
1764,H2024/CTD8525/18282,SHALBACTAM INJECTION,Ceftriaxone for Injection USP 1gm,Powder For Injection,India,Foreign,SHALINA HEALTHCARE DMCC,SHALINA HEALTHCARE KENYA LIMITED,2024 May 21,2029 May 21
1765,H2024/CTD8435/18283,SHALTOUX 4 WAY RELIEF SYRUP,"Diphenhydramine Hydrochloride, Ammonium Chloride,…",Oral Liquid,India,Foreign,SHALINA HEALTHCARE DMCC,SHALINA HEALTHCARE KENYA LIMITED,2024 May 21,2029 May 21
1766,H2024/CTD7457/14641,L-MONTELAST,Levocetirizine Hydrochloride IHS and  Montelukast…,Film-Coated Tablet,India,Foreign,Krishna Chemists Ltd,KRISHNA CHEMISTS LTD,2024 May 16,2029 May 16
1767,H2024/CTD8024/15019,BRUTAFLAM-120,Etoricoxib,Tablet,India,Foreign,MANKIND PHARMA LTD.,WESSEX PHARMACEUTICALS LTD,2024 May 16,2029 May 16
1768,H2024/CTD8025/15018,BRUTAFLAM-90,Etoricoxib,Tablet,India,Foreign,MANKIND PHARMA LTD.,WESSEX PHARMACEUTICALS LTD,2024 May 16,2029 May 16
1769,H2024/CTD8026/15017,BRUTAFLAM-60,ETORICOXIB,Tablet,India,Foreign,MANKIND PHARMA LTD.,WESSEX PHARMACEUTICALS LTD,2024 May 16,2029 May 16
1770,H2024/CTD9684/20104,NASOMYS,Mometasone Furoate,Nasal Spray,India,Foreign,Mr Mohamed Iftikhar Saeed,SIGNATURE HEALTHCARE LTD,2024 May 15,2029 May 15
1771,H1988/3915,BENZHEXOL 5MG TABLETS,BENZHEXOL HYDROCHLORIDE BP,Tablet,Kenya,Local,COSMOS LIMITED,COSMOS LIMITED,2024 May 13,2029 May 13
1772,H1988/4748,COSCOF C LINCTUS,"CHLORPHENAMINE MALEATE BP, SODIUM CITRATE BP,…",Syrup,Kenya,Local,COSMOS LIMITED,COSMOS LIMITED,2024 May 13,2029 May 13
1773,H1988/4764,PYRIDOXINE 25MG TABLETS,PYRIDOXINE HYDROCHLORIDE BP (VITAMIN B6),Tablet,Kenya,Local,COSMOS LIMITED,COSMOS LIMITED,2024 May 13,2029 May 13
1774,H1994/4815,IBUCOS-200 FILM COATED TABLETS,IBUPROFEN BP,Film-Coated Tablet,Kenya,Local,COSMOS LIMITED,COSMOS LIMITED,2024 May 13,2029 May 13
1775,H1988/444/2671,METROZOL 400 TABLETS,METRONIDAZOLE BP,Tablet,Kenya,Local,COSMOS LIMITED,COSMOS LIMITED,2024 May 06,2029 May 06
1776,H1995/514,COSMAG ANTACID TABLETS,MAGNESIUM TRISILICATE BP / DRIED ALUMINIUM…,Tablet,Kenya,Local,COSMOS LIMITED,COSMOS LIMITED,2024 May 06,2029 May 06
1777,H1990/3600,CHLORPROMAZINE 25MG TABLETS,CHLORPROMAZINE HYDROCHLORIDE BP,Film-Coated Tablet,Kenya,Local,COSMOS LIMITED,COSMOS LIMITED,2024 May 06,2029 May 06
1778,H1989/3601,CHLORPROMAZINE 100MG TABLETS,CHLORPROMAZINE HYDROCHLORIDE BP,Film-Coated Tablet,Kenya,Local,COSMOS LIMITED,COSMOS LIMITED,2024 May 06,2029 May 06
1779,H1983/361,FUROSEMIDE TABLETS,FUROSEMIDE BP,Tablet,Kenya,Local,COSMOS LIMITED,COSMOS LIMITED,2024 May 06,2029 May 06
1780,H1986/3877,DOXYLINE CAPSULES,DOXYCYCLINE HYCLATE BP,Capsule,Kenya,Local,COSMOS LIMITED,COSMOS LIMITED,2024 May 06,2029 May 06
1781,H1986/624,COZEPAM 5 TABLETS,DIAZEPAM BP,Tablet,Kenya,Local,COSMOS LIMITED,COSMOS LIMITED,2024 May 06,2029 May 06
1782,H2024/CTD11681/24957,Healive Pediatric,hepatitis A,Suspension For Injection In Pre-Filled Syring,China,Foreign,Sinovac Biotech Co. Ltd,SAI PHARMACEUTICALS LTD,2024 May 06,2029 May 06
1783,H2024/CTD9724/21498,ZOLEBET,Betamethasone and Dexchlorpheniramine Maleate,Tablet,Kenya,Local,ZAIN PHARMA LIMITED,ZAIN PHARMA LIMITED,2024 March 25,2029 March 25
1784,H2024/CTD10928/24327,CARBOLIVE 450,Carboplatin,Solution For Injection,India,Foreign,"Sofita Pharmaceutical Wholesalers Limited,",SOFITA PHARMACEUTICAL WHOLESALERS LIMITED,2024 March 25,2029 March 25
1785,H2024/CTD9730/21224,Traloget Plus 37.5mg+ 325mg Tablets,Tramadol HCl + Paracetamol,Film-Coated Tablet,Pakistan,Foreign,Getz Pharma (Pvt.) Limited,HARLEYS LTD-NAIROBI,2024 March 25,2029 March 25
1786,H2024/CTD9414/20506,MELOSTAR 7.5,MELOXICAM,Tablet,Kenya,Local,ZAIN PHARMA LIMITED,ZAIN PHARMA LIMITED,2024 March 25,2029 March 25
1787,H2024/CTD9352/15529,CAMOLA 15,MELOXICAM TABLETS BP,Tablet,India,Foreign,KRISHNA CHEMISTS LTD,KRISHNA CHEMISTS LTD,2024 March 25,2029 March 25
1788,H2024/CTD10958/24317,CALCIGLUC 10% Solution for Injection,Calcium Gluconate,Solution For Injection,Kenya,Local,Tasa Pharma Ltd,TASA PHARMA LIMITED,2024 March 25,2029 March 25
1789,H2024/CTD9333/19837,H2CORT,Hydrocortisone Sodium succinate,Powder For Injection,India,Foreign,SAMRUDH PHARMACEUTICALS PVT. LTD,SYNER-MED PHARMACEUTICALS (K)LTD,2024 March 25,2029 March 25
1790,H2024/CTD10929/24329,OXALILIVE 100,Oxaliplatin,Solution For Injection,India,Foreign,Sofita Pharmaceutical Wholesalers Limited,SOFITA PHARMACEUTICAL WHOLESALERS LIMITED,2024 March 25,2029 March 25
1791,H2024/CTD8571/19668,SENSOCAIN,Bupivacaine Hydrochloride USP,Solution For Injection,Pakistan,Foreign,Brookes Pharma Private Ltd,HARLEYS LTD-NAIROBI,2024 March 25,2029 March 25
1792,H2024/CTD9194/15817,Allercrom Eye Drops,Sodium Cromoglicate Ph. Eur,Eye Drops,India,Foreign,FDC Limited,SURGIPHARM LTD,2024 March 25,2029 March 25
1793,H2024/CTD9187/20277,AMBROKOFF SYRUP,"Ambroxol Hydrochloride BP, Salbutamol Sulfate BP,…",Syrup,India,Foreign,SALAMA PHARMACEUTICALS LIMITED,SALAMA PHARMACEUTICALS LTD,2024 March 25,2029 March 25
1794,H2024/CTD9179/20778,PHARMADOL FIZZ 500,PARACETAMOL,Effervescent Tablet,India,Foreign,GALAXY PHARMACEUTICAL LTD,GALAXY PHARMACEUTICAL LIMITED,2024 March 25,2029 March 25
1795,H2024/CTD10090/22760,SPASMORID-M,Drotaverine Hydrochloride & Mefenamic Acid,Tablet,India,Foreign,GALAXY PHARMACEUTICAL LIMITED,GALAXY PHARMACEUTICAL LIMITED,2024 March 25,2029 March 25
1796,H2024/CTD10644/24342,Xeropam 30 mg Film Coated Tablets,Nefopam Hydrochloride,Film-Coated Tablet,Bangladesh,Foreign,Renata Limited,HARLEYS LTD-NAIROBI,2024 March 25,2029 March 25
1797,H2024/CTD10703/24150,VERALPAM,Lorazepam USP,Tablet,India,Foreign,Verve Human Care Laboratories,GENERICS AFRICA LTD,2024 March 25,2029 March 25
1798,H2024/CTD10694/23338,Trivesta-Q 10/5/1000mg Tablet,Empagaliflozin 10mg + Linagliptin 5mg+Metformin…,Coated Tablet,Pakistan,Foreign,Q PHARMA DMCC,CINTANA HEALTHCARE SERVICES LTD,2024 March 25,2029 March 25
1799,H2024/CTD10671/23884,OSMOTAS 20% Solution for Infusion,Mannitol,Solution For Infusion,Kenya,Local,Tasa Pharma Ltd,TASA PHARMA LIMITED,2024 March 25,2029 March 25
1800,H2024/CTD10596/24006,TASRINEX IVHP concentrate for solution for…,Thiamine hcl + Riboflavin Sodium Phosphate +…,Concentrate For Solution For Infusion,Kenya,Local,Tasa Pharma Ltd,TASA PHARMA LIMITED,2024 March 25,2029 March 25
1801,H2024/CTD10799/22788,Rovista EZ Tablets 20mg+10mg,Rosuvastatin + Ezetimibe,Film-Coated Tablet,Pakistan,Foreign,Getz Pharma (Pvt.) Limited,HARLEYS LTD-NAIROBI,2024 March 25,2029 March 25
1802,H2024/CTD10798/22784,Rovista EZ Tablets 10mg+10mg,Rosuvastatin + Ezetimibe,Film-Coated Tablet,Pakistan,Foreign,GETZ PHARMA (PRIVATE) LIMITED,HARLEYS LTD-NAIROBI,2024 March 25,2029 March 25
1803,H2024/CTD10432/23354,TASALINE 0.45% D5 Solution for Infusion,Glucose Monohydrate + Sodium Chloride,Solution For Infusion,Kenya,Local,Tasa Pharma Ltd,TASA PHARMA LIMITED,2024 March 25,2029 March 25
1804,H2024/CTD10801/22764,Rovista EZ Tablets 5mg+10mg,Rosuvastatin + Ezetimibe,Film-Coated Tablet,Pakistan,Foreign,GETZ PHARMA (PRIVATE) LIMITED,HARLEYS LTD-NAIROBI,2024 March 25,2029 March 25
1805,H2024/CTD10438/21081,RIVAFLO 20,Rivaroxaban,Tablet,India,Foreign,MSN LABORATORIES PRIVATE LIMITED..,SIMBA PHARMACEUTICALS LTD,2024 March 25,2029 March 25
1806,H2024/CTD10545/23379,PARALEX MR,"CELECOXIB, PARACETAMOL AND CHLORZOXAZONE",Tablet,India,Foreign,DUOLIFE PHARMACEUTICALS,DUOLIFE PHAMACEUTICALS LTD,2024 March 25,2029 March 25
1807,H2024/CTD10245/21877,CIPRODOL,CIPROFLOXACIN EYE OINTMENT USP 0.3 %,Ointment,India,Foreign,DOLOPHARMA HEALTHCARE LTD,DOLOPHARMA HEALTHCARE LTD,2024 March 25,2029 March 25
1808,H2024/CTD10910/23874,DIUTOR INJECTION,TORSEMIDE INJECTION 20 MG/2 ML,Injection,India,Foreign,Krishna Chemists Ltd,KRISHNA CHEMISTS LTD,2024 March 25,2029 March 25
1809,H2024/CTD8934/19838,LEVOCARNITINE,Levocarnitine Injection USP,Injection,India,Foreign,SAMRUDH PHARMACEUTICAL PVT.LTD,SYNER-MED PHARMACEUTICALS (K)LTD,2024 March 24,2029 March 24
1810,H2024/CTD7024/13441,RIBOFAN 12.5mg/50ml Concentrate Solution for…,Tirofiban hydrochloride monohydrate,Solution For Infusion,Jordan,Foreign,RIBOFAN 12.5mg/50ml Concentrate Solution for…,EVKA CONSULTZ LTD,2024 March 24,2029 March 24
1811,H2024/CTD7023/13440,MOFLOXINE 400mg/250ml Solution for Infusion,Moxifloxacin hydrochloride EP equivalent to…,Solution For Infusion,Jordan,Foreign,MS Pharma Jordan,EVKA CONSULTZ LTD,2024 March 24,2029 March 24
1812,H2024/CTD7035/13452,UNIZOL 200mg/100ml Solution for Infusion,Fluconazole Eur Ph.,Solution For Injection,Jordan,Foreign,UNIZOL 200mg/100ml Solution for Infusion,EVKA CONSULTZ LTD,2024 March 24,2029 March 24
1813,H2024/CTD8604/18272,Cetafor® 2000 IV,Ceftriaxone (sodium),Infusion,India,Foreign,"Dafra Pharma GmbH,",ENERGIA PHARMA LIMITED,2024 March 24,2029 March 24
1814,H2024/CTD8357/16889,EBERFINE CREAM,Eberconazole Nitrate,Cream,India,Foreign,KLM Laboratories Pvt Ltd,TRIDEM PHARMA KENYA LTD,2024 March 24,2029 March 24
1815,H2024/CTD7581/14759,"VOMIRAN 2mg/ml Solution for Injection, 2ml and 4ml",Ondansetron Hydrochloride Dihydrate EP equivalent…,Solution For Injection,Jordan,Foreign,Ms Pharma- Jordan,EVKA CONSULTZ LTD,2024 March 24,2029 March 24
1816,H2024/CTD8588/16990,HYDROMAX CREAM,HYDROCORTISONE CREAM,Cream,India,Foreign,KREMOINT PHARMA PVT. LTD,SYNER-MED PHARMACEUTICALS (K)LTD,2024 March 24,2029 March 24
1817,H2024/CTD7995/15241,Setonix Solution for Injection.,Granisetron Hydrochloride EP,Solution For Injection,Jordan,Foreign,MS Pharma Jordan,EVKA CONSULTZ LTD,2024 March 24,2029 March 24
1818,H2024/CTD8015/16892,NIOCLEAN-AD,Clindamycin Phosphate & Adapalene,Gel,India,Foreign,KLM Laboratories Pvt Ltd.,TRIDEM PHARMA KENYA LTD,2024 March 24,2029 March 24
1819,H2024/CTD8016/15298,VASTAREL® OD 80 mg,Trimetazidine dihydrochloride,Prolonged-Release Capsule,Hungary,Foreign,Les Laboratoires Servier,HARLEYS LTD-NAIROBI,2024 March 24,2029 March 24
1820,H2024/CTD6508/12222,Onstop 2mg/mL Injection,Ondansetron Hydrochloride USP,Solution For Injection/Infusion,India,Foreign,STAR BIOTECH LTD,STARBIOTECH LIMITED,2024 March 06,2029 March 06
1821,H2024/CTD7578/14752,FENTEX 250mg/5ml SOLUTION FOR INJECTION,Phenytoin Sodium EP,Solution For Injection,Jordan,Foreign,Ms Pharma-Jordan,EVKA CONSULTZ LTD,2024 March 06,2029 March 06
1822,H2024/CTD7431/14600,AXAMOL,Salbutamol Sulphate,Nebuliser Solution,India,Foreign,AXA PARENTERALS LTD,DANVANTRI ENTERPRISES LIMITED,2024 March 06,2029 March 06
1823,H2024/CTD6762/13157,Loprost Eye Drops,Latanoprost,Eye Drops,Jordan,Foreign,Dr. Mohammed Gubara,GOODMAN AGENCIES LTD,2024 March 06,2029 March 06
1824,H2024/CTD6712/12993,Zudic Cream,Fusidic Cream,Cream,Pakistan,Foreign,Nabiqasim Industries (Pvt) Ltd,HARLEYS LTD-NAIROBI,2024 March 06,2029 March 06
1825,H2024/CTD9276/21332,CABALIN 50 SR,Pregabalin,Sustained Release Tablets,India,Foreign,GALAXY PHARMACEUTICAL LTD,GALAXY PHARMACEUTICAL LIMITED,2024 March 06,2029 March 06
1826,H2024/CTD6370/12220,Onstop 4mg Tablets,Ondansetron Hydrochloride  USP,Orodispersible Tablet,India,Foreign,STAR BIOTECH LTD,STARBIOTECH LIMITED,2024 March 06,2029 March 06
1827,H2024/CTD6319/12221,Onstop 8mg Tablets,Ondansetron Hydrochloride USP,Orodispersible Tablet,India,Foreign,STAR BIOTECH LTD,STARBIOTECH LIMITED,2024 March 06,2029 March 06
1828,H2024/CTD9648/20915,Super P Force 160 TABLETS,Dapoxetine Hydrochloride & Sildenafil Citrate,Tablet,India,Foreign,Innocia Lifesciences Pvt Ltd,WESSEX PHARMACEUTICALS LTD,2024 March 06,2029 March 06
1829,H2024/CTD9799/22112,Toradol Injection 30mg/ml,Ketorolac Tromethamine,Injection,Pakistan,Foreign,MARTIN DOW MARKER LIMITED,SKY HEALTHCARE LTD,2024 March 06,2029 March 06
1830,H2024/CTD9870/21399,KETOZARA CREAM,"Ketoconazole BP ,Clobetasol Propionate USP…",Cream,India,Foreign,Kremoint Pharma Pvt. Ltd.,SYNER-MED PHARMACEUTICALS (K)LTD,2024 March 06,2029 March 06
1831,H2024/CTD8200/16299,NOVAMENTIN-457,"AMOXICILLIN TRIHYDRATE USP, POTTASIUM CLAVULANATE…",Powder For Oral Suspension,India,Foreign,Scott-Edil Advance Research Laboratories &…,SYNER-MED PHARMACEUTICALS (K)LTD,2024 March 06,2029 March 06
1832,H2024/CTD9380/18536,Vanmycetin 0.5% Eye Drops,Chloramphenicol,Eye Drops,India,Foreign,FDC Limited,SURGIPHARM LTD,2024 March 06,2029 March 06
1833,H2024/CTD9356/20654,CLEARBACT CREAM,"Betamethasone Dipropionate USP ,Neomycin Sulfate…",Cream,India,Foreign,KREMOINT PHARMA PVT. LTD.,SYNER-MED PHARMACEUTICALS (K)LTD,2024 March 06,2029 March 06
1834,H2024/CTD8043/15324,VASTAREL® OD 40 mg,Trimetazidine dihydrochloride,"Prolonged-Release Capsule, Hard",Hungary,Foreign,Les Laboratoires Servier,HARLEYS LTD-NAIROBI,2024 March 06,2029 March 06
1835,H2024/CTD9355/20632,CLOBAMOL CREAM,Clobetasol Propionate USP & Clotrimazole Cream BP,Cream,India,Foreign,KREMOINT PHARMA PVT. LTD,SYNER-MED PHARMACEUTICALS (K)LTD,2024 March 06,2029 March 06
1836,H2024/CTD10531/17845,Leveget 500mg IV,Levetiracetam,Solution For Injection,Pakistan,Foreign,Getz Pharma (Pvt.) Limited,SKY HEALTHCARE LTD,2024 March 06,2029 March 06
1837,H2024/CTD10417/22076,PARABUZZ XTRA,Paracetamol BP and caffeine BP,Effervescent Tablet,India,Foreign,Javia International Limited,ZUVAN LIMITED,2024 March 06,2029 March 06
1838,H2024/CTD10371/21743,DAPAONE 10,Dapagliflozin,Tablet,India,Foreign,MSN LABORATORIES PRIVATE LIMITED..,SIMBA PHARMACEUTICALS LTD,2024 March 06,2029 March 06
1839,H2024/CTD10369/20675,APIBAN 5,APIXABAN,Film-Coated Tablet,India,Foreign,MSN Laboratories Private Limited,SIMBA PHARMACEUTICALS LTD,2024 March 06,2029 March 06
1840,H2024/CTD10128/22974,MORPHIA FORTE Solution for Injection,Morphine Sulfate,Solution For Injection,Kenya,Local,Tasa Pharma Ltd,TASA PHARMA LIMITED,2024 March 06,2029 March 06
1841,H2024/CTD10308/23357,ETO MR GEL,"Aceclofenac , Thiocolchicoside , Linseed Oil ,…",Gel,India,Foreign,EASTLEIGH PHARMACEUTICAL COMPANY LIMITED,EASTLEIGH PHARMACEUTUICAL LIMITED,2024 March 06,2029 March 06
1842,H2024/CTD10512/20994,RIOCI 1.5,Riociguat,Tablet,India,Foreign,MSN LABORATORIES PRIVATE LIMITED..,SIMBA PHARMACEUTICALS LTD,2024 March 06,2029 March 06
1843,H2024/CTD10513/20992,RIOCI 0.5,Riociguat,Tablet,India,Foreign,MSN LABORATORIES PRIVATE LIMITED..,SIMBA PHARMACEUTICALS LTD,2024 March 06,2029 March 06
1844,H2024/CTD10416/22072,PARABUZZ 500,Paracetamol BP,Effervescent Tablet,India,Foreign,Javia International Limited,ZUVAN LIMITED,2024 March 06,2029 March 06
1845,H2024/CTD10290/21534,Vilget-M 50mg & 500mg Tablets,Vildagliptin + Metformin HCl,Film-Coated Tablet,Pakistan,Foreign,Getz Pharma (Pvt.) Limited,HARLEYS LTD-NAIROBI,2024 March 06,2029 March 06
1846,H2024/CTD10126/22973,MORPHIA Solution for Injection,Morphine Sulfate,Solution For Injection,Kenya,Local,Tasa Pharma Ltd,TASA PHARMA LIMITED,2024 March 06,2029 March 06
1847,H2024/CTD10418/22074,PARABUZZ 1000,Paracetamol BP,Effervescent Tablet,India,Foreign,Javia International Limited,ZUVAN LIMITED,2024 March 06,2029 March 06
1848,H2024/CTD10287/21211,Vilget-M 50mg & 1000mg Tablets,Vildagliptin + Metformin HCl,Film-Coated Tablet,Pakistan,Foreign,GETZ PHARMA (PRIVATE) LIMITED,HARLEYS LTD-NAIROBI,2024 March 06,2029 March 06
1849,H2024/CTD10222/22077,ACNEVATE PLUS,Benzoyl Peroxide and Adapalene,Gel,India,Foreign,DOLOPHARMA HEALTHCARE LTD,DOLOPHARMA HEALTHCARE LTD,2024 March 06,2029 March 06
1850,H2024/CTD10693/17891,ESOFLAX KIT,"Esomeprazole, Amoxicillin & Levofloxacin",Coated Tablet,India,Foreign,SAITECH MEDICARE PVT LTD,PHARMWEB CHEMIST LTD-KITALE,2024 March 06,2029 March 06
1851,H2024/CTD10066/21261,AMOGLAT EYE DROPS,SODIUM CROMOGLICATE BP,"Eye Drops, Solution",India,Foreign,BLISS GVS PHARMA LTD,THERALIFE PHARMA LTD,2024 March 06,2029 March 06
1852,H2024/CTD10672/23986,TASALINE 0.45% Solution for Infusion,NA,Solution For Infusion,Kenya,Local,Tasa Pharma Ltd,TASA PHARMA LIMITED,2024 March 05,2029 March 05
1853,H2024/CTD10870/24596,SETROKEN 8MG TABLET,Ondansetron hydrochloride dihydrate USP 8mg,Orally disintegrating  tablets,India,Foreign,PHARMAKEN LTD,PHARMAKEN LTD,2024 March 04,2029 March 04
1854,H2024/CTD10866/24476,Reglutide Solution For Injection,Semaglutide,Injection,Bangladesh,Foreign,Beximco Pharmaceuticals Limited,MADAWA PHARMACEUTICALS LTD,2024 March 04,2029 March 04
1855,H2024/CTD10844/23992,Misonext Tablet,Misoprostol USP,Tablet,Bangladesh,Foreign,Healthcare Pharmaceuticals Limited,NEXTGEN PHARMACEUTICALS (K) LTD,2024 March 04,2029 March 04
1856,H2024/CTD10843/23839,EVANIA 25 TABLET,Empagliflozin INN,Film-Coated Tablet,Bangladesh,Foreign,Healthcare Pharmaceuticals Limited,NEXTGEN PHARMACEUTICALS (K) LTD,2024 March 04,2029 March 04
1857,H2024/CTD10172/21447,Combofusiv,Paracetamol + Ibuprofen,Solution For Infusion,Italy,Foreign,"Pharma Bavaria Internacional (PBI) Portugal,…",GOODMAN AGENCIES LTD,2024 March 04,2029 March 04
1858,H2024/CTD9509/17904,Lydia Fine,Levonorgesterel and Ethinylestradiol,Tablet,Bangladesh,Foreign,DEEP KUMAR TYAGI HEALTHCARE INTERNATIONAL LTD,IMPERIAL MANAGED SOLUTIONS EAST AFRICA LTD-…,2024 June 20,2029 June 20
1859,H2024/CTD8383/18494,GLOVIRAX,Ganciclovir,Gel,India,Foreign,GALAXY PHARMACEUTICAL LTD,GALAXY PHARMACEUTICAL LIMITED,2024 July 31,2029 July 31
1860,H2024/CTD11191/24964,GLUCOSET 3MG TABLETS,SEMAGLUTIDE,Tablet,India,Local,COSMOS LIMITED,COSMOS LIMITED,2024 July 31,2029 July 31
1861,H2024/CTD7226/14216,PINNAFLAM PLUS,"Diclofenac Sodium BP, Paracetamol BP",Tablet,India,Foreign,Pinnacle Life Scienct Pvt Ltd,UNISEL LTD,2024 July 31,2029 July 31
1862,H2024/CTD8459/15264,MUCOGEL SUSPENSION,Magaldrate and Simethicone oral suspension USP,Syrup,India,Foreign,Europa Healthcare Limted,EUROPA HEALTHCARE LTD,2024 July 31,2029 July 31
1863,H2024/CTD11098/23868,Brivetam 50,Brivaracetam Tablets 50 mg,Tablet,India,Foreign,TIBA HEALTHCARE LTD,TIBA HEALTHCARE LIMITED,2024 July 31,2029 July 31
1864,H2024/CTD9502/21941,CILVAS-TEL 10/80,- Cilnidipine - Telmisartan,Film-Coated Tablet,India,Foreign,GALAXY PHARMACEUTICAL LTD,GALAXY PHARMACEUTICAL LIMITED,2024 July 31,2029 July 31
1865,H2024/CTD11096/23867,Brivetam 25,Brivaracetam Tablets 25 mg,Tablet,India,Foreign,TIBA HEALTHCARE LTD,TIBA HEALTHCARE LIMITED,2024 July 31,2029 July 31
1866,H2024/CTD8782/15144,KLOVINAL,"Metronidazole BP, Clotrimazole BP, Lactobacillus",Pessary,India,Foreign,KLOVINAL,THERALIFE PHARMA LTD,2024 July 31,2029 July 31
1867,H2024/CTD6351/12370,Dipsotrex,Calcipotriol anhydrous,Ointment,India,Foreign,Glenmark Pharmaceuticals Limited,GLENMARK PHARMACEUTICALS (K) LTD,2024 July 31,2029 July 31
1868,H2024/CTD9533/21429,NOVILEC-20,Cilnidipine,Tablet,India,Foreign,Micro Labs Limited,MICRO LABS (EA) LTD,2024 July 31,2029 July 31
1869,H2024/CTD9532/21408,NOVILEC-5,Cilnidipine,Tablet,India,Foreign,MICRO LABS LTD,MICRO LABS (EA) LTD,2024 July 31,2029 July 31
1870,H2024/CTD11002/24426,PAIN PAST(PARACETAMOL & CAFFEINE TABLETS BP),Paracetamol BP/ Caffeine BP,Tablet,India,Foreign,HOF PHARMACEUTICALS LTD.,PAIN PAST LTD,2024 July 31,2029 July 31
1871,H2024/CTD11004/22981,AZINIZA 500,Azithromycin,Film-Coated Tablet,India,Foreign,UNIZA LIFECARE PRIVATE LIMITED,SYNER-MED PHARMACEUTICALS (K)LTD,2024 July 31,2029 July 31
1872,H2024/CTD9013/19893,Suvitra-750,levetiracetam,Tablet,India,Foreign,Micro Labs Limited,MICRO LABS (EA) LTD,2024 July 31,2029 July 31
1873,H2024/CTD11006/22986,UNIGRA 100,Sildenafil Citrate,Film-Coated Tablet,India,Foreign,UNIZA LIFECARE PRIVATE LIMITED,SYNER-MED PHARMACEUTICALS (K)LTD,2024 July 31,2029 July 31
1874,H2024/CTD11552/24670,DORZAWELL-T,DORZOLAMIDE HYDROCHLORIDE AND TIMOLOL MALEATE,"Eye Drops, Solution",Greece,Foreign,Mega Lifesciences Public Company Limited,MEGA LIFESCIENCES PUBLIC COMPANY LIMITED,2024 July 31,2029 July 31
1875,H2024/CTD11616/24704,BRIZAGAN,BRIMONIDINE TARTRATE,"Eye Drops, Solution",Greece,Foreign,Mega Lifesciences Public Company Limited,MEGA LIFESCIENCES PUBLIC COMPANY LIMITED,2024 July 31,2029 July 31
1876,H2024/CTD9396/15777,Pirucin 10mg/5ml Lyophilised Powder for I.V.…,Epirubicin HCI,Powder For Injection,Turkey,Foreign,Deva Holding A.S,GENERICS AFRICA LTD,2024 July 31,2029 July 31
1877,H2024/CTD11120/22488,LEVAUR 500,Levetiracetam,Film-Coated Tablet,India,Foreign,AUROBINDO PHARMA LIMITED,SIMBA PHARMACEUTICALS LTD,2024 July 31,2029 July 31
1878,H2024/CTD11121/22487,LEVAUR 250,Levetiracetam,Film-Coated Tablet,India,Foreign,AUROBINDO PHARMA LIMITED,SIMBA PHARMACEUTICALS LTD,2024 July 31,2029 July 31
1879,H2024/CTD11123/24008,Rivaxo Tablets 10mg,Rivaroxaban,Film-Coated Tablet,Pakistan,Foreign,GETZ PHARMA (PRIVATE) LIMITED,HARLEYS LTD-NAIROBI,2024 July 31,2029 July 31
1880,H2024/CTD7666/14848,Salboget 100mcg Inhaler,Salbutamol Sulfate,"Inhalation Vapour, Liquid",Pakistan,Foreign,Getz Pharma (Pvt.) Limited,SKY HEALTHCARE LTD,2024 July 31,2029 July 31
1881,H2024/CTD7989/16302,EPLEINTA - 50,EPLERENONE,Tablet,India,Foreign,INTAS PHARMACEUTICALS LIMITED,ACCORD HEALTHCARE (K) LTD,2024 July 31,2029 July 31
1882,H2024/CTD9395/15778,Pirucin 50mg/25ml Lyophilised Powder for I.V.…,Epirubicin HCI,Powder For Injection,Turkey,Foreign,Deva Holding A.S,GENERICS AFRICA LTD,2024 July 31,2029 July 31
1883,H2024/CTD8112/17095,OESTROGEL 0.60 mg/g metered dose Gel Pump Pack,Estradiol Hemihydrate Ph Eur,Transdermal Gel,Belgium,Foreign,BESINS HEALTHCARE SA,EVKA CONSULTZ LTD,2024 July 31,2029 July 31
1884,H2024/CTD11119/22489,LEVAUR 1000,Levetiracetam,Film-Coated Tablet,India,Foreign,AUROBINDO PHARMA LIMITED,SIMBA PHARMACEUTICALS LTD,2024 July 31,2029 July 31
1885,H2024/CTD8645/19166,JUSTEEZ 50,Vildagliptin,Tablet,India,Foreign,Emcure Pharmaceuticals Ltd.,LAZOR PHARMACEUTICALS LIMITED,2024 July 31,2029 July 31
1886,H2024/CTD9012/20011,Suvitra-500,levetiracetam,Tablet,India,Foreign,Micro Labs Limited,MICRO LABS (EA) LTD,2024 July 31,2029 July 31
1887,H2024/CTD7304/14320,ZYLODINE 1000mg/50ml solution for percutaneous…,Lidocaine hydrochloride Monohydrate EP equivalent…,Injection,Jordan,Foreign,MS Pharma Jordan,EVKA CONSULTZ LTD,2024 July 31,2029 July 31
1888,H2024/CTD11190/24967,GLUCOSET 7MG TABLETS,SEMAGLUTIDE,Tablet,India,Local,COSMOS LIMITED,COSMOS LIMITED,2024 July 31,2029 July 31
1889,H2024/CTD10098/22018,Flucytosine Tablets 500 mg,Flucytosine Tablets 500 mg,Tablet,India,Foreign,Macleods Pharmaceuticals Limited,SAI PHARMACEUTICALS LTD,2024 July 31,2029 July 31
1890,H2024/CTD10791/23869,CEREGARD INJECTION,Cerebroprotein Hydrolysate for Injection 60 mg,Injection,India,Foreign,Krishna Chemists Ltd,KRISHNA CHEMISTS LTD,2024 July 31,2029 July 31
1891,H2024/CTD10709/24415,LABMID,Furosemide,Injection,India,Foreign,LABORATE PHARMACEUTICALS INDIA LIMITED,HARLEYS LTD-NAIROBI,2024 July 31,2029 July 31
1892,H2024/CTD10655/24271,VERDOL,Tramadol Hydrochloride,Solution For Injection,India,Foreign,Verve Human Care Laboratories,GENERICS AFRICA LTD,2024 July 31,2029 July 31
1893,H2024/CTD10500/22456,SAFETYZONE S 1.5,Ceftriaxone Sodium USP & Sulbactam Sodium USP,Powder For Injection,India,Foreign,Javia International Limited,ZUVAN LIMITED,2024 July 30,2029 July 30
1894,H2024/CTD10833/23939,Trazogastro,Diatrizoic Acid (Dihydrate) USP &  Meglumine USP,Oral Solution,India,Foreign,UNIQUE PHARMACEUTICAL LABORATORIES,HARLEYS LTD-NAIROBI,2024 July 30,2029 July 30
1895,H2024/CTD10645/24360,Microgest 200 mg Soft Gelatin Capsule,Progesterone BP 200 mg Soft Gelatin Capsules,"Capsule, Soft",Bangladesh,Foreign,Renata Limited,HARLEYS LTD-NAIROBI,2024 July 30,2029 July 30
1896,H2024/CTD10022/20444,SELTAVIR 45,Oseltamivir 45,"Capsule, Hard",India,Foreign,MSN Laboratories Private Limited,SIMBA PHARMACEUTICALS LTD,2024 July 30,2029 July 30
1897,H2024/CTD10836/20882,FLAIROF,Roflumilast,Tablet,India,Foreign,HETERO LABS LIMITED,UNISEL LTD,2024 July 30,2029 July 30
1898,H2024/CTD10646/24356,Microgest 400 mg Soft Gelatin Capsule,Progesterone BP 400mg soft gelatin Capsules,"Capsule, Soft",Bangladesh,Foreign,Renata Limited,HARLEYS LTD-NAIROBI,2024 July 30,2029 July 30
1899,H2024/CTD10184/22665,RUPANTEL TABLETS,Rupatadine fumarate BP & Montelukast sodium USP,Film-Coated Tablet,India,Foreign,EQUIVAL ENTERPRISES LTD.,EQUIVAL ENTERPRISES LIMITED,2024 July 30,2029 July 30
1900,H2024/CTD10020/20447,SELTAVIR 75,Oseltamivir Phosphate,"Capsule, Hard",India,Foreign,MSN Laboratories Private Limited,SIMBA PHARMACEUTICALS LTD,2024 July 30,2029 July 30
1901,H2024/CTD10374/15227,BUPIKEN Heavy Injection,•	Bupivacaine Hydrochloride USP •	Dextrose…,Solution For Injection,Bangladesh,Foreign,Nextgen Pharmaceuticals (K) Ltd,NEXTGEN PHARMACEUTICALS (K) LTD,2024 July 30,2029 July 30
1902,H2024/CTD10336/20591,SACUVAN 24/26,Sacubitril Valsartan sodium on colloidal silicon…,Film-Coated Tablet,India,Foreign,HETERO LABS LIMITED,UNISEL LTD,2024 July 30,2029 July 30
1903,H2024/CTD10021/20446,SELTAVIR 30,Oseltamivir Phosphate,"Capsule, Hard",India,Foreign,MSN Laboratories Private Limited,SIMBA PHARMACEUTICALS LTD,2024 July 30,2029 July 30
1904,H2024/CTD10431/22238,Colistimethate sodium 1MIU powder for solution…,Colistimethate sodium,Powder For Solution For Injection,Spain,Foreign,Martindale Pharma,LABOREX KENYA LTD-MOMBASA ROAD,2024 July 30,2029 July 30
1905,H2024/CTD10907/24315,DUTAWIN  (Hard Gelatin Capsules),Tamsulosin Hydrochloride and Dutasteride,Hard Gelatin Capsules,India,Foreign,Win Pharma  Limited,WIN-PHARMA LIMITED,2024 July 30,2029 July 30
1906,H2024/CTD10091/22887,SPASMORID,Drotaverine Hydrochloride,Tablet,India,Foreign,GALAXY PHARMACEUTICAL LIMITED,GALAXY PHARMACEUTICAL LIMITED,2024 July 30,2029 July 30
1907,H2024/CTD9888/19975,Sybrava Solution for Injection,Inclisiran,Solution For Injection In Pre-Filled Syringe,Austria,Foreign,Novartis Overseas Investment AG,NVS KENYA LTD,2024 July 30,2029 July 30
1908,H2024/CTD11499/24465,NERVETA 100 CAPSULES,GABAPENTIN CAPSULES BP 100 MG,Hard Gelatin Capsules,India,Foreign,BLISS GVS PHARMA LIMITED,THERALIFE PHARMA LTD,2024 July 30,2029 July 30
1909,H2024/CTD9960/22619,BISOCARD-10,BISOPROLOL FUMARATE USP,Film-Coated Tablet,India,Foreign,GALAXY PHARMACEUTICAL LTD,GALAXY PHARMACEUTICAL LIMITED,2024 July 30,2029 July 30
1910,H2024/CTD11489/21176,Apretude Injection,Cabotegravir,Suspension For Injection,United Kingdom,Foreign,GlaxoSmithKline Pharmaceutical Kenya Limited,LABOREX KENYA LTD-MOMBASA ROAD,2024 July 30,2029 July 30
1911,H2024/CTD11488/21146,Apretude Tablets,Cabotegravir Sodium,Film-Coated Tablet,United Kingdom,Foreign,GlaxoSmithKline Pharmaceutical Kenya Limited,LABOREX KENYA LTD-MOMBASA ROAD,2024 July 30,2029 July 30
1912,H2024/CTD9865/22528,PALIDO 3,Paliperidone,Film-Coated Tablet,India,Foreign,OMILIFE LIMITED,OMILIFE LIMITED,2024 July 30,2029 July 30
1913,H2024/CTD11134/23955,BILAMAC 20,Bilastine,Tablet,India,Foreign,Ravenbhel Healthcare Pvt. Ltd,SKY HEALTHCARE LTD,2024 July 30,2029 July 30
1914,H2024/CTD11137/24654,SARTAM 100,SACUBITRIL & VALSARTAN,Film-Coated Tablet,India,Foreign,AVETINA LIFE SCIENCES LTD,AVETINA LIFE SCIENCIES LIMITED,2024 July 30,2029 July 30
1915,H2024/CTD11139/24655,SARTAM 50,SACUBITRIL & VALSARTAN,Film-Coated Tablet,India,Foreign,AVETINA LIFE SCIENCES LTD,AVETINA LIFE SCIENCIES LIMITED,2024 July 30,2029 July 30
1916,H2024/CTD11140/24653,SARTAM 200,SACUBITRIL  & VALSARTAN,Film-Coated Tablet,India,Foreign,AVETINA MEDICINES PVT LTD,AVETINA LIFE SCIENCIES LIMITED,2024 July 30,2029 July 30
1917,H2024/CTD9864/22529,PALIDO 6,Paliperidone,Film-Coated Tablet,India,Foreign,OMILIFE LIMITED,OMILIFE LIMITED,2024 July 30,2029 July 30
1918,H2024/CTD11321/24101,GACET 1000 EFFERVESCENT TABLETS,PARACETAMOL BP,Effervescent Tablet,India,Foreign,BLISS GVS PHARMA LIMITED,THERALIFE PHARMA LTD,2024 July 30,2029 July 30
1919,H2024/CTD9104/20157,D-LAST PLUS 100/60,Sildenafil Citrate & Dapoxetine Hydrochloride,Film-Coated Tablet,India,Foreign,DOLOPHARMA HEALTHCARE LTD,DOLOPHARMA HEALTHCARE LTD,2024 July 30,2029 July 30
1920,H2024/CTD9105/20142,D-LAST PLUS 50/30,Sildenafil and Dapoxetine Hydrochloride,Film-Coated Tablet,India,Foreign,DOLOPHARMA HEALTHCARE LTD,DOLOPHARMA HEALTHCARE LTD,2024 July 30,2029 July 30
1921,H2024/CTD9450/20665,Dapagliflozin 10mg Tablets,Dapagliflozin Propanediol,Tablet,India,Foreign,Cipla Limited,IMPERIAL MANAGED SOLUTIONS EAST AFRICA LTD-…,2024 July 30,2029 July 30
1922,H2024/CTD9504/21930,FC-ZOLE SUSPENSION,FLUCONAZOLE,Oral Suspension,India,Foreign,GALAXY PHARMACEUTICAL LTD,GALAXY PHARMACEUTICAL LIMITED,2024 July 30,2029 July 30
1923,H2024/CTD11660/25439,TOFLA,Diclofenac Sodium BP Oral Suspension 1.8mg/ml,Oral Suspension,India,Foreign,PHARMAKEN LTD,PHARMAKEN LTD,2024 July 30,2029 July 30
1924,H2024/CTD11003/24039,FELVIN 20 CAPSULES,PIROXICAM BP,"Capsule, Hard",India,Foreign,BLISS GVS PHARMA LIMITED,THERALIFE PHARMA LTD,2024 July 30,2029 July 30
1925,H2024/CTD9966/22624,BISOCARD- 5H,Bisoprolol and Hydrochlorothiazide,Film-Coated Tablet,India,Foreign,GALAXY PHARMACEUTICAL LTD,GALAXY PHARMACEUTICAL LIMITED,2024 July 30,2029 July 30
1926,H2024/CTD9964/22568,ALLOGOUT-300,Allopurinol,Tablet,India,Foreign,GALAXY PHARMACEUTICAL LIMITED,GALAXY PHARMACEUTICAL LIMITED,2024 July 30,2029 July 30
1927,H2024/CTD7860/15032,Levotil 750 Tablet,Levofloxacin Hemihydrate USP Eq. to Levofloxacin,Film-Coated Tablet,India,Foreign,Nextgen Pharmaceuticals (K) Ltd.,NEXTGEN PHARMACEUTICALS (K) LTD,2024 July 30,2029 July 30
1928,H2024/CTD9965/22618,BISOCARD-5,BISOPROLOL FUMARATE USP,Film-Coated Tablet,India,Foreign,GALAXY PHARMACEUTICAL LTD,GALAXY PHARMACEUTICAL LIMITED,2024 July 30,2029 July 30
1929,H2024/CTD7864/15036,Oricox 120 Tablet,Etoricoxib,Film-Coated Tablet,India,Foreign,Nextgen Pharmaceuticals (K) Ltd.,NEXTGEN PHARMACEUTICALS (K) LTD,2024 July 30,2029 July 30
1930,H2024/CTD8087/16254,EPLEINTA-25,EPLERENONE,Tablet,India,Foreign,INTAS PHARMACEUTICALS LIMITED,ACCORD HEALTHCARE (K) LTD,2024 July 23,2029 July 23
1931,H2024/CTD8243/16952,SEVCAR 400,Sevelamer Carbonate,Tablet,India,Foreign,Emcure Pharmaceuticals Limited,LAZOR PHARMACEUTICALS LIMITED,2024 July 23,2029 July 23
1932,H2009/17704/451,CLOPLAK 75MG TABLETS,CLOPIDOGREL,Film-Coated Tablet,India,Foreign,GALAXY PHARMACEUTICAL LTD,GALAXY PHARMACEUTICAL LIMITED,2024 January 25,2029 January 25
1933,H2006/456,OPRAZ,Omeprazole Delayed Release Capsules U.S.P. 20 mg,Capsule,India,Foreign,PHARMA LIFE SCIENCE LTD,GALAXY PHARMACEUTICAL LIMITED,2024 January 22,2029 January 22
1934,H2024/CTD7532/14667,FUCLEAR TABLET,TERBINAFINE HYDROCHLORIDE USP,Tablet,India,Foreign,FUCLEAR TABLETS,MEDCURE HEALTHCARE LTD,2024 January 12,2029 January 12
1935,H2024/CTD10706/22919,MONODOSE,FOSFOMYCIN TROMETAMOL,Oral Powder In Sachet,India,Foreign,AVETINA LIFE SCIENCES LTD,AVETINA LIFE SCIENCIES LIMITED,2024 January 12,2029 January 12
1936,H2024/CTD10654/15837,FLUXAVID-500,Flucloxacillin Sodium,"Capsule, Hard",India,Foreign,Scott-Edil Advance Research Laboratories &…,SYNER-MED PHARMACEUTICALS (K)LTD,2024 January 12,2029 January 12
1937,H2024/CTD10879/24534,ABIRAT 500,Abiraterone Acetate Tablets USP 500 mg,Film-Coated Tablet,India,Foreign,Hetero Labs Limited,UNISEL LTD,2024 January 08,2029 January 08
1938,H2024/CTD10406/23562,MONTIZINE SYRUP,Montelukast Sodium and Levocetirizine…,Syrup,India,Foreign,Forza Lifesciences Limited,FORZA LIFE SCIENCES,2024 January 08,2029 January 08
1939,H2024/CTD10495/22626,Apiban®-5.,Apixaban.,Film-Coated Tablet,Kenya,Local,LABORATORY & ALLIED LIMITED.,LABORATORY & ALLIED LTD,2024 January 08,2029 January 08
1940,H2024/CTD10304/22632,SUPIXA-5,Apixaban,Tablet,India,Foreign,Micro Labs  Ltd,MICRO LABS (EA) LTD,2024 January 08,2029 January 08
1941,H2024/CTD10490/22617,Apiban®-2.5,Apixaban.,Film-Coated Tablet,Kenya,Local,LABORATORY & ALLIED LIMITED.,LABORATORY & ALLIED LTD,2024 January 08,2029 January 08
1942,H2024/CTD10313/21995,RIVABAN-20.,RIVAROXABAN.,Film-Coated Tablet,Kenya,Local,LABORATORY & ALLIED LIMITED.,LABORATORY & ALLIED LTD,2024 January 08,2029 January 08
1943,H2024/CTD10314/21982,RIVABAN-15.,RIVAROXABAN.,Film-Coated Tablet,Kenya,Local,LABORATORY & ALLIED LIMITED.,LABORATORY & ALLIED LTD,2024 January 08,2029 January 08
1944,H2024/CTD10315/21979,RIVABAN-10.,RIVAROXABAN.,Film-Coated Tablet,Kenya,Local,LABORATORY & ALLIED LIMITED.,LABORATORY & ALLIED LTD,2024 January 08,2029 January 08
1945,H2024/CTD10455/21281,CLAVACE 375 (Amoxicillin & Clavulanate Potassium…,AMOXICILLIN TRIHYDRATE USP AND CLAVULANATE…,Film-Coated Tablet,India,Foreign,Cachet Pharmaceuticals Pvt. Ltd.,PHILLIPS THERAPEUTICS LIMITED,2024 January 08,2029 January 08
1946,H2024/CTD10454/21304,CLAVACE  DRY SYRUP 457 MG/5 ML     ( Amoxicillin…,Amoxicillin Trihydrate USP and  Clavulanate…,Powder For Oral Suspension,India,Foreign,Cachet Pharmaceuticals Pvt. Ltd.,PHILLIPS THERAPEUTICS LIMITED,2024 January 08,2029 January 08
1947,H2024/CTD10517/21022,Fluroxan 500 Injection,5-Fluorouracil BP 500MG,Injection,Bangladesh,Foreign,Beacon Medicare Limited,GENERICS AFRICA LTD,2024 January 08,2029 January 08
1948,H2024/CTD10612/22725,BILASON,Bilastine,Tablet,India,Foreign,Unison Pharmaceuticals Pvt. Ltd.,SYNER-MED PHARMACEUTICALS (K)LTD,2024 January 08,2029 January 08
1949,H2024/CTD10597/23910,MAGATAS 4% Solution for Infusion,Magnesium Sulfate heptahydrate,Solution For Infusion,Kenya,Local,Tasa Pharma Limited,TASA PHARMA LIMITED,2024 January 08,2029 January 08
1950,H2024/CTD8841/18433,FOLIGRAF-MD 1200 IU.,Recombinant - Human Follicle Stimulating Hormone…,Powder For Injection,India,Foreign,Bharat Serums and Vaccines Limited,NAIROBI ENTERPRISES LTD,2024 January 08,2029 January 08
1951,H2024/CTD11106/23971,MEFTAN PLUS DT 4/2.5MG TABLETS,MONTELUKAST  / LEVOCETRIZINE,Chewable Tablet,Kenya,Local,COSMOS LIMITED,COSMOS LIMITED,2024 January 08,2029 January 08
1952,H2024/CTD11159/24368,PHENOBARBITAL 60MG TABLETS,Phenobarbital,Tablet,Kenya,Local,COSMOS LIMITED,COSMOS LIMITED,2024 January 08,2029 January 08
1953,H2024/CTD11161/24624,NUFLEX SR 50MG FILM COATED TABLETS,Mirabegron,Sustained Release Tablets,Kenya,Local,COSMOS LIMITED,COSMOS LIMITED,2024 January 08,2029 January 08
1954,H2024/CTD11188/24235,TAMITON PLUS 0.4/0.5MG CAPSULES,TAMSULOSIN HYDROCHLORIDE AND DUTASTERIDE,"Capsule, Hard",India,Foreign,COSMOS LIMITED,COSMOS LIMITED,2024 January 08,2029 January 08
1955,H2024/CTD9229/17040,TAXIM-O 400 mg Capsules,Cefixime Trihydrate USP,Capsule,India,Foreign,Alkem Laboratories Ltd,PHARMACOR LTD,2024 January 08,2029 January 08
1956,H2024/CTD10303/22631,SUPIXA-2.5,Apixaban,Tablet,India,Foreign,Micro Labs  Ltd,MICRO LABS (EA) LTD,2024 January 07,2029 January 07
1957,H2024/CTD10115/22556,Taxim-O Forte Dry Syrup,Cefixime Trihydrate,Powder For Oral Suspension,India,Foreign,Alkem laboratories Ltd.,PHARMACOR LTD,2024 January 07,2029 January 07
1958,H2024/CTD10119/20516,SWICH DRY SYRUP,Cefpodoxime Proxetil for Oral Suspension- USP,Oral Suspension,India,Foreign,Alkem laboratories limited,PHARMACOR LTD,2024 January 07,2029 January 07
1959,H2024/CTD10892/24361,NERVILIN NT- 5 TABLETS,Pregabalin and Nortriptyline Hydrochloride,Film-Coated Tablet,Kenya,Local,Dawa Limited,DAWA LTD,2024 February 28,2029 February 28
1960,H2024/CTD10890/24362,EMPAFLO-L 10/5 MG TABLET,Empagliftozin and Linagliptin,Film-Coated Tablet,Kenya,Local,DAWA LIMITED,DAWA LTD,2024 February 28,2029 February 28
1961,H2024/CTD7976/16737,XENGLU-MET 5/1000mg Tablets,Empagliflozin + Metformin HCl,Film-Coated Tablet,Pakistan,Foreign,Xenglu-Met 5/1000mg Tablet,SURGILINKS LTD,2024 February 28,2029 February 28
1962,H2024/CTD8618/15458,RUMORF 10 INJECTION,Morphine Sulphate BP,Solution For Injection,India,Foreign,Rumorf 10,SURGILINKS LTD,2024 February 28,2029 February 28
1963,H2024/CTD9445/16086,Vaptor Tablets 5mg,Rosuvastatin Calcium,Tablet,Pakistan,Foreign,THE SEARLE COMPANY LIMITED,UNISEL LTD,2024 February 28,2029 February 28
1964,H2024/CTD8833/17407,Utirol,Fosfomycin Trometamol,Granules For Oral Solution In Sachet,India,Foreign,VITACURA PHARMACEUTICALS,SIMBA PHARMACEUTICALS LTD,2024 February 28,2029 February 28
1965,H2024/CTD9475/20477,HERPIVAL-500,Valacyclovir Hydrochloride,Tablet,India,Foreign,KLM LABORATORIES PVT. LTD.,TRIDEM PHARMA KENYA LTD,2024 February 28,2029 February 28
1966,H2024/CTD9318/15526,ALKANIL,Disodium Hydrogen Citrate Liquid,Oral Liquid,India,Foreign,KRISHNA CHEMISTS LTD,KRISHNA CHEMISTS LTD,2024 February 28,2029 February 28
1967,H2024/CTD9529/16088,Vaptor Tablets 20mg,Rosuvastatin Calcium,Tablet,Pakistan,Foreign,THE SEARLE COMPANY LIMITED,UNISEL LTD,2024 February 28,2029 February 28
1968,H2024/CTD9496/18566,VINGLYN M 50/1000,Vildagliptin and Metformin Hydrochloride BP,Film-Coated Tablet,India,Foreign,Cadila Healthcare Limited,ZYDUS LIFESCIENCES LIMITED,2024 February 28,2029 February 28
1969,H2024/CTD9320/15572,ORNICARE,ORNIDAZOLE TABLETS,Tablet,India,Foreign,KRISHNA CHEMISTS LTD,KRISHNA CHEMISTS LTD,2024 February 28,2029 February 28
1970,H2024/CTD8513/17183,CURECILLIN,ampicillin sodium 0.5g,Injection,China,Foreign,MEDCURE HEALTHCARE,MEDCURE HEALTHCARE LTD,2024 February 28,2029 February 28
1971,H2024/CTD9319/15535,CLAMYCIN ORAL SUSPENSION,CLARITHROMYCIN FOR ORAL SUSPENSION USP,Oral Suspension,India,Foreign,KRISHNA CHEMISTS LTD,KRISHNA CHEMISTS LTD,2024 February 28,2029 February 28
1972,H2024/CTD7070/13504,Omezole,Omeprazole USP,"Capsule, Hard",India,Foreign,Jaysheel Patel,ZIKE CORPORATION LTD,2024 February 28,2029 February 28
1973,H2024/CTD8230/18092,PAUSE MF,"Tranexamic acid, Mefenamic acid",Film-Coated Tablet,India,Foreign,Emcure Pharmaceuticals Ltd,LAZOR PHARMACEUTICALS LIMITED,2024 February 28,2029 February 28
1974,H2024/CTD8430/16931,KTC SHAMPOO,"Ketoconazole BP, Zinc Pyrithione",Shampoo,India,Foreign,KTC SHAMPOO,SURGILINKS LTD,2024 February 28,2029 February 28
1975,H2024/CTD9321/15537,DACIBACT 300,CLINDAMYCIN HYDROCHLORIDE CAPSULES USP,Capsule,India,Foreign,KRISHNA CHEMISTS LTD,KRISHNA CHEMISTS LTD,2024 February 28,2029 February 28
1976,H2024/CTD9530/16087,Vaptor Tablets 10mg,Rosuvastatin Calcium,Tablet,Pakistan,Foreign,THE SEARLE COMPANY LIMITED,UNISEL LTD,2024 February 28,2029 February 28
1977,H2024/CTD9525/18571,Extor Tablets 5+80,"Amlodipine, Valsartan",Tablet,Pakistan,Foreign,THE SEARLE COMPANY LIMITED,UNISEL LTD,2024 February 28,2029 February 28
1978,H2024/CTD9731/19822,FLOXYL-O TABLETS,OFLOXACIN USP and ORNIDAZOLE IH,Film-Coated Tablet,India,Foreign,ALKEM LABORATORIES LTD.,PHARMACOR LTD,2024 February 26,2029 February 26
1979,H2024/CTD9886/22098,CYTOCLAV 1000,Amoxicillin and Clavulanate Potassium Tablets USP…,Film-Coated Tablet,India,Foreign,WIN-PHARMA,WIN-PHARMA LIMITED,2024 February 26,2029 February 26
1980,H2024/CTD10888/23887,Bedoic-EZ Tablet.,Bempedoic Acid and Ezetimibe,Film-Coated Tablet,India,Foreign,Dawa Limited,DAWA LTD,2024 February 26,2029 February 26
1981,H2024/CTD10529/22739,INSTABACT,Mupirocin USP,Ointment,India,Foreign,Cachet Pharmaceuticals Pvt. Ltd.,PHILLIPS THERAPEUTICS LIMITED,2024 February 26,2029 February 26
1982,H2024/CTD10413/23937,FCM INJECTION  500mg/10ml,Ferric Carboxymaltose,Injection,Pakistan,Foreign,Genix Pharma (Pvt) Ltd,SURGIPHARM LTD,2024 February 26,2029 February 26
1983,H2024/CTD10052/20597,VONIZA TABLETS 10MG,Vonoprazan Fumarate,Film-Coated Tablet,Pakistan,Foreign,HILTON PHARMA (PVT.) LTD,SURGILINKS LTD,2024 February 26,2029 February 26
1984,H2024/CTD10926/24330,GEMLIVE 200,Gemcitabine Hydrochloride,Injection,India,Foreign,Sofita Pharmaceutical Wholesalers Limited,SOFITA PHARMACEUTICAL WHOLESALERS LIMITED,2024 February 26,2029 February 26
1985,H2024/CTD10919/22852,XIPRO 500 TABLETS,CIPROFLOXACIN TABLETS BP 500MG,Film-Coated Tablet,India,Foreign,BLISS GVS PHARMA LTD,THERALIFE PHARMA LTD,2024 February 26,2029 February 26
1986,H2024/CTD10047/20547,Extor Tablets 10+160,Amlodipine and Valsartan,Film-Coated Tablet,Pakistan,Foreign,THE SEARLE COMPANY LIMITED,UNISEL LTD,2024 February 26,2029 February 26
1987,H2024/CTD10895/23319,CURAMOL FIZZ 1000 TABLETS,PARACETAMOL,Effervescent Tablet,India,Foreign,Dawa Limited,DAWA LTD,2024 February 26,2029 February 26
1988,H2024/CTD10894/23114,CURAMOL FIZZ 500 TABLETS,Paracetamol,Effervescent Tablet,India,Foreign,Dawa Limited,DAWA LTD,2024 February 26,2029 February 26
1989,H2024/CTD10132/21282,CORNEPROST EYE DROPS,LATANOPROST  OPTHALMIC SOLUTION 0.005% W/V,"Eye Drops, Solution",India,Foreign,BLISS GVS PHARMA LTD,THERALIFE PHARMA LTD,2024 February 26,2029 February 26
1990,H2024/CTD10148/21416,CORNEPROST T EYE DROPS,LATANOPROST AND TIMOLOL MALEATE EYE DROPS,"Eye Drops, Solution",India,Foreign,BLISS GVS PHARMA LTD,THERALIFE PHARMA LTD,2024 February 26,2029 February 26
1991,H2024/CTD10889/22807,Bedoic tablets,Bempedoic acid,Film-Coated Tablet,India,Foreign,Dawa Limited,DAWA LTD,2024 February 26,2029 February 26
1992,H2024/CTD10604/22045,PREGARED MDS.,Each hard gelatin capsule contains pregabalin BP…,Capsule,India,Foreign,REDEFINE HEALTHCARE LIMITED,REDEFINE HEALTHCARE LIMITED,2024 February 26,2029 February 26
1993,H2024/CTD10053/20598,VONIZA TABLETS 20MG,Vonoprazan Fumarate,Film-Coated Tablet,Pakistan,Foreign,HILTON PHARMA (PVT.) LTD,SURGILINKS LTD,2024 February 26,2029 February 26
1994,H2024/CTD10598/24089,Vit K1 Paediatric Solution for Injection or oral…,Phytomenadione,Solution For Injection,Kenya,Local,Tasa Pharma Ltd,TASA PHARMA LIMITED,2024 February 26,2029 February 26
1995,H2024/CTD10794/23864,PENTIXOL 40,FLUPENTIXOL DECANOATE INJECTION BP 40MG/2ML,Injection,India,Foreign,Krishna Chemists Ltd,KRISHNA CHEMISTS LTD,2024 February 26,2029 February 26
1996,H2024/CTD10459/21297,CLAVACE  DRY SYRUP 228.5 MG/5 ML     (…,Amoxicillin Trihydrate USP and  Clavulanate…,Powder For Oral Suspension,India,Foreign,Cachet Pharmaceuticals Pvt. Ltd,PHILLIPS THERAPEUTICS LIMITED,2024 February 26,2029 February 26
1997,H2024/CTD10462/23588,"CACHDERM-G (Beclomethasone Dipropionate,…","Beclomethasone Dipropionate USP, Clotrimazole BP…",Cream,India,Foreign,Cachet Pharmaceuticals Pvt. Ltd.,PHILLIPS THERAPEUTICS LIMITED,2024 February 26,2029 February 26
1998,H2024/CTD10463/23753,"CACHDERM-N (Beclomethasone, Neomycin Sulphate &…","Beclomethasone Dipropionate USP, Neomycin…",Cream,India,Foreign,Cachet Pharmaceuticals Pvt. Ltd.,PHILLIPS THERAPEUTICS LIMITED,2024 February 26,2029 February 26
1999,H2024/CTD10335/21599,OCULARIDE - T EYE DROPS,"DORZOLAMIDE HYDROCHLORIDE,TIMOLOL MALEATE","Eye Drops, Solution",India,Foreign,BLISS GVS PHARMA LTD,THERALIFE PHARMA LTD,2024 February 26,2029 February 26
2000,H2024/CTD10752/22555,EPIMON-L SYRUP,Levocetirizine Dihydrochloride and  Montelukast…,Syrup,India,Foreign,EPIONE PHARMACEUTICALS PVT. LTD.,PAN PHARMACEUTICALS LTD,2024 February 26,2029 February 26
2001,H2024/CTD10887/23027,Bilas 20mg Tablets,Bilastine,Tablet,India,Foreign,DAWA LIMITED,DAWA LTD,2024 February 26,2029 February 26
2002,H2024/CTD10778/24009,Zovinex,Acyclovir USP,Powder For Injection,India,Foreign,NOVO Medi Sciences Pvt. Ltd.,ARACHIS PHARMACEUTICALS LTD,2024 February 26,2029 February 26
2003,H2024/CTD10484/23940,EXLANT DELAYED RELEASE CAPSULE 60 mg,Dexlansoprazole,Capsule,Pakistan,Foreign,Genix Pharma (Pvt) Ltd,SURGIPHARM LTD,2024 February 26,2029 February 26
2004,H2024/CTD10886/23105,BILAS-M TABLETS,Bilastine and Montelukast,Tablet,India,Foreign,Dawa  Limited,DAWA LTD,2024 February 26,2029 February 26
2005,H2024/CTD10787/23809,LONOFLAM INJECTION,LYOPHILIZED LORNOXICAM FOR INJECTION 8MG,Powder For Injection,India,Foreign,Krishna Chemists Ltd,KRISHNA CHEMISTS LTD,2024 February 26,2029 February 26
2006,H2024/CTD10788/23814,PIXALIS 5,APIXABAN,Film-Coated Tablet,India,Foreign,Krishna Chemists Ltd,KRISHNA CHEMISTS LTD,2024 February 26,2029 February 26
2007,H2024/CTD10229/21522,OCULARIDE EYE DROPS,DORZOLAMIDE HYDROCHLORIDE,"Eye Drops, Solution",India,Foreign,BLISS GVS PHARMA LTD,THERALIFE PHARMA LTD,2024 February 26,2029 February 26
2008,H2024/CTD10927/24328,GEMLIVE 1000,Gemcitabine Hydrochloride,Injection,India,Foreign,Sofita Pharmaceutical Wholesalers Limited,SOFITA PHARMACEUTICAL WHOLESALERS LIMITED,2024 February 22,2029 February 22
2009,H2024/CTD8210/16735,SYNOFER INJECTION,Ferric Hydroxide in complex with Sucrose…,Injection,India,Foreign,Swiss Parenterals  Ltd,SYNER-MED PHARMACEUTICALS (K)LTD,2024 February 12,2029 February 12
2010,H2024/CTD12180/26695,Bortezomib for Injection; 3.5 mg/vial,Bortezomib,Injection,India,Foreign,DR. REDDY’S LABORATORIES LIMITED,THE EAH CARE LIMITED,2024 December 21,2029 December 21
2011,H2024/CTD12178/26525,Lenangio 25,Lenalidomide,Capsule,India,Foreign,DR. REDDY’S LABORATORIES LIMITED,THE EAH CARE LIMITED,2024 December 21,2029 December 21
2012,H2024/CTD12179/26524,Lenangio 10,Lenalidomide,Capsule,India,Foreign,DR. REDDY’S LABORATORIES LIMITED,THE EAH CARE LIMITED,2024 December 21,2029 December 21
2013,H2024/CTD12186/26577,Avoxred,Azacitidine,Powder For Injection,India,Foreign,DR. REDDY’S LABORATORIES LIMITED,THE EAH CARE LIMITED,2024 December 21,2029 December 21
2014,H2024/CTD12059/26478,Capecitabine-DRLA,Capecitabine,Tablet,India,Foreign,DR. REDDY’S LABORATORIES LIMITED,THE EAH CARE LIMITED,2024 August 29,2029 August 29
2015,H2024/CTD11328/24084,Euvichol-Plus,Killed Bivalent (O1 and O139) Whole Cell Oral…,Oral Solution In Single-Dose Container,South Korea,Foreign,"EuBiologics Co., Ltd",SAI PHARMACEUTICALS LTD,2024 August 15,2029 August 15
2016,H2024/CTD11092/24576,Hemoflux 500 IV Injection,Ferric carboxymaltose,Injection,Bangladesh,Foreign,Dawa Limited,DAWA LTD,2024 August 01,2029 August 01
2017,H2024/CTD11571/23976,"Dolutegravir, Lamivudine and Tenofovir Disoproxil…","Dolutegravir, Lamivudine and Tenofovir Disoproxil…",Tablet,India,Foreign,Lupin Limited.,NAIROBI ENTERPRISES LTD,2024 August 01,2029 August 01
2018,H2024/CTD11345/24829,Encicarb,"Ferric carboxymaltose Injection 50mg/mL, 2mL &…",Injection,India,Foreign,EMCURE PHARMACEUTICALS LTD.,LAZOR PHARMACEUTICALS LIMITED,2024 April 09,2029 April 09
2019,H2024/CTD11510/25491,SIROPIL,"Dolutegravir, Lamivudine and Tenofovir Disoproxil…",Film-Coated Tablet,India,Foreign,EMCURE PHARMACEUTICALS LTD.,LAZOR PHARMACEUTICALS LIMITED,2024 April 09,2029 April 09
2020,H1983/115,BENDURIC 5MG TABLETS,BENDROFLUMETHIAZIDE BP,Tablet,Kenya,Local,COSMOS LIMITED,COSMOS LIMITED,2024 April 05,2029 April 05
2021,H2024/CTD7170/14037,Fluromet Eye Drops,Fluorometholone,Eye Drops,Bangladesh,Foreign,Popular Pharmaceuticals Ltd,MADAWA PHARMACEUTICALS LTD,2024 April 04,2029 April 04
2022,H2024/CTD7455/14639,KRIDOL Injection,Tramadol Hydrochloride BP,Injection,India,Foreign,Krishna Chemists Ltd,KRISHNA CHEMISTS LTD,2024 April 04,2029 April 04
2023,H2024/CTD8568/19666,ECZEMUS 0.1%,Tacrolimus (as monohydrate),Ointment,Pakistan,Foreign,Brookes Pharma Private Ltd,HARLEYS LTD-NAIROBI,2024 April 04,2029 April 04
2024,H2024/CTD8570/19667,ECZEMUS 0.03%,Tacrolimus (as monohydrate),Ointment,Pakistan,Foreign,Brookes Pharma Private Ltd,HARLEYS LTD-NAIROBI,2024 April 04,2029 April 04
2025,H2024/CTD10414/23943,MOVCOL SACHET,"Polyethylene Glycol 3350,Sodium Chloride, Sodium…",Powder For Oral Solution,Pakistan,Foreign,Genix Pharma (Pvt) Ltd,SURGIPHARM LTD,2024 April 04,2029 April 04
2026,H2024/CTD10016/22294,GABAMED-M,Pregabalin and Methyl cobalamin,Capsule,India,Foreign,PRO MED PHARMACEUTICALS LTD,PRO MED PHARMACEUTICALS  LTD,2024 April 04,2029 April 04
2027,H2024/CTD10891/24365,EMPAFLO-L 25/5MG TABLET,Empagliftozin and Linagliptin,Film-Coated Tablet,Kenya,Local,DAWA LIMITED,DAWA LTD,2024 April 04,2029 April 04
2028,H2024/CTD10599/24228,Vonoprazan Tablets 20 mg,Vonoprazan,Coated Tablet,India,Foreign,HARLEY’S LIMITED,HARLEYS LTD-NAIROBI,2024 April 04,2029 April 04
2029,H2024/CTD10212/19108,LEDOBOOK 25,Lenalidomide,Capsule,India,Foreign,"AUROBINDO PHARMA LTD.,",SIMBA PHARMACEUTICALS LTD,2024 April 04,2029 April 04
2030,H2024/CTD10216/19106,LEDOBOOK 10,Lenalidomide,Capsule,India,Foreign,AUROBINDO PHARMA LIMITED,SIMBA PHARMACEUTICALS LTD,2024 April 04,2029 April 04
2031,H2024/CTD10589/22499,Efferalgan 500mg,Paracetamol,Effervescent Tablet,France,Foreign,UPSA SAS,LABOREX KENYA LTD-MOMBASA ROAD,2024 April 04,2029 April 04
2032,H2024/CTD10248/22494,EXIME 750 INJECTION,cefuroxime sodium,Injection,India,Foreign,PRO MED PHARMACEUTICALS LTD,PRO MED PHARMACEUTICALS  LTD,2024 April 04,2029 April 04
2033,H2024/CTD10249/22164,MENOZIP MF TABLETS,Each Un-coated tablet contains:   Mefenamic Acid…,Tablet,Kenya,Local,NATIONAL PHARMACY LTD,NATIONAL PHARMACY LTD,2024 April 04,2029 April 04
2034,H2024/CTD10587/22500,Efferalgan 1000mg,paracetamol,Effervescent Tablet,France,Foreign,UPSA SAS,LABOREX KENYA LTD-MOMBASA ROAD,2024 April 04,2029 April 04
2035,H2024/CTD10473/23133,TRACK SP,"Diclofenac Potassium, Paracetamol &…",Coated Tablet,Kenya,Local,NATIONAL PHARMACY LTD,NATIONAL PHARMACY LTD,2024 April 04,2029 April 04
2036,H2024/CTD10373/20453,FULVAFIT,Fulvestrant,Solution For Injection,India,Foreign,AUROBINDO PHARMA LIMITED,SIMBA PHARMACEUTICALS LTD,2024 April 04,2029 April 04
2037,H2024/CTD6492/12717,ETHOS-8 TABLETS,"Etoricoxib, Thiocolchicoside",Tablet,India,Foreign,MEDISEL KENYA LIMITED,DAWA LTD,2024 April 03,2029 April 03
2038,H2022/CTD10232/22679,Firialta 10 mg tablet,Finerenone,Film-Coated Tablet,Germany,Foreign,Bayer  AG.,BAYER EAST AFRICA LTD,2023 September 28,2028 September 28
2039,H2022/CTD10412/23935,Olver Injection 1g,Meropenem as Trihydrate,Powder For Injection,Pakistan,Foreign,Genix Pharma (Pvt) Ltd,SURGIPHARM LTD,2023 September 28,2028 September 28
2040,H2022/CTD10231/22743,Firialta 20 mg tablet,Finerenone,Film-Coated Tablet,Germany,Foreign,Bayer AG,BAYER EAST AFRICA LTD,2023 September 28,2028 September 28
2041,H2022/CTD9679/20524,ACECOR MR,"paracetamol BP, chlorzoxazone USP and aceclofenac…",Tablet,India,Foreign,SIGNATURE HEALTHCARE LIMITED,SIGNATURE HEALTHCARE LTD,2023 September 27,2028 September 27
2042,H2022/CTD9747/17718,Ioprost -T Eye Drops,Latanoprost and Timolol Maleate Ph Eur.,Eye Drops,India,Foreign,FDC Limited,SURGIPHARM LTD,2023 September 27,2028 September 27
2043,H2022/CTD9620/17157,Ioprost Eye Drops,Latanoprost USP 50 mcg,Eye Drops,India,Foreign,FDC Limited,SURGIPHARM LTD,2023 September 27,2028 September 27
2044,H2022/CTD9681/21280,MONTECOR PLUS KID,Montelukast Sodium USP       Levocetrizine…,Dispersible Tablet,India,Foreign,SIGNATURE HEALTHCARE LIMITED,SIGNATURE HEALTHCARE LTD,2023 September 27,2028 September 27
2045,H2022/CTD9878/18837,BGACID GEL,"DRIED ALUMINUM HYDROXIDE GEL, MAGNESSIUM…",Suspension And Effervescent Granules For Oral,India,Foreign,BLISS GVS PHARMA LTD,THERALIFE PHARMA LTD,2023 September 26,2028 September 26
2046,H2022/CTD10124/21823,Phesgo 600 mg/600 mg,Pertuzumab and trastuzumab,Solution For Injection,Switzerland,Foreign,F. Hoffmann-La Roche Ltd,ROCHE KENYA LIMITED,2023 September 26,2028 September 26
2047,H2022/CTD10433/23859,XIFAXAN 550 mg Tablets,Rifaximin,Tablet,India,Foreign,UNISEL PHARMA (K) LTD.,HARLEYS LTD-NAIROBI,2023 September 26,2028 September 26
2048,H2022/CTD10130/23039,NALOTAS Solution for Injection/Infusion,Naloxone Hydrochloride,Solution For Injection,Kenya,Local,Tasa Pharma Limited,TASA PHARMA LIMITED,2023 September 26,2028 September 26
2049,H2022/CTD10906/21966,"DOLUTEGRAVIR, LAMIVUDINE AND TENOFOVIR…","Dolutegravir Sodium, Lamivudine and Tenofovir…",Film-Coated Tablet,India,Foreign,LAURUS LABS LIMITED,DAWA LTD,2023 September 26,2028 September 26
2050,H2022/CTD10667/24022,Magatas 50% Solution for Injection/Infusion,Magnesium Sulfate heptahydrate,Solution For Injection/Infusion,Kenya,Local,Tasa Pharma Limited,TASA PHARMA LIMITED,2023 September 26,2028 September 26
2051,H2022/CTD10123/21827,Phesgo 1200 mg/600 mg,Pertuzumab and Trastuzumab,Solution For Injection,Switzerland,Foreign,F. Hoffman-La Roche Ltd,ROCHE KENYA LIMITED,2023 September 26,2028 September 26
2052,H2022/CTD10441/20185,SANTRIAX S-1000,"CEFTRIAXONE SODIUM, SULBACTAM SODIUM",Powder For Injection,India,Foreign,BLISS GVS PHARMA LTD,THERALIFE PHARMA LTD,2023 September 26,2028 September 26
2053,H2022/CTD10072/20966,Pagenax Solution for injection 120 mg/ml,brolucizumab,Solution For Injection,Switzerland,Foreign,Novartis Overseas Investments AG,NVS KENYA LTD,2023 September 26,2028 September 26
2054,H2022/CTD10274/23024,FUNGICOS 100MG CAPSULES,ITRACONAZOLE,Capsule,Kenya,Local,COSMOS LIMITED,COSMOS LIMITED,2023 September 26,2028 September 26
2055,H2022/CTD10681/18708,UPRONE-20 CAPSULES,OMEPRAZOLE,"Capsule, Hard",India,Foreign,Bliss GVS Pharma Ltd.,THERALIFE PHARMA LTD,2023 September 26,2028 September 26
2056,H2022/CTD10670/24207,Tasaline 3% Solution for Injection / Infusion,Sodium Chloride 3%,Solution For Infusion,Kenya,Local,Tasa Pharma Limited,TASA PHARMA LIMITED,2023 September 26,2028 September 26
2057,H2022/CTD10202/22099,TELAM Q 40/5,Telmisartan USP  & Amlodipine Besylate USP,Film-Coated Tablet,India,Foreign,Zuvan Limited,ZUVAN LIMITED,2023 September 26,2028 September 26
2058,H2022/CTD10854/22806,P-ALAXIN DS 80/640,DIHYDROARTEMESININ 80 MG & PIPERAQUINE PHOSPATE…,Film-Coated Tablet,India,Foreign,BLISS GVS PHARMA LTD,THERALIFE PHARMA LTD,2023 September 26,2028 September 26
2059,H2022/CTD10853/22549,P-ALAXIN DISPERSIBLE 20/160,DIHYDROARTEMISININ 20MG & PIPERAQUINE PHOSPHATE…,Dispersible Tablet,India,Foreign,BLISS GVS PHARMA LTD,THERALIFE PHARMA LTD,2023 September 26,2028 September 26
2060,H2022/CTD10204/21980,TELAM Q 80/10,Telmisartan USP  & Amlodipine Besylate USP,Film-Coated Tablet,India,Foreign,Q PHARMA DMCC,ZUVAN LIMITED,2023 September 26,2028 September 26
2061,H2022/CTD10852/22552,P-ALAXIN DISPERSIBLE 40/320,DIHYDROARTEMISININ 40MG & PIPERAQUINE PHOSPHATE …,Dispersible Tablet,India,Foreign,BLISS GVS PHARMA LTD,THERALIFE PHARMA LTD,2023 September 26,2028 September 26
2062,H2022/CTD10205/22067,TELAM-CT 40/12.5,Telmisartan and Chlorthalidone Tablets,Film-Coated Tablet,India,Foreign,Q PHARMA,ZUVAN LIMITED,2023 September 26,2028 September 26
2063,H2022/CTD10203/21981,TELAM Q 80/5,Telmisartan USP  & Amlodipine Besylate USP,Film-Coated Tablet,India,Foreign,Q PHARMA DMCC,ZUVAN LIMITED,2023 September 26,2028 September 26
2064,H2022/CTD10177/21536,Pifeltro 100 mg film-coated tablet,Doravirine,Film-Coated Tablet,Portugal,Foreign,MSD (Pty) Ltd,IMPERIAL MANAGED SOLUTIONS EAST AFRICA LTD-…,2023 September 26,2028 September 26
2065,H2022/CTD10206/22068,TELAM-CT 80/25,Telmisartan and Chlorthalidone Tablets,Film-Coated Tablet,India,Foreign,Q PHARMA,ZUVAN LIMITED,2023 September 26,2028 September 26
2066,H2022/CTD10176/21535,Delstrigo film-coated tablet,Doravirine/lamivudine/tenofovir disoproxil…,Film-Coated Tablet,Portugal,Foreign,MSD (Pty) Ltd,IMPERIAL MANAGED SOLUTIONS EAST AFRICA LTD-…,2023 September 26,2028 September 26
2067,H2022/CTD8691/16627,BACLAM tablets,"Abacavir (Sulfate)/ Lamivudine Tablet, Film…",Film-Coated Tablet,India,Foreign,SUN PHARMACEUTICAL INDUSTRIES LIMITED,SUN PHARMA EAST AFRICA LTD,2023 September 18,2028 September 18
2068,H2022/CTD9418/16033,Mosi Eye Drops,Moxifloxacin Hydrochloride,Eye Drops,India,Foreign,FDC Limited,SURGIPHARM LTD,2023 September 18,2028 September 18
2069,H2022/CTD9547/18539,"DOLUTEGRAVIR, EMTRICITABINE AND TENOFOVIR…","Dolutegravir Sodium, Emtricitabine and  Tenofovir…",Film-Coated Tablet,India,Foreign,LAURUS LABS LIMITED,DAWA LTD,2023 September 18,2028 September 18
2070,H2022/CTD9134/20226,ARTECOR IV 120MG,Artesunate powder for injection,Powder And Solvent For Solution For Injection,India,Foreign,MOHAMED IFTIKHAR SAEED,SIGNATURE HEALTHCARE LTD,2023 September 18,2028 September 18
2071,H2022/CTD9269/20351,MEDOGEN 150 MG/ML SUSPENSION FOR INJECTION,Medroxyprogesterone acetate,Suspension For Injection,Bangladesh,Foreign,Incepta Pharmaceuticals Ltd.,IMPERIAL MANAGED SOLUTIONS EAST AFRICA LTD-…,2023 September 18,2028 September 18
2072,H2022/CTD8385/15437,Theoran Gel,Diclofenac Diethylamine BP + Linseed Oil  +…,Gel,India,Foreign,THEON PHARMACEUTICALS LIMITED,SYNER-MED PHARMACEUTICALS (K)LTD,2023 September 06,2028 September 06
2073,H2022/CTD8725/18989,GLUDOWN 850 TABLETS,METFORMIN HYDROCHLORIDE BP,Film-Coated Tablet,Kenya,Local,LABORATORY & ALLIED LIMITED,LABORATORY & ALLIED LTD,2023 September 06,2028 September 06
2074,H2022/CTD9381/20265,S-CORT,Triamcinolone Acetonide BP,Injection,India,Foreign,SALAMA PHARMACEUTICALS LTD,SALAMA PHARMACEUTICALS LTD,2023 September 06,2028 September 06
2075,H2022/CTD9366/20549,SEVO-SWISS,SEVOFLURANE USP,"Inhalation Vapour, Liquid",India,Foreign,SYNER-MED PHARMACEUTICALS (KENYA) LIMITED,SYNER-MED PHARMACEUTICALS (K)LTD,2023 September 06,2028 September 06
2076,H2022/CTD9814/17488,Theoclotri Cream,Clotrimazole USP,Cream,India,Foreign,Theon Pharmaceuticals Ltd,SYNER-MED PHARMACEUTICALS (K)LTD,2023 September 06,2028 September 06
2077,H2022/CTD8277/18142,LEOCEF 250 CAPSULES,CEFALEXIN MONOHYDRATE,"Capsule, Hard",Kenya,Local,LABORATORY & ALLIED LTD,LABORATORY & ALLIED LTD,2023 September 06,2028 September 06
2078,H2022/CTD10357/22186,FITGLU 10TABLETS,Empagliflozin,Film-Coated Tablet,Bangladesh,Foreign,MEDCURE HEALTHCARE LTD,MEDCURE HEALTHCARE LTD,2023 September 06,2028 September 06
2079,H2022/CTD10546/21738,Omescot,Omeprazole Sodium for Injection,Injection,India,Foreign,Scott-Edil Pharmacia Ltd.,SYNER-MED PHARMACEUTICALS (K)LTD,2023 September 06,2028 September 06
2080,H2022/CTD10156/22938,ZUBINAL,"METRONIDAZOLE, CLINDAMYCIN & CLOTRIMAZOLE…",Suppository,India,Foreign,AVETINA LIFE SCIENCES LTD,AVETINA LIFE SCIENCIES LIMITED,2023 September 04,2028 September 04
2081,H2022/CTD10393/23086,TASANUTIN Solution for Infusion/Injection,Phenytoin sodium,Solution For Injection/Infusion,Kenya,Local,Tasa Pharma Limited,TASA PHARMA LIMITED,2023 September 04,2028 September 04
2082,H2022/CTD10396/23856,FLOEZY,TAMSULOSIN HYDROCHLORIDE,Prolonged-Release Tablet,Spain,Foreign,MEGA LIFESCIENCES PUBLIC COMPANY LIMITED,MEGA LIFESCIENCES PUBLIC COMPANY LIMITED,2023 September 04,2028 September 04
2083,H2022/CTD10411/23930,Zoleron Solution for I.V. Infusion 5mg/100ml,Zoledronic acid,Infusion,Pakistan,Foreign,Genix Pharma (Private) Limited,SURGIPHARM LTD,2023 September 04,2028 September 04
2084,H2022/CTD10073/21495,EBAMIN 10MG TABLETS,Ebastine,Film-Coated Tablet,Bangladesh,Foreign,Medcure Healthcare Ltd,MEDCURE HEALTHCARE LTD,2023 September 04,2028 September 04
2085,H2022/CTD10747/23854,Trastuzumab 150mg / Vial,Trastuzumab,Injection,India,Foreign,HETERO BIOPHARMA LIMITED,UNISEL LTD,2023 September 04,2028 September 04
2086,H2022/CTD10748/23871,Trastuzumab 440mg / Vial,Trastuzumab,Injection,India,Foreign,HETERO BIOPHARMA LIMITED,UNISEL LTD,2023 September 04,2028 September 04
2087,H2022/CTD10528/22670,VERALINE,Norepinephrine Bitartrate USP,Solution For Injection,India,Foreign,Verve Human Care Laboratories,GENERICS AFRICA LTD,2023 September 04,2028 September 04
2088,H2022/CTD10527/22504,LABEVER 5mg/ml Injection,Labetalol Hydrochloride USP,Solution For Injection,India,Foreign,Verve Human Care Laboratories,GENERICS AFRICA LTD,2023 September 04,2028 September 04
2089,H2022/CTD10125/22976,SATAL FORTE solution for Injection,Phenobarbital Sodium,Solution For Injection,Kenya,Local,Tasa Pharma Limited,TASA PHARMA LIMITED,2023 September 04,2028 September 04
2090,H2022/CTD10129/23040,KETODOL Solution for Injection,Ketorolac Trimethamine,Solution For Injection,Kenya,Local,Tasa Pharma Limited,TASA PHARMA LIMITED,2023 September 04,2028 September 04
2091,H2022/CTD10827/24553,SETROKEN INJECTION,Ondansetron Injection USP 2 mg/ml,Solution For Injection,India,Foreign,PHARMAKEN LTD,PHARMAKEN LTD,2023 September 04,2028 September 04
2092,H2022/CTD10826/24520,PANTOZIL 40,Pantoprazole For Injection 40 mg,Powder For Solution For Injection,India,Foreign,PHARMAKEN LTD,PHARMAKEN LTD,2023 September 04,2028 September 04
2093,H2022/CTD10796/20995,KOGELOX,Levofloxacin 750mg,Solution For Injection,Pakistan,Foreign,PHARMAKEN LTD,PHARMAKEN LTD,2023 September 04,2028 September 04
2094,H2022/CTD10219/21121,PROFLOW 10 TABLETS,Rivaroxiban,Film-Coated Tablet,India,Foreign,Medcure Healthcare Ltd,MEDCURE HEALTHCARE LTD,2023 September 04,2028 September 04
2095,H2022/CTD9752/21766,GLIPCOTROL SM 50/500 (Sitagliptin Phosphate USP…,Sitagliptin Phosphate USP and Metformin…,Film-Coated Tablet,Bangladesh,Foreign,Omnicals Pharma (Pvt.) Ltd.,REDDYS PHARMA LTD,2023 September 04,2028 September 04
2096,H2022/CTD8286/16238,Torax 10 Tablet,Ketorolac Tromethamine USP,Tablet,Bangladesh,Local,Square Pharmaceuticals Ltd.,ACE PHARMACEUTICALS LTD,2023 September 04,2028 September 04
2097,H2022/CTD8734/18834,KAREFENAC INJECTION,Diclofenac Sodium,Injection,China,Foreign,Karemax Industrial Limited,INFINITE HEALTH LIMITED,2023 September 04,2028 September 04
2098,H2022/CTD8735/18912,KAREMYCIN INJECTION,Gentamicin Sulfate,Solution For Injection,China,Foreign,KAREMAX INDUSTRIAL LTD,INFINITE HEALTH LIMITED,2023 September 04,2028 September 04
2099,H2022/CTD9457/21912,REBIWEB - D CAPSULES,Domperidone IHS and Rabeprazole IHS,Hard Gelatin Capsules,India,Foreign,Swanira Life Sciences PVT Ltd,PHARMWEB CHEMIST LTD-KITALE,2023 September 04,2028 September 04
2100,H2022/CTD9993/20220,Torax 30 Injection,Ketorolac Tromethamine,Injection,Bangladesh,Foreign,Square Pharmaceuticals Ltd.,ACE PHARMACEUTICALS LTD,2023 September 04,2028 September 04
2101,H2022/CTD7690/14892,ECOXX-120,ETORICOXIB.,Tablet,India,Foreign,WIN-PHARMA LTD,WIN-PHARMA LIMITED,2023 September 04,2028 September 04
2102,H2022/CTD9431/14906,Ablept -300,Gabapentin,Capsule,India,Foreign,Micro Labs Limited,MICRO LABS (EA) LTD,2023 September 04,2028 September 04
2103,H2022/CTD9753/21767,GLIPCOTROL SM 50/1000 (Sitagliptin Phosphate USP…,Sitagliptin Phosphate USP and Metformin…,Film-Coated Tablet,Bangladesh,Foreign,Omnicals Pharma (Pvt.) Ltd.,REDDYS PHARMA LTD,2023 September 04,2028 September 04
2104,H2022/CTD9750/21781,GLIPCOTROL S 50 (Sitagliptin Tablets 50mg),Sitagliptin Phosphate Monohydrate USP,Tablet,Bangladesh,Foreign,Omnicals Pharma (Pvt.) Ltd.,REDDYS PHARMA LTD,2023 September 04,2028 September 04
2105,H2022/CTD9374/20294,3D CREAM,"BETAMETHASONE DIPROPIONATE, CLOTRIMAZOLE &…",Cream,Kenya,Local,NATIONAL PHARMACY LTD,NATIONAL PHARMACY LTD,2023 September 04,2028 September 04
2106,H2022/CTD9751/21783,GLIPCOTROL S 100 (Sitagliptin Tablets 100mg),Sitagliptin Phosphate Monohydrate USP,Tablet,Bangladesh,Foreign,Omnicals Pharma (Pvt.) Ltd.,REDDYS PHARMA LTD,2023 September 04,2028 September 04
2107,H2022/CTD8512/17184,ZENTHLINE,It has having the same indicatons as Benzyl…,Injection,China,Foreign,MEDCURE HEALTHCARE,MEDCURE HEALTHCARE LTD,2023 October 31,2028 October 31
2108,H2022/CTD9534/21803,TOLSIN 0.4,Tamsulosin,Tablet,India,Foreign,Micro Labs  Ltd,MICRO LABS (EA) LTD,2023 October 31,2028 October 31
2109,H2022/CTD9698/22013,CILNITEL 5/80 TABLETS,Cilnidipine & Telmisartan,Film-Coated Tablet,India,Foreign,INNOCIA LIFESCIENCES PVT. LTD,WESSEX PHARMACEUTICALS LTD,2023 October 31,2028 October 31
2110,H2022/CTD9292/18528,Lipofundin MCT/LCT 20% emulsion for infusion,"Soya-bean oil, refined ; Medium-chain…",Emulsion For Infusion,Germany,Foreign,B. Braun Melsungen AG,B.BRAUN MEDICAL KENYA LIMITED,2023 October 31,2028 October 31
2111,H2022/CTD10085/22677,ESOGLAX-40,Esomeprazole Magnesium Trihydrate,Film-Coated Tablet,India,Foreign,GALAXY PHARMACEUTICAL LIMITED,GALAXY PHARMACEUTICAL LIMITED,2023 October 31,2028 October 31
2112,H2022/CTD6356/12165,NUTRIFLEX SPECIAL Solution for Infusion,"Amino acids,Glucose & Electrolytes",Solution For Infusion,Germany,Foreign,B. Braun Melsungen AG,B.BRAUN MEDICAL KENYA LIMITED,2023 October 31,2028 October 31
2113,H2022/CTD10221/22071,ACNEVATE,Benzoyl Peroxide,Gel,India,Foreign,DOLOPHARMA HEALTHCARE LTD,DOLOPHARMA HEALTHCARE LTD,2023 October 31,2028 October 31
2114,H2022/CTD10591/22478,ALBIC FORTE 20 TABLET (Esomeprazole 20 mg Tab),20 mg Enteric coated Esomeprazole Magnesium…,Gastro-Resistant Tablet,Bangladesh,Foreign,ALICTON LTD,QUEST PHARMACEUTICALS,2023 October 31,2028 October 31
2115,H2022/CTD10795/24294,Atazanavir (as sulfate)/ Ritonavir Tablets 300…,"Atazanavir (as sulfate), Ritonavir",Tablet,China,Foreign,Shanghai Desano Bio-pharmaceuticals Co. Ltd,SAI PHARMACEUTICALS LTD,2023 October 31,2028 October 31
2116,H2022/CTD10653/16350,NOVAMENTIN-228.5,"Amoxicillin Trihydrate USP, Potassium Clavulanate…",Powder For Oral Suspension,India,Foreign,Scott-Edil Advance Research Laboratories &…,SYNER-MED PHARMACEUTICALS (K)LTD,2023 October 31,2028 October 31
2117,H2022/CTD10402/23353,TASALINE 0.9% D5 Solution for Infusion,Glucose Monohydrate + Sodium Chloride,Solution For Infusion,Kenya,Local,Tasa Pharma Limited,TASA PHARMA LIMITED,2023 October 18,2028 October 18
2118,H2022/CTD6618/18168,D3 MUST 60 K,Cholecalciferol,Tablet,India,Foreign,MANKIND PHARMA LTD,SURGILINKS LTD,2023 October 18,2028 October 18
2119,H2022/CTD7478/13457,INTAQ SR 300,QUETIAPINE FUMARATE,Tablet,India,Foreign,INTAS PHARMACEUTICALS LIMITED,ACCORD HEALTHCARE (K) LTD,2023 October 18,2028 October 18
2120,H2022/CTD8581/18548,Clariscan,Gadoteric acid,Solution For Injection,Norway,Foreign,GE Healthcare AS,SURGIPHARM LTD,2023 October 18,2028 October 18
2121,H2022/CTD9465/20156,ONECID,DRIED ALUMINIUM HYDROXIDE AND MAGNESIUM…,Oral Suspension,Kenya,Local,Zain Pharma Limited,ZAIN PHARMA LIMITED,2023 October 17,2028 October 17
2122,H2022/CTD8737/18829,KAREBENZ 2.4 INJECTION,Benzathine Benzylpenicillin,Powder For Solution For Injection,China,Foreign,KAREMAX INDUSTRIAL LTD,INFINITE HEALTH LIMITED,2023 October 17,2028 October 17
2123,H2022/CTD9456/21911,ACLORAX T4,Aceclofenac BP and Thiocolchicoside BP,Film-Coated Tablet,India,Foreign,SWANIRA LIFESCIENCES PVT. LTD,PHARMWEB CHEMIST LTD-KITALE,2023 October 17,2028 October 17
2124,H2022/CTD9639/21011,LEVAM-500 TABLETS,Levetiracetam,Film-Coated Tablet,India,Foreign,Innocia Lifesciences Pvt Ltd,WESSEX PHARMACEUTICALS LTD,2023 October 17,2028 October 17
2125,H2022/CTD7482/13221,INTAQ SR 200,QUETIAPINE FUMARATE,Tablet,India,Foreign,INTAS PHARMACEUTICALS LIMITED,ACCORD HEALTHCARE (K) LTD,2023 October 17,2028 October 17
2126,H2022/CTD9638/21012,LEVAM-750 TABLETS,Levetiracetam,Film-Coated Tablet,India,Foreign,Innocia Lifesciences Pvt Ltd,WESSEX PHARMACEUTICALS LTD,2023 October 17,2028 October 17
2127,H2022/CTD9637/21005,LEVAM-250 TABLETS,Levetiracetam.,Film-Coated Tablet,India,Foreign,Innocia Lifesciences Private Ltd,WESSEX PHARMACEUTICALS LTD,2023 October 17,2028 October 17
2128,H2022/CTD8515/17173,Thromban 5,Apixaban,Film-Coated Tablet,India,Foreign,M/S Cadila Healthcare Limited,ZYDUS LIFESCIENCES LIMITED,2023 October 17,2028 October 17
2129,H2022/CTD8531/17168,Thromban 2.5,Apixaban,Film-Coated Tablet,India,Foreign,M/S Cadila Healthcare Limited,ZYDUS LIFESCIENCES LIMITED,2023 October 17,2028 October 17
2130,H2022/CTD9578/20472,UBAMIC 500,Tranexamic Acid,Tablet,India,Foreign,Eastleigh Pharmaceuticals Co. Ltd,EASTLEIGH PHARMACEUTUICAL LIMITED,2023 October 17,2028 October 17
2131,H2022/CTD8733/18916,KAREMOX 500MG CAPSULES,Amoxicillin Trihydrate,Capsule,China,Foreign,KAREMAX INDUSTRIAL LTD,INFINITE HEALTH LIMITED,2023 October 17,2028 October 17
2132,H2022/CTD9091/17575,VENTOMOL,Salbutamol Sulfate BP Equivalent to Salbutamol…,Oral Suspension,India,Foreign,ESSAAR (K) LIMITED,ESSAAR(K)LTD,2023 October 17,2028 October 17
2133,H2022/CTD8732/18911,KAREMOL TABLETS,Paracetamol,Tablet,China,Foreign,KAREMAX INDUSTRIAL LTD,INFINITE HEALTH LIMITED,2023 October 17,2028 October 17
2134,H2022/CTD7642/14540,REHEPTIN,"Metadoxine, Silymarin, L-Ornithine L-Aspartate,…",Film-Coated Tablet,India,Foreign,MANKIND PHARMA LTD.,SURGILINKS LTD,2023 October 17,2028 October 17
2135,H2022/CTD9956/21044,ATORVA EZ 20/10,Atorvastatin and Ezetimibe,Film-Coated Tablet,India,Foreign,Cadila Healthcare Limited,ZYDUS LIFESCIENCES LIMITED,2023 October 17,2028 October 17
2136,H2022/CTD8731/18831,KARECIPRO 500MG TABLETS,Ciprofloxacin Hydrochloride,Tablet,China,Foreign,KAREMAX INDUSTRIAL LTD,INFINITE HEALTH LIMITED,2023 October 17,2028 October 17
2137,H2022/CTD9505/21883,ESOGLAX HP KIT,"Amoxicillin Trihydrate, Clarithromycin,…",Film-Coated Tablet,India,Foreign,GALAXY PHARMACEUTICAL LIMITED,GALAXY PHARMACEUTICAL LIMITED,2023 October 17,2028 October 17
2138,H2022/CTD10720/24417,RITRI 10,Tofacitinib Citrate,Film-Coated Tablet,India,Foreign,OMILIFE LIMITED,OMILIFE LIMITED,2023 October 17,2028 October 17
2139,H2022/CTD10571/21723,INFIKAINE,LIDOCAINE HYDROCHLORIDE BP,Solution For Injection,India,Foreign,INFINITE HEALTH LIMITED,INFINITE HEALTH LIMITED,2023 October 17,2028 October 17
2140,H2022/CTD10869/24595,SETROKEN 4MG TABLET,Ondansetron USP 4mg,Orally disintegrating  tablets,India,Foreign,PHARMAKEN LTD,PHARMAKEN LTD,2023 October 17,2028 October 17
2141,H2022/CTD10127/22975,SATAL Solution for Injection,Phenobarbital Sodium,Solution For Injection,Kenya,Local,Tasa Pharma Limited,TASA PHARMA LIMITED,2023 October 17,2028 October 17
2142,H2022/CTD10756/24433,VONOCID-20,Vonoprazan Fumarate,Film-Coated Tablet,India,Foreign,WIN PHARMA LTD,WIN-PHARMA LIMITED,2023 October 17,2028 October 17
2143,H2022/CTD10755/24430,VONOCID-10,Vonoprazan Fumarate,Film-Coated Tablet,India,Foreign,WIN PHARMA LTD,WIN-PHARMA LIMITED,2023 October 17,2028 October 17
2144,H2022/CTD10751/22698,EPIMON-L TABLETS.,Montelukast and Levocetirizine Dihydrochloride,Film-Coated Tablet,India,Foreign,EPIONE PHARMACEUTICALS PVT. LTD.,PAN PHARMACEUTICALS LTD,2023 October 17,2028 October 17
2145,H2022/CTD10724/24167,RITRI 5,Tofacitinib Citrate,Film-Coated Tablet,India,Foreign,OMILIFE LIMITED,OMILIFE LIMITED,2023 October 17,2028 October 17
2146,H2022/CTD10089/22978,GLIFEMPA XR,Empagliflozin & Metformin Hydrochloride,Tablet,India,Foreign,GALAXY PHARMACEUTICAL LTD,GALAXY PHARMACEUTICAL LIMITED,2023 October 17,2028 October 17
2147,H2022/CTD10316/23358,VELMI-H PLUS,Telmisartan and Hydrochlorothiazide,Tablet,India,Foreign,EASTLEIGH PHARMACEUTICAL COMPANY LIMITED,EASTLEIGH PHARMACEUTUICAL LIMITED,2023 October 17,2028 October 17
2148,H2022/CTD10312/22747,ARGOLIN 0.5 MG TABLET,Cabergoline,Film-Coated Tablet,Bangladesh,Foreign,OPSONIN PHARMA LIMITED,RADIANCE PHARMACEUTICALS LTD,2023 October 17,2028 October 17
2149,H2022/CTD10309/22744,EMPADUS 10 MG TABLET,Empagliflozin,Film-Coated Tablet,Bangladesh,Foreign,OPSONIN PHARMA LIMITED,RADIANCE PHARMACEUTICALS LTD,2023 October 17,2028 October 17
2150,H2022/CTD10311/22750,MAVE SR 200 MG CAPSULE,Mebeverine Hydrochloride,Capsule,Bangladesh,Foreign,OPSONIN PHARMA LIMITED,RADIANCE PHARMACEUTICALS LTD,2023 October 17,2028 October 17
2151,H2022/CTD10647/21894,KAREDEXA,Dexamethasone Sodium Phosphate,Injection,India,Foreign,KAREMAX INDUSTRIAL LTD,INFINITE HEALTH LIMITED,2023 October 17,2028 October 17
2152,H2022/CTD10310/22746,EMPADUS 25MG TABLET,Empagliflozin,Film-Coated Tablet,Bangladesh,Foreign,OPSONIN PHARMA LIMITED,RADIANCE PHARMACEUTICALS LTD,2023 October 17,2028 October 17
2153,H2022/CTD9812/22588,"Varicella Vaccine, Live, Oka strain 0.5ml",Live Varicella-zoster virus ≥3.3Ig PFU,Injection,China,Foreign,"Changchun Keygen Biological Products Co.,Ltd",SINOPHARM EAST AFRICA LIMITED,2023 October 09,2028 October 09
2154,H2022/CTD9699/22008,CILNEB 10/2.5 TABLETS,Cilnidipine and Nebivolol Hydrochloride,Film-Coated Tablet,India,Foreign,INNOCIA LIFESCIENCES PVT. LTD,WESSEX PHARMACEUTICALS LTD,2023 November 23,2028 November 23
2155,H2022/CTD9944/21663,FUCANOL® 500,Flucloxacillin sodium BP,"Capsule, Hard",India,Foreign,BEKRA PHARMA UK LTD,LIFON PHARMA LIMITED,2023 November 23,2028 November 23
2156,H2022/CTD9943/21741,BEKRACINE® Powder for oral suspension,Cefixime trihydrate,Powder For Oral Suspension,India,Foreign,BEKRA PHARMA UK LTD,LIFON PHARMA LIMITED,2023 November 23,2028 November 23
2157,H2022/CTD9945/21565,FEMIFER SYRUP,Iron (III) Hydroxide Polymaltose and Folic Acid BP,Syrup,India,Foreign,BEKRA PHARMA UK LTD,LIFON PHARMA LIMITED,2023 November 23,2028 November 23
2158,H2022/CTD9948/21338,FUCANOL ORAL SUSPENSION,Flucloxacillin sodium,Powder For Oral Suspension,India,Foreign,BEKRA PHARMA UK LTD,LIFON PHARMA LIMITED,2023 November 23,2028 November 23
2159,H2022/CTD9949/21604,BEKRACINE - 200,Cefixime,Dispersible Tablet,India,Foreign,BEKRA PHARMA UK LTD,LIFON PHARMA LIMITED,2023 November 23,2028 November 23
2160,H2022/CTD9884/22096,CYTOCLAV 625,Amoxicillin and Clavulanate Potassium Tablets USP…,Film-Coated Tablet,India,Foreign,WIN-PHARMA,WIN-PHARMA LIMITED,2023 November 23,2028 November 23
2161,H2022/CTD7796/14923,Co-Depricap Capsule 3/25 mg,Olanzapine and Flouxetine as HCl,Capsule,Pakistan,Foreign,NABIQASIM INDUSTRIES (PVT.) LTD.,HARLEYS LTD-NAIROBI,2023 November 23,2028 November 23
2162,H2022/CTD9651/20874,TAPTAN 30 TABLETS,Tolvaptan,Tablet,India,Foreign,Innocia Lifesciences Pvt Ltd,WESSEX PHARMACEUTICALS LTD,2023 November 23,2028 November 23
2163,H2022/CTD9749/21697,Memcolin Syrup (Citicoline Syrup 500mg/5ml),Citicoline Sodium,Syrup,India,Foreign,Omnicals Pharma (Pvt.) Ltd.,REDDYS PHARMA LTD,2023 November 23,2028 November 23
2164,H2022/CTD9440/18851,VALPORAL – 200 CR,Sodium valproate133.5 mg + Valproic acid 58 mg,Tablet,India,Foreign,HIRAL LABS LIMITED.,ZAWADI HEALTHCARE LTD,2023 November 23,2028 November 23
2165,H2022/CTD9649/20868,TAPTAN 15 TABLETS,Tolvaptan,Tablet,India,Foreign,Innocia Lifesciences Pvt Ltd,WESSEX PHARMACEUTICALS LTD,2023 November 23,2028 November 23
2166,H2022/CTD9624/21903,PYLO-40,Amoxicillin Esomeprazole Clarithromycin,Tablet,India,Foreign,WIN PHARMA LTD,WIN-PHARMA LIMITED,2023 November 23,2028 November 23
2167,H2022/CTD9748/21722,Memcolin 500 (Citicoline Tablets 500mg),Citicoline Sodium,Tablet,India,Foreign,Omnicals Pharma (Pvt.) Ltd.,REDDYS PHARMA LTD,2023 November 23,2028 November 23
2168,H2022/CTD10456/21285,CLAVACE 625(  Amoxicillin & Clavulanate Potassium…,Amoxicillin Trihydrate USP and  Clavulanate…,Coated Tablet,India,Foreign,Cachet Pharmaceuticals Pvt. Ltd.,PHILLIPS THERAPEUTICS LIMITED,2023 November 23,2028 November 23
2169,H2022/CTD10457/21289,CLAVACE 1000(  Amoxicillin & Clavulanate…,Amoxicillin Trihydrate USP and  Clavulanate…,Coated Tablet,India,Foreign,Cachet Pharmaceuticals Pvt. Ltd.,PHILLIPS THERAPEUTICS LIMITED,2023 November 23,2028 November 23
2170,H2022/CTD8390/16473,RABOTIDE FAST,rabeprazole sodium USP,Tablet,India,Foreign,Inventia Healthcare Private Limited,SURGILINKS LTD,2023 November 22,2028 November 22
2171,H2022/CTD8736/18833,KAREMEGA 1 INJECTION,Benzylpenicillin Sodium,Powder For Solution For Injection,China,Foreign,KAREMAX INDUSTRIAL LTD,INFINITE HEALTH LIMITED,2023 November 22,2028 November 22
2172,H2022/CTD8511/15806,CYDINE INJECTION,Benzylpenicillin Sodium,Powder For Injection,China,Foreign,MEDCURE HEALTHCARE LTD,MEDCURE HEALTHCARE LTD,2023 November 22,2028 November 22
2173,H2022/CTD8367/16465,GACET-500 EFFERVESCENT TABLETS,Paracetamol BP,Effervescent Tablet,India,Foreign,GACET 500,THERALIFE PHARMA LTD,2023 November 22,2028 November 22
2174,H2022/CTD7575/14747,Etohope 90,Etoricoxib,Tablet,India,Foreign,Glenmark Pharmaceuticals Limited,GLENMARK PHARMACEUTICALS (K) LTD,2023 November 22,2028 November 22
2175,H2022/CTD7574/14746,Etohope 60,Etoricoxib,Tablet,India,Foreign,Glenmark Pharmaceuticals Limited,GLENMARK PHARMACEUTICALS (K) LTD,2023 November 22,2028 November 22
2176,H2022/CTD8252/17611,ESUPRONE,Esomeprazole Sodium,Powder For Injection,India,Foreign,ESUPRONE,THERALIFE PHARMA LTD,2023 November 22,2028 November 22
2177,H2022/CTD7576/14748,Etohope 120,Etoricoxib,Tablet,India,Foreign,Glenmark Pharmaceuticals Limited,GLENMARK PHARMACEUTICALS (K) LTD,2023 November 22,2028 November 22
2178,H2022/CTD8738/18836,KAREMEGA 4 INJECTION,Fortified Benzypenicillin Procaine,Powder For Solution For Injection,China,Foreign,KAREMAX INDUSTRIAL LTD,INFINITE HEALTH LIMITED,2023 November 22,2028 November 22
2179,H2022/CTD7288/14164,D-ARTEPP 60MG/480MG,Dihydroartemisinin and Piperaquine phosphate,Tablet,China,Foreign,GUILIN PHARMACEUTICALS CO. LIMITED,TRIDEM PHARMA KENYA LTD,2023 November 22,2028 November 22
2180,H2022/CTD7290/14169,D-ARTEPP Dispersible 30MG/240MG,Dihydroartemisinin and Piperaquine phosphate,Tablet,China,Foreign,GUILIN PHARMACEUTICALS CO. LIMITED,TRIDEM PHARMA KENYA LTD,2023 November 21,2028 November 21
2181,H2022/CTD10803/22171,Empiget-LT Tablets 10mg+5mg,Empagliflozin + Linagliptin,Film-Coated Tablet,Pakistan,Foreign,GETZ PHARMA (PRIVATE) LIMITED,HARLEYS LTD-NAIROBI,2023 November 21,2028 November 21
2182,H2022/CTD10800/21746,Mirberon ER 50mg Tablets,Mirabegron,Tablet,Pakistan,Foreign,GETZ PHARMA (PRIVATE) LIMITED,SKY HEALTHCARE LTD,2023 November 21,2028 November 21
2183,H2022/CTD10804/21750,Mirberon ER 25mg Tablets,Mirabegron,Tablet,Pakistan,Foreign,GETZ PHARMA (PRIVATE) LIMITED,SKY HEALTHCARE LTD,2023 November 21,2028 November 21
2184,H2022/CTD10805/22163,Empiget-LT Tablets 25mg+5mg,Empagliflozin + Linagliptin,Film-Coated Tablet,Pakistan,Foreign,GETZ PHARMA (PRIVATE) LIMITED,HARLEYS LTD-NAIROBI,2023 November 21,2028 November 21
2185,H2022/CTD10896/24350,IMEG 500MG TABLETS,Imeglimin Hydrochloride,Film-Coated Tablet,Kenya,Local,DAWA LIMITED,DAWA LTD,2023 November 21,2028 November 21
2186,H2022/CTD10288/21245,Vonapro 10mg Tablets,Vonoprazan,Film-Coated Tablet,Pakistan,Foreign,Getz Pharma (Pvt.) Limited,HARLEYS LTD-NAIROBI,2023 November 20,2028 November 20
2187,H2022/CTD10539/22842,OLOGIC,OLOPATADINE HYDROCHLORIDE  USP,"Eye Drops, Solution",India,Foreign,Aurolab,DAWA LTD,2023 November 20,2028 November 20
2188,H2022/CTD10035/12282,ETRACO CAPSULES,Itraconazole,Capsule,India,Foreign,Win- Pharma Limited,WIN-PHARMA LIMITED,2023 November 20,2028 November 20
2189,H2022/CTD10563/20372,Hydroxyurea 1000mg,Hydroxycarbamide,Film-Coated Tablet,Germany,Foreign,Sandoz GmbH Kundl,NVS KENYA LTD,2023 November 20,2028 November 20
2190,H2022/CTD10526/22503,"VERZEPAM (Diazepam Tablets BP, 5mg)",Diazepam BP,Tablet,India,Foreign,Verve Human Care Laboratories,GENERICS AFRICA LTD,2023 November 20,2028 November 20
2191,H2022/CTD10088/22832,ESOGLAX 40-D,Esomeprazole Magnesium Trihydrate & Domperidone,"Capsule, Hard",India,Foreign,GALAXY PHARMACEUTICAL LIMITED,GALAXY PHARMACEUTICAL LIMITED,2023 November 20,2028 November 20
2192,H2022/CTD10461/21775,CACHMONT-LC TABLETS,Levocetirizine Dihydrochloride USP and …,Tablet,India,Foreign,Cachet Pharmaceuticals Pvt. Ltd.,PHILLIPS THERAPEUTICS LIMITED,2023 November 20,2028 November 20
2193,H2022/CTD10460/21711,CACHMONT-LC Syrup,Levocetirizine Dihydrochloride  and  Montelukast…,Syrup,India,Foreign,Cachet Pharmaceuticals Pvt. Ltd.,PHILLIPS THERAPEUTICS LIMITED,2023 November 20,2028 November 20
2194,H2022/CTD10071/21658,MESAMIN OD 800MG,Mesalamine,Prolonged-Release Tablet,India,Foreign,CLINIGEN KENYA (PLC) LTD,NILA PHARMACEUTICALS LTD- BABA DOGO,2023 November 20,2028 November 20
2195,H2022/CTD10289/21242,Vonapro 20mg Tablets,Vonoprazan,Film-Coated Tablet,Pakistan,Foreign,Getz Pharma (Pvt.) Limited,HARLEYS LTD-NAIROBI,2023 November 20,2028 November 20
2196,H2022/CTD10273/23018,GLYSIT MET 5:1000MG FILM COATED TABLETS,DAPAGLIFLOZIN PROPANEDIOL MONOHYDRATE AND…,Film-Coated Tablet,Kenya,Local,COSMOS LIMITED,COSMOS LIMITED,2023 November 01,2028 November 01
2197,H2022/CTD10434/23905,VORIZEST (VORICONAZOLE TABLETS 200 MG),VORICONAZOLE BP,Film-Coated Tablet,India,Foreign,UNISEL PHARMA (K) LTD,HARLEYS LTD-NAIROBI,2023 November 01,2028 November 01
2198,H2022/CTD10275/22843,GLYSIT PLUS 10:100MG FILM COATED TABLETS,Dapagliflozin and Sitagliptin,Film-Coated Tablet,Kenya,Local,COSMOS LIMITED,COSMOS LIMITED,2023 November 01,2028 November 01
2199,H2022/CTD10276/23015,GLYSIT MET 5:500MG FILM COATED TABLETS,DAPAGLIFLOZIN PROPANEDIOL MONOHYDRATE AND…,Film-Coated Tablet,Kenya,Local,COSMOS LIMITED,COSMOS LIMITED,2023 November 01,2028 November 01
2200,H2022/CTD10281/22791,VELMI-H,Telmisartan and Hydrochlorothiazide,Tablet,India,Foreign,Eastleigh Pharmaceuticals Co. Ltd,EASTLEIGH PHARMACEUTUICAL LIMITED,2023 November 01,2028 November 01
2201,H2022/CTD10436/23908,BILASTEN (BILASTINE TABLETS 20 MG),BILASTINE IHS,Tablet,India,Foreign,UNISEL PHARMA (K) LTD,HARLEYS LTD-NAIROBI,2023 November 01,2028 November 01
2202,H2022/CTD10578/23497,Clarimark,Clarithromycin USP...................…..500 mg.,Tablet,India,Foreign,Den Mark Pharmaceutical Pvt Ltd,PRUNUS PHARMA LIMITED,2023 November 01,2028 November 01
2203,H2022/CTD10579/22879,OMEPRADEN,Omeprazole USP,"Capsule, Hard",India,Foreign,Den Mark Pharmaceutical Pvt Ltd,PRUNUS PHARMA LIMITED,2023 November 01,2028 November 01
2204,H2022/CTD10582/22929,Denegra 100,Sildenafil citrate USP,Coated Tablet,India,Foreign,Den Mark Pharmaceutical Pvt Ltd,PRUNUS PHARMA LIMITED,2023 November 01,2028 November 01
2205,H2022/CTD6838/12983,Es-pramcit tablets 20mg,Escitalopram as Oxalate,Tablet,Pakistan,Foreign,Nabiqasim Industries (Pvt) Ltd,HARLEYS LTD-NAIROBI,2023 November 01,2028 November 01
2206,H2022/CTD10095/22161,NORDEN,NOREPINEPHRINE BITARTRATE,Injection,India,Foreign,Farbe Firma PVT. LTD.,NESHER PHARMA LIMITED,2023 May 22,2028 May 22
2207,H2022/CTD10285/22855,Argesun 180mg,Artesunate,Powder And Solution For Solution For Injectio,China,Foreign,Shanghai Fosun Pharmaceutical Industrial…,TRIDEM PHARMA KENYA LTD,2023 May 04,2028 May 04
2208,H2022/CTD10112/20033,Glumac 80/480 tablets,Artemether and Lumefantrine,Tablet,China,Foreign,"Shaghai Fosun Pharmaceutical Development Co.,Ltd",TRIDEM PHARMA KENYA LTD,2023 May 04,2028 May 04
2209,H2022/CTD10133/20022,Glumac 20/120 tablets,Artemether  and Lumefantrine,Tablet,China,Foreign,"Shanghai Fosun Pharmaceutical Development Co,.Ltd",TRIDEM PHARMA KENYA LTD,2023 May 04,2028 May 04
2210,H2022/CTD9370/17754,CAZITHRO SUSPENSION,Azithromycin Oral Suspension,Oral Suspension,India,Foreign,CACHET PHARMACEUTICALS PVT. LTD,PHILLIPS THERAPEUTICS LIMITED,2023 May 04,2028 May 04
2211,H2022/CTD9885/21983,CYTOCLAV DT 228.5,Dispersible Co-Amoxiclav tablets BP 228.5 mg,Dispersible Tablet,India,Foreign,WIN-PHARMA,WIN-PHARMA LIMITED,2023 May 04,2028 May 04
2212,H2022/CTD9883/22056,CYTOCLAV 457,Amoxicillin Clavulanic Acid,Powder For Oral Suspension,India,Foreign,WIN-PHARMA,WIN-PHARMA LIMITED,2023 May 04,2028 May 04
2213,H2022/CTD9254/20074,Probion 25,Pregabalin BP,"Capsule, Hard",India,Foreign,Cachet Pharmaceuticals Pvt. Ltd.,PHILLIPS THERAPEUTICS LIMITED,2023 May 04,2028 May 04
2214,H2022/CTD9882/21985,CYTOCLAV DT 457,Dispersible Co-Amoxiclav tablets BP 457 mg,Dispersible Tablet,India,Foreign,WIN-PHARMA,WIN-PHARMA LIMITED,2023 May 04,2028 May 04
2215,H2022/CTD9311/18533,KEPPRA ORAL SOLUTION,Levetiracetam,Oral Solution,France,Foreign,GlaxoSmithKline Pharmaceutical Kenya Limited,LABOREX KENYA LTD-MOMBASA ROAD,2023 May 04,2028 May 04
2216,H2022/CTD9633/21375,ETO-WELL MR 60 TABLETS,"Etoricoxib, Paracetamol & Thiocolchicoside",Film-Coated Tablet,India,Foreign,Innocia Lifesciences Pvt Ltd,WESSEX PHARMACEUTICALS LTD,2023 May 04,2028 May 04
2217,H2022/CTD9405/19883,Argesun 120mg,Artesunate,Powder And Solvent For Solution For Injection,China,Foreign,"Shanghai Fosun Pharmaceutical Development Co., Ltd",TRIDEM PHARMA KENYA LTD,2023 May 04,2028 May 04
2218,H2022/CTD9451/19797,Poxicam gel,Piroxicam USP,Gel,Pakistan,Foreign,Bio-Labs (Pvt.) Ltd.,PHARMWEB CHEMIST LTD-KITALE,2023 May 04,2028 May 04
2219,H2022/CTD9760/20429,Trimet M 50/500mg Tablets,Sitagliptin and Metformin HCl,Film-Coated Tablet,Pakistan,Foreign,ALFAJIRI PHARMACEUTICALS LTD,ALFAJIRI PHARMACEUTICALS LTD,2023 May 04,2028 May 04
2220,H2022/CTD9444/19804,Cachmax - 400,Cefixime USP,Film-Coated Tablet,India,Foreign,Cachet Pharmaceuticals Pvt. Ltd.,PHILLIPS THERAPEUTICS LIMITED,2023 May 04,2028 May 04
2221,H2022/CTD9761/20430,Trimet M 50/1000mg,Sitagliptin and Metformin HCl,Film-Coated Tablet,Pakistan,Foreign,ALFAJIRI PHARMACEUTICALS LTD,ALFAJIRI PHARMACEUTICALS LTD,2023 May 04,2028 May 04
2222,H2022/CTD9845/22398,Advaxaban Tablet 2.5mg,Apixaban,Tablet,Pakistan,Foreign,MARTIN DOW MARKER LIMITED,SKY HEALTHCARE LTD,2023 May 04,2028 May 04
2223,H2022/CTD9844/22400,Advaxaban Tablet 5mg,Apixaban,Tablet,Pakistan,Foreign,MARTIN DOW MARKER LIMITED,SKY HEALTHCARE LTD,2023 May 04,2028 May 04
2224,H2022/CTD9762/20486,Monokast Tablets 10mg,Montelukast Sodium,Film-Coated Tablet,Pakistan,Foreign,Global Napi Pharmaceuticals,ALFAJIRI PHARMACEUTICALS LTD,2023 May 04,2028 May 04
2225,H2022/CTD9403/19866,Argesun 30mg,Artesunate,Powder And Solvent For Solution For Injection,China,Foreign,"Shanghai Fosun Pharmaceutical Development Co., Ltd",TRIDEM PHARMA KENYA LTD,2023 May 04,2028 May 04
2226,H2022/CTD9404/19878,Argesun 60mg,Artesunate,Powder And Solvent For Solution For Injection,China,Foreign,"Shanghai Fosun  Pharmaceutical Development Co.,…",TRIDEM PHARMA KENYA LTD,2023 May 04,2028 May 04
2227,H2022/CTD9174/18753,RABELEVO CAPSULES,Rabeprazole Sodium and Levosulpiride,Capsule,India,Foreign,NEDAH PHARMA LIMITED,NEDAH PHARMA LIMITED,2023 May 03,2028 May 03
2228,H2022/CTD9078/19818,CAZITHRO 500,Azithromycin Dihydrate USP,Film-Coated Tablet,India,Foreign,Cachet Pharmaceuticals Pvt. Ltd.,PHILLIPS THERAPEUTICS LIMITED,2023 May 03,2028 May 03
2229,H2022/CTD8991/20108,"Varicella Vaccine, Live",Live attenuated varicella-herpes zoster virus…,Lyophilized Vaccine,China,Foreign,"Sinovac (Dalian) Vaccine Technology Co, Ltd",SAI PHARMACEUTICALS LTD,2023 May 03,2028 May 03
2230,H2022/CTD9094/18648,Empiget-M 12.5/500mg tablets,Empagliflozin + Metformin HCl,Film-Coated Tablet,Pakistan,Foreign,Getz Pharma (Pvt.) Limited,HARLEYS LTD-NAIROBI,2023 May 03,2028 May 03
2231,H2022/CTD9252/19821,PROBION 75,Pregabalin BP,"Capsule, Hard",India,Foreign,Cachet Pharmaceuticals Pvt. Ltd.,PHILLIPS THERAPEUTICS LIMITED,2023 May 03,2028 May 03
2232,H2022/CTD9204/19798,CACHMAX - DS,Cefixime USP,Powder For Oral Solution,India,Foreign,Cachet Pharmaceuticals Pvt. Ltd.,PHILLIPS THERAPEUTICS LIMITED,2023 May 03,2028 May 03
2233,H2022/CTD7662/14844,AUROFORT,Prednisolone Acetate Ophthalmic suspension USP…,Eye Drops,India,Foreign,Aurolab,DAWA LTD,2023 May 03,2028 May 03
2234,H2022/CTD7073/13507,Depricap Liquid,Flouxetine as HCl,Oral Solution,Pakistan,Foreign,NABIQASIM INDUSTRIES (PVT.) LTD.,HARLEYS LTD-NAIROBI,2023 March 28,2028 March 28
2235,H2022/CTD9173/18755,CELEB TABLETS,Betamethasone and Dexchlorpheniramine,Tablet,India,Foreign,NEDAH PHARMA LIMITED,NEDAH PHARMA LIMITED,2023 March 28,2028 March 28
2236,H2022/CTD9776/21543,Dolutegravir Tablets 50 mg,Dolutegravir (as sodium),Tablet,China,Foreign,Shanghai Desano Bio-Pharmaceutical Co. Ltd,SAI PHARMACEUTICALS LTD,2023 March 28,2028 March 28
2237,H2022/CTD9552/21740,Cipladon plus Tablets,"Paracetamol, Doxylamine Succinate, Caffeine and…",Tablet,Uganda,Foreign,Cipla Limited,IMPERIAL MANAGED SOLUTIONS EAST AFRICA LTD-…,2023 March 28,2028 March 28
2238,H2022/CTD8955/19888,Nidamet 200 Mg,Metronidazole,Tablet,Kenya,Local,Viva Healthcare Ltd,VIVA HEALTHCARE LIMITED,2023 March 28,2028 March 28
2239,H2022/CTD8956/19889,Nidamet 400 Mg,Metronidazole,Tablet,Kenya,Local,Viva Healthcare Ltd,VIVA HEALTHCARE LIMITED,2023 March 28,2028 March 28
2240,H2022/CTD8522/16925,OXITAN Injection Concentrate,Oxaliplatin,Concentrate For Solution For Infusion,India,Foreign,Fresenius Kabi South Africa (Pty) Limited,NAIROBI ENTERPRISES LTD,2023 March 28,2028 March 28
2241,H2022/CTD9877/21920,Dowtor Tablets 10mg + 160mg,Amlodipine and Valsartan,Tablet,Pakistan,Foreign,MARTIND DOW LIMITED,SKY HEALTHCARE LTD,2023 March 28,2028 March 28
2242,H2022/CTD9801/21998,Sabsar Tablet 97mg + 103mg,Sacubitril 97mg + Valsartan 103mg,Coated Tablet,Pakistan,Foreign,MARTIN DOW LIMITED,SKY HEALTHCARE LTD,2023 March 28,2028 March 28
2243,H2022/CTD9876/21922,Dowtor Tablets 5mg + 160mg,Amlodipine and Valsartan,Tablet,Pakistan,Foreign,MARTIN DOW LIMITED,SKY HEALTHCARE LTD,2023 March 28,2028 March 28
2244,H2022/CTD9202/16128,Atazanavir Sulfate and Ritonavir Tablets 300mg…,Atazanavir Sulfate and Ritonavir Tablets 300mg…,Tablet,India,Foreign,Lupin Limited,NAIROBI ENTERPRISES LTD,2023 March 28,2028 March 28
2245,H2022/CTD9875/21921,Dowtor Tablets 5mg + 80mg,Amlodipine and Valsartan,Tablet,Pakistan,Foreign,MARTIN DOW LIMITED,SKY HEALTHCARE LTD,2023 March 28,2028 March 28
2246,H2022/CTD9803/21999,Sabsar Tablet 49mg + 51mg,Sacubitril 49mg + Valsartan 51mg,Coated Tablet,Pakistan,Foreign,MARTIN DOW LIMITED,SKY HEALTHCARE LTD,2023 March 28,2028 March 28
2247,H2022/CTD9037/18917,KAREMOX 250MG CAPSULES,Amoxicillin Trihydrate,Capsule,China,Foreign,KAREMAX INDUSTRIAL LTD,INFINITE HEALTH LIMITED,2023 March 28,2028 March 28
2248,H2022/CTD7187/14097,ANOMEX PLUS,Hydrocortisone Acetate BP & Lidocaine USP,Suppository,India,Foreign,ANOMEX PLUS,THERALIFE PHARMA LTD,2023 March 28,2028 March 28
2249,H2022/CTD7537/14677,MIDAVER,Midazolam BP,Solution For Injection,India,Foreign,Verve Human Care Laboratories,GENERICS AFRICA LTD,2023 March 28,2028 March 28
2250,H2022/CTD9840/21868,Duvel Plus Tablet 50 + 500mg,"Sitagliptin, Metformin",Coated Tablet,Pakistan,Foreign,MARTIN DOW LIMITED,SKY HEALTHCARE LTD,2023 March 28,2028 March 28
2251,H2022/CTD9841/21867,Duvel Plus Tablet 50 + 1000mg,"Sitagliptin, Metformin",Coated Tablet,Pakistan,Foreign,MARTIN DOW LIMITED,SKY HEALTHCARE LTD,2023 March 28,2028 March 28
2252,H2022/CTD9700/22000,NEBIVAS- 2.5 TABLETS,Nebivolol Hydrochloride,Tablet,India,Foreign,INNOCIA LIFESCIENCES PVT. LTD.,WESSEX PHARMACEUTICALS LTD,2023 March 28,2028 March 28
2253,H2022/CTD9640/21448,ZULU-200 SR TABLETS,Acelofenac,Film-Coated Tablet,India,Foreign,Innocia Lifesciences Pvt Ltd,WESSEX PHARMACEUTICALS LTD,2023 March 28,2028 March 28
2254,H2022/CTD9636/21457,ZULU-ES TABLETS,"Aceclofenac, Paracetamol & Esomeprazole Magnesium…",Film-Coated Tablet,India,Foreign,Innocia Lifesciences Pvt Ltd,WESSEX PHARMACEUTICALS LTD,2023 March 28,2028 March 28
2255,H2022/CTD9635/21446,ZULU-100 TABLETS,Acelofenac,Film-Coated Tablet,India,Foreign,Innocia Lifesciences Pvt Ltd,WESSEX PHARMACEUTICALS LTD,2023 March 28,2028 March 28
2256,H2022/CTD8271/17993,Abacavir (As Sulfate) and Lamivudine Dispersible…,Abacavir sulfate USP Lamivudine USP,Dispersible Tablet,India,Foreign,Cipla Limited,PHILLIPS HEALTHCARE SERVICES LTD,2023 March 28,2028 March 28
2257,H2022/CTD9203/16137,Emtricitabine and Tenofovir Disoproxil Fumarate…,Emtricitabine and Tenofovir Disoproxil Fumarate…,Tablet,India,Foreign,Lupin Limited,NAIROBI ENTERPRISES LTD,2023 March 28,2028 March 28
2258,H2022/CTD9695/21964,ROSTAT-40 TABLETS,Rosuvastatin Calcium,Film-Coated Tablet,India,Foreign,Innocia Lifesciences Private Ltd,WESSEX PHARMACEUTICALS LTD,2023 March 28,2028 March 28
2259,H2022/CTD6746/13097,PHILCOLIN DM,"DEXTROMETHORPHAN HYDROBROMIDE BP,  PHENYLEPHRINE…",Suspension And Effervescent Granules For Oral,Kenya,Local,COMET HEALTHCARE LIMITED,PHILMED LIMITED-SPINE ROAD,2023 March 28,2028 March 28
2260,H2022/CTD8494/15055,CLAMOXIN 1200 INJECTION,Co-Amoxiclav For Injection BP 1.2 gm,Powder For Injection,India,Foreign,CLAMOXIN 1200 INJECTION,THERALIFE PHARMA LTD,2023 March 28,2028 March 28
2261,H2022/CTD9696/22016,ROSTAT EZ 20MG TABLETS,Rosuvastatin Calcium & Ezetimibe,Film-Coated Tablet,India,Foreign,INNOCIA LIFESCIENCES PVT. LTD,WESSEX PHARMACEUTICALS LTD,2023 March 28,2028 March 28
2262,H2022/CTD10120/20607,SACUVAN 97mg/103mg,Sacubitril Valsartan sodium on colloidal silicon…,Film-Coated Tablet,India,Foreign,HETERO LABS LIMITED,UNISEL LTD,2023 March 28,2028 March 28
2263,H2022/CTD10019/21196,Zivek 400,Imatinib (as mesylate),Film-Coated Tablet,Iran,Foreign,Zistdaru Danesh Co.,INSPIRE PHARMACEUTICALS LTD,2023 March 28,2028 March 28
2264,H2022/CTD8747/18060,"Measles and Rubella Vaccine (Live), (Attenuated,…","Measles and Rubella Vaccine (Live), (Attenuated,…",Powder For Solution For Injection,India,Foreign,BIOLOGICAL E. LIMITED,GALAXY PHARMACEUTICAL LIMITED,2023 March 27,2028 March 27
2265,H2022/CTD9339/21230,DYSMIN SYRUP,Each 5.0ml contains: Hyoscine Butylbromide BP 5.0…,Syrup,Kenya,Local,PRO MED PHARMACEUTICALS LTD,PRO MED PHARMACEUTICALS  LTD,2023 March 15,2028 March 15
2266,H2022/CTD9408/21329,FAST KIT,"AZITHROMYCIN (AS DIHYDRATE) 1000MG, FLUCONAZOLE…",Tablet,Kenya,Local,NATIONAL PHARMACY LTD,NATIONAL PHARMACY LTD,2023 March 14,2028 March 14
2267,H2022/CTD9484/21792,ZYCLAVE 457 SUSPENSION,Amoxicillin Trihydrate BP & Diluted Potassium…,Powder For Oral Suspension,India,Foreign,NATIONAL PHARMACY LTD,NATIONAL PHARMACY LTD,2023 March 14,2028 March 14
2268,H2022/CTD9411/20343,SKINABIN CREAM,TERBINAFINE HYDROCHLORIDE,Cream,Kenya,Local,PRO MED PHARMACEUTICALS LTD,PRO MED PHARMACEUTICALS  LTD,2023 March 14,2028 March 14
2269,H2022/CTD9512/21667,DYSMIN INJECTION,Hyoscine Butylbromide Injection BP 20mg/ml,Injection,India,Foreign,PRO MED PHARMACEUTICALS LTD,PRO MED PHARMACEUTICALS  LTD,2023 March 14,2028 March 14
2270,H2022/CTD9554/21875,PIPCEL 4.5 INJECTION,Piperacillin & Tazobactam for Injection USP,Injection,India,Foreign,NATIONAL PHARMACY LTD,NATIONAL PHARMACY LTD,2023 March 14,2028 March 14
2271,H2022/CTD9797/21944,Roswin Tablets 20mg,Rosuvastatin calcium,Coated Tablet,Pakistan,Foreign,MARTIN DOW LIMITED,SKY HEALTHCARE LTD,2023 March 13,2028 March 13
2272,H2022/CTD9278/17043,ZYTEL 80,Telmisartan BP,Tablet,India,Foreign,M/S Cadila Healthcare Limited,ZYDUS LIFESCIENCES LIMITED,2023 March 13,2028 March 13
2273,H2022/CTD9605/21755,Empator 10mg Tablet,Empagliflozin 10mg,Tablet,Pakistan,Foreign,MARTIN DOW LIMITED,SKY HEALTHCARE LTD,2023 March 13,2028 March 13
2274,H2022/CTD9606/21744,Spiridow DPI Capsule 18mcg,Tiotropium as Bromide Monohydrate 18mcg,"Inhalation Powder, Hard Capsule",Australia,Foreign,MARTIN DOW LIMITED,SKY HEALTHCARE LTD,2023 March 13,2028 March 13
2275,H2022/CTD9780/20658,Isoniazid Dispersible Tablets 100 mg,Isoniazid BP,Dispersible Tablet,India,Foreign,Macleods Pharmaceuticals Limited,SAI PHARMACEUTICALS LTD,2023 March 13,2028 March 13
2276,H2022/CTD9611/21828,Symbidow DPI Capsule 400mcg + 12mcg,Budesonide and Formoterol fumarate dihydrate,"Inhalation Powder, Hard Capsule",Pakistan,Foreign,MARTIN DOW LIMITED,SKY HEALTHCARE LTD,2023 March 13,2028 March 13
2277,H2022/CTD9618/17045,Linezolid Tablets 600mg,Linezolid,Film-Coated Tablet,India,Foreign,LUPIN LTD,NAIROBI ENTERPRISES LTD,2023 March 13,2028 March 13
2278,H2022/CTD9497/18550,VINGLYN,Vildagliptin,Tablet,India,Foreign,Cadila Healthcare Ltd.,ZYDUS LIFESCIENCES LIMITED,2023 March 13,2028 March 13
2279,H2022/CTD9830/22265,SANIX - DS 100,Cefixime Trihydrate,Powder For Oral Suspension,India,Foreign,Sance Laboratories Pvt. Ltd.,STATIM PHARMACEUTICALS LTD,2023 March 13,2028 March 13
2280,H2022/CTD9829/22483,SANFUR – DS 125,Cefuroxime axetil,Powder For Oral Suspension,India,Foreign,Sance Laboratories Private Limited,STATIM PHARMACEUTICALS LTD,2023 March 13,2028 March 13
2281,H2022/CTD9827/22479,SANAXONE - 1000,Ceftriaxone sodium,Powder For Injection,India,Foreign,Sance Laboratories Private Limited,STATIM PHARMACEUTICALS LTD,2023 March 13,2028 March 13
2282,H2022/CTD9998/22411,APIZABAN,APIXABAN TABLETS 2.5 MG,Coated Tablet,India,Foreign,AVETINA LIFE SCIENCES LTD,AVETINA LIFE SCIENCIES LIMITED,2023 March 13,2028 March 13
2283,H2022/CTD9826/22480,SANCEPH - 500 CAP,Cephalexin Monohydrate,Hard Gelatin Capsules,India,Foreign,Sance Laboratories Private Limited,STATIM PHARMACEUTICALS LTD,2023 March 13,2028 March 13
2284,H2022/CTD9825/22481,SANCEPH - DS 125,Cephalexin Monohydrate,Powder For Oral Suspension,India,Foreign,Sance Laboratories Private Limited,STATIM PHARMACEUTICALS LTD,2023 March 13,2028 March 13
2285,H2022/CTD9824/22482,SANFUR-500,Cefuroxime axetil,Film-Coated Tablet,India,Foreign,Sance Laboratories Private Limited,STATIM PHARMACEUTICALS LTD,2023 March 13,2028 March 13
2286,H2022/CTD9823/22349,SANIX – 400 CAP,Cefixime Trihydrate,Hard Gelatin Capsules,India,Foreign,Sance Laboratories Private Limited,STATIM PHARMACEUTICALS LTD,2023 March 13,2028 March 13
2287,H2022/CTD9822/20085,Zarzio 30 MU/0.5 ml,Filgrastim,Solution For Infusion In Pre-Filled Syringe,Austria,Foreign,Sandoz Pharmaceuticals d.d. Verovskova Ulica 57,LABOREX KENYA LTD-MOMBASA ROAD,2023 March 13,2028 March 13
2288,H2022/CTD9821/20087,Zarzio 48 MU/0.5 ml,Filgrastim,Solution For Infusion In Pre-Filled Syringe,Austria,Foreign,Sandoz Pharmaceuticals d.d. Verovskova Ulica 57,LABOREX KENYA LTD-MOMBASA ROAD,2023 March 13,2028 March 13
2289,H2022/CTD9798/21946,Roswin Tablets 5mg,Rosuvastatin calcium,Coated Tablet,Pakistan,Foreign,MARTIN DOW LIMITED,SKY HEALTHCARE LTD,2023 March 13,2028 March 13
2290,H2022/CTD9619/17825,Isoniazid Tablets BP 100 mg,Isoniazid,Tablet,India,Foreign,LUPIN LTD,NAIROBI ENTERPRISES LTD,2023 March 13,2028 March 13
2291,H2022/CTD9999/22449,APIZABAN 5,APIXABAN TABLETS 5 MG,Film-Coated Tablet,India,Foreign,AVETINA LIFE SCIENCES LTD,AVETINA LIFE SCIENCIES LIMITED,2023 March 13,2028 March 13
2292,H2022/CTD9277/17042,ZYTEL 40,Telmisartan BP,Tablet,India,Foreign,M/S Cadila Healthcare Limited,ZYDUS LIFESCIENCES LIMITED,2023 March 13,2028 March 13
2293,H2022/CTD9898/22355,Cefi-Q Oral Suspension 200mg/5ml,Cefixime,Oral Solution,Pakistan,Foreign,Q PHARMA DMCC,ZUVAN LIMITED,2023 March 10,2028 March 10
2294,H2022/CTD9846/21963,Synflex Tablet 550mg,Naproxen Sodium,Coated Tablet,Pakistan,Foreign,MARTIN DOW LIMITED,SKY HEALTHCARE LTD,2023 March 10,2028 March 10
2295,H2022/CTD9902/22352,Leve-Q Oral Solution 100mg/ml,Levetiracetam,Oral Solution,Pakistan,Foreign,Q PHARMA DMCC,CINTANA HEALTHCARE SERVICES LTD,2023 March 10,2028 March 10
2296,H2022/CTD9899/22357,Cefi-Q 400mg Capsules,Cefixime,Capsule,Pakistan,Foreign,Q PHARMA DMCC,ZUVAN LIMITED,2023 March 10,2028 March 10
2297,H2022/CTD9604/21759,Symbidow DPI Capsule 200mcg + 6mcg,Budesonide and Formoterol fumarate dihydrate,"Inhalation Powder, Hard Capsule",Pakistan,Foreign,MARTIN DOW LTD,SKY HEALTHCARE LTD,2023 March 10,2028 March 10
2298,H2022/CTD9897/22354,Cefi-Q Oral Suspension 100mg/5ml,Cefixime,Oral Suspension,Qatar,Foreign,Q PHARMA DMCC,ZUVAN LIMITED,2023 March 10,2028 March 10
2299,H2022/CTD9900/22358,Cefi-Q 200mg Capsules,Cefixime,Capsule,Pakistan,Foreign,Q PHARMA DMCC,ZUVAN LIMITED,2023 March 10,2028 March 10
2300,H2022/CTD9608/21791,Empator 25mg Tablet,Empagliflozin 25mg,Coated Tablet,Pakistan,Foreign,MARTIN DOW LIMITED,SKY HEALTHCARE LTD,2023 March 10,2028 March 10
2301,H2022/CTD9800/21945,Roswin Tablets 10mg,Rosuvastain calcium,Coated Tablet,Pakistan,Foreign,MARTIN DOW LIMITED,SKY HEALTHCARE LTD,2023 March 10,2028 March 10
2302,H2022/CTD9901/22353,Leve-Q Injection 500mg/5ml,Levetiracetam,Solution For Injection,Pakistan,Foreign,Q PHARMA DMCC,CINTANA HEALTHCARE SERVICES LTD,2023 March 10,2028 March 10
2303,H2022/CTD10163/20604,SACUVAN 49/51,Sacubitril Valsartan sodium on colloidal silicon…,Film-Coated Tablet,India,Foreign,HETERO LABS LIMITED,UNISEL LTD,2023 June 26,2028 June 26
2304,H2022/CTD10570/23929,NS(Sodium chloride) 0.9% w/v,0.9%sodium chloride,Solution For Infusion,Tanzania,Foreign,KAIRUKI PHARMACEUTICALS INDUSTRY LTD,BIOPHARMA LTD,2023 June 26,2028 June 26
2305,H2022/CTD10270/22254,Docexan 80mg Injection,Docetaxil 80mg injection,Injection,Bangladesh,Foreign,Beacon Medicare Limited,GENERICS AFRICA LTD,2023 June 26,2028 June 26
2306,H2022/CTD10272/22308,Topoxin 100mg Injection,Etoposide USP 100mg,Injection,Bangladesh,Foreign,Beacon Medicare Limited,GENERICS AFRICA LTD,2023 June 26,2028 June 26
2307,H2022/CTD10269/22253,Docexan 20mg Injection,Docetaxil 20mg injection,Injection,Bangladesh,Foreign,Beacon Medicare Limited,GENERICS AFRICA LTD,2023 June 26,2028 June 26
2308,H2022/CTD10268/22260,Xelpac 300mg Injection,Paclitaxel USP 300mg,Injection,Bangladesh,Foreign,Beacon Medicare Limited,GENERICS AFRICA LTD,2023 June 26,2028 June 26
2309,H2022/CTD10265/20941,Carboplat 450mg Injection,Carboplatin BP 450mg,Injection,Bangladesh,Foreign,Beacon Medicare Limited,GENERICS AFRICA LTD,2023 June 26,2028 June 26
2310,H2022/CTD10224/22983,Bizoran 5/40 Tablet,Amlodipine Besilate + Olmesartan Medoxomil,Film-Coated Tablet,Bangladesh,Foreign,Beximco Pharmaceuticals Limited,MADAWA PHARMACEUTICALS LTD,2023 June 26,2028 June 26
2311,H2022/CTD10223/22982,Bizoran 5/20 Tablet,Amlodipine Besilate + Olmesartan Medoxomil,Film-Coated Tablet,Bangladesh,Foreign,Beximco Pharmaceuticals Limited,MADAWA PHARMACEUTICALS LTD,2023 June 26,2028 June 26
2312,H2022/CTD10147/22718,Jardimet 5/500 Tablet,Empagliflozin + Metformin Hydrochloride,Film-Coated Tablet,Bangladesh,Foreign,Beximco Pharmaceuticals Limited,MADAWA PHARMACEUTICALS LTD,2023 June 23,2028 June 23
2313,H2022/CTD10145/21654,Bexitrol-F 50/500 Maxhaler,Salmeterol Xinafoate + Fluticasone Propionate,Inhalation Powder,Bangladesh,Foreign,Beximco Pharmaceuticals Limited,MADAWA PHARMACEUTICALS LTD,2023 June 23,2028 June 23
2314,H2022/CTD10146/21653,Bexitrol-F 50/250 Maxhaler,Salmeterol Xinafoate + Fluticasone Propionate,Inhalation Powder,Bangladesh,Foreign,Beximco Pharmaceuticals Limited,MADAWA PHARMACEUTICALS LTD,2023 June 23,2028 June 23
2315,H2022/CTD10144/21595,Onriva Plus Bexicap,Glycopyrrolate Inhalation Grade & Indacaterol…,"Inhalation Powder, Hard Capsule",Bangladesh,Foreign,Beximco Pharmaceuticals Limited,MADAWA PHARMACEUTICALS LTD,2023 June 22,2028 June 22
2316,H2022/CTD10031/20048,XENOZ TABLETS,Esomeprazole Magnesium Trihydrate BP Naproxene…,Tablet,India,Foreign,TIBA HEALTHCARE LIMITED,TIBA HEALTHCARE LIMITED,2023 June 22,2028 June 22
2317,H2022/CTD9745/20572,Nab-Xelpac Injection (Lyophilized powder),Nano Particle Albumin-bound Paclitaxel USB,Injection,Bangladesh,Foreign,Beacon Medicare Limited,GENERICS AFRICA LTD,2023 June 22,2028 June 22
2318,H2022/CTD9808/21843,Distem tablets,Methocarbamol/Paracetamol,Tablet,Spain,Foreign,"FAES FARMA, S.A.",PHILLIPS THERAPEUTICS LIMITED,2023 June 22,2028 June 22
2319,H2022/CTD9067/18130,CONTUS Paediatric Drops,Chlorphenamine Maleate & Phenylephrine…,Oral Drops,India,Foreign,STEDMAN PHARMACEUTICALS PVT.LTD,SIMBA PHARMACEUTICALS LTD,2023 June 22,2028 June 22
2320,H2022/CTD9646/21436,ONDEM (Ondansetron Oral Solution USP 2mg/5ml),Ondansetron Hydrochloride USP,Oral Solution,India,Foreign,Alkem Laboratories Ltd,PHARMACOR LTD,2023 June 22,2028 June 22
2321,H2022/CTD9389/20300,XONE SB 1500,Sulbactam Sodium USP and Ceftriaxone Sodium USP,Powder For Injection,India,Foreign,Alkem Laboratories Limited,PHARMACOR LTD,2023 June 22,2028 June 22
2322,H2022/CTD9802/22147,Wintogeno Balm,Methyl Salicylate,Cream,Pakistan,Foreign,MARTIN DOW MARKER LIMITED,SKY HEALTHCARE LTD,2023 June 22,2028 June 22
2323,H2022/CTD9302/20844,"Dolutegravir, Emtricitabine and Tenofovir…","Dolutegravir, Emtricitabine and Tenofovir…",Film-Coated Tablet,India,Foreign,HETERO LABS LIMITED,UNISEL LTD,2023 June 22,2028 June 22
2324,H2022/CTD9759/20428,Rovast 10mg Tablets,Rosuvastatin Calcium,Tablet,Pakistan,Foreign,ALFAJIRI PHARMACEUTICALS LTD,ALFAJIRI PHARMACEUTICALS LTD,2023 June 22,2028 June 22
2325,H2022/CTD9758/20427,ECOGAB 75 CAPSULE,Pregabalin,Capsule,Pakistan,Foreign,ALFAJIRI PHARMACEUTICALS LTD,ALFAJIRI PHARMACEUTICALS LTD,2023 June 22,2028 June 22
2326,H2022/CTD8499/18675,C-ZOLE VAGINAL TABLETS,CLOTRIMAZOLE BP,Tablet,India,Foreign,GALAXY PHARMACEUTICAL LTD,GALAXY PHARMACEUTICAL LIMITED,2023 June 22,2028 June 22
2327,H2022/CTD9407/18317,NULOC IV (Esomeprazole for Injection 40 mg),Esomeprazole Sodium (Lyophilized),Powder And Solvent For Solution For Injection,India,Foreign,Alkem Laboratories Limited,PHARMACOR LTD,2023 June 22,2028 June 22
2328,H2022/CTD9701/20311,Defal drops,Deflazacort,Oral Drops,Spain,Foreign,"FAES FARMA, S.A.",PHILLIPS THERAPEUTICS LIMITED,2023 June 22,2028 June 22
2329,H2022/CTD9995/22292,ITORAB SR,Rabeprazole Sodium and Itopride Hydrochloride,"Capsule, Hard",Kenya,Local,PRO MED PHARMACEUTICALS LTD,PRO MED PHARMACEUTICALS  LTD,2023 June 01,2028 June 01
2330,H2022/CTD9443/20776,OMIS INJECTION,OMEPRAZOLE SODIUM BP,Powder And Solvent For Solution For Injection,India,Foreign,NATIONAL PHARMACY LTD,NATIONAL PHARMACY LTD,2023 June 01,2028 June 01
2331,H2022/CTD9917/21668,VORMIGURD ORAL SOLUTION,Ondansetron Hydrochloride,Oral Solution,Bangladesh,Foreign,Medcure Healthcare Ltd,MEDCURE HEALTHCARE LTD,2023 June 01,2028 June 01
2332,H2022/CTD7834/14988,FUNGISIL M,TERBINAFINE HYDROCHLORIDE AND MOMETASONE FUROATE…,Cream,India,Foreign,KRISHNA CHEMISTS LTD,KRISHNA CHEMISTS LTD,2023 June 01,2028 June 01
2333,H2022/CTD9997/22264,ANFLOX 500 INFUSION,Levofloxacin Hemihydrate,Infusion,India,Foreign,PRO MED PHARMACEUTICALS LTD,PRO MED PHARMACEUTICALS  LTD,2023 June 01,2028 June 01
2334,H2022/CTD9765/20590,Protole 40mg Capsule,Omeprazole,Capsule,Pakistan,Foreign,ALFAJIRI PHARMACEUTICALS LTD,ALFAJIRI PHARMACEUTICALS LTD,2023 June 01,2028 June 01
2335,H2022/CTD9996/22263,ETOVAC FORTE,ETORICOXIB & THIOCOLCHICOSIDE,Tablet,Kenya,Local,PRO MED PHARMACEUTICALS LTD,PRO MED PHARMACEUTICALS  LTD,2023 June 01,2028 June 01
2336,H2022/CTD9266/18592,HYPOTIN 50MG TABLETS,Sitagliptin Phosphate Monohydrate,Film-Coated Tablet,India,Foreign,MEDCURE HEALTHCARE,MEDCURE HEALTHCARE LTD,2023 June 01,2028 June 01
2337,H2022/CTD9553/21844,URISTAR SYRUP,Disodium Hydrogen Citrate BP,Syrup,Kenya,Local,PRO MED PHARMACEUTICALS LTD,PRO MED PHARMACEUTICALS  LTD,2023 June 01,2028 June 01
2338,H2022/CTD9338/21210,APOVIR CREAM,Acyclovir USP…………….5 %  w/w.,Cream,Kenya,Local,NATIONAL PHARMACY LTD,NATIONAL PHARMACY LTD,2023 June 01,2028 June 01
2339,H2022/CTD9337/21299,NATSIDINE SYRUP,Paromomycin Sulfate  USP,Syrup,Kenya,Local,NATIONAL PHARMACY LTD,NATIONAL PHARMACY LTD,2023 June 01,2028 June 01
2340,H2022/CTD8552/18864,ODANSON-8,Ondansetron,Tablet,India,Foreign,Unison Pharmaceuticals Private Limited,SYNER-MED PHARMACEUTICALS (K)LTD,2023 June 01,2028 June 01
2341,H2022/CTD7244/14282,GESIC ADL 400,Ibuprofen BP,Tablet,India,Foreign,Pinnacle Life Scienct Pvt Ltd,UNISEL LTD,2023 June 01,2028 June 01
2342,H2022/CTD8130/16153,ANTOPRAZ,Combipack of Pantoprazole for injection and…,Powder For Injection,India,Foreign,ANTOPRAZ,THERALIFE PHARMA LTD,2023 June 01,2028 June 01
2343,H2022/CTD9019/18512,Olaparix 150,Olaparib INN,Tablet,Bangladesh,Foreign,Beacon Medicare Limited,GENERICS AFRICA LTD,2023 June 01,2028 June 01
2344,H2022/CTD9694/21907,ISOCET  P  SYRUP,Carbocisteine  and Promethazine Hydrochloride,Syrup,Kenya,Local,Medcure Healthcare Ltd,MEDCURE HEALTHCARE LTD,2023 June 01,2028 June 01
2345,H2022/CTD9282/21018,APOVIR 400,Acyclovir USP,Tablet,Kenya,Local,NATIONAL PHARMACY LTD,NATIONAL PHARMACY LTD,2023 June 01,2028 June 01
2346,H2022/CTD9511/21482,SUREPYN TABLETS,"PARACETAMOL BP, CODEINE PHOSPHATE BP, DOXYLAMINE…",Tablet,Kenya,Local,NATIONAL PHARMACY LTD,NATIONAL PHARMACY LTD,2023 June 01,2028 June 01
2347,H2022/CTD7240/14261,GESIC ADL 200,Ibuprofen BP,Tablet,India,Foreign,Pinnacle Life Scienct Pvt Ltd,UNISEL LTD,2023 June 01,2028 June 01
2348,H2022/CTD7531/14666,FUCLEAR CREAM,TERBINAFINE HYDROCHLORIDE BP,Cream,India,Foreign,FUCLEAR CREAM,MEDCURE HEALTHCARE LTD,2023 June 01,2028 June 01
2349,H2022/CTD8551/18863,ODANSON-4,Ondansetron,Tablet,India,Foreign,Unison Pharmaceuticals Private Limited,SYNER-MED PHARMACEUTICALS (K)LTD,2023 June 01,2028 June 01
2350,H2022/CTD8606/18485,Fluomizin@,Dequalinium chloride,Vaginal Tablet,Germany,Foreign,Dafra Pharma GmbH,ENERGIA PHARMA LIMITED,2023 June 01,2028 June 01
2351,H2022/CTD8830/18563,XEMPALIN-10,Empagliflozin and Linagliptin Tablets,Tablet,Bangladesh,Foreign,MEDAFRIQ PHARMA LIMITED,TIBA HEALTHCARE LIMITED,2023 June 01,2028 June 01
2352,H2022/CTD8596/18790,Indomedrol 500,Sterile Methyl prednisolone Sodium  USP…,Powder For Injection,India,Foreign,Indasi Lifescience Pvt. Ltd,SAI PHARMACEUTICALS LTD,2023 June 01,2028 June 01
2353,H2022/CTD8831/18568,XEMPALIN-25,Empagliflozin and Linagliptin,Film-Coated Tablet,Bangladesh,Foreign,MEDAFRIQ PHARMA LIMITED,TIBA HEALTHCARE LIMITED,2023 June 01,2028 June 01
2354,H2022/CTD9165/20417,KINSAFE  10MG TABLETS,Dapagliflozin Propanediol Monohydrate,Film-Coated Tablet,India,Foreign,Medcure Healthcare Limited.,MEDCURE HEALTHCARE LTD,2023 June 01,2028 June 01
2355,H2022/CTD9916/21869,PYLOBIO 40 INJECTION,Esomeprazole Sodium,Powder And Solvent For Solution For Injection,Bangladesh,Foreign,MEDCURE HEALTHCARE LTD,MEDCURE HEALTHCARE LTD,2023 June 01,2028 June 01
2356,H2022/CTD10036/22157,Multibionta Injection,"Vitamin A, Thiamine Hydrochloride (Vitamin B1),…",Injection,Pakistan,Foreign,MARTIN DOW MARKER LIMITED,SKY HEALTHCARE LTD,2023 June 01,2028 June 01
2357,H2022/CTD10521/22150,CELEMAC Tablets,Betamethasone and Dexchlorpheniramine Maleate…,Tablet,India,Foreign,SIGNATURE PHARMACEUTICALS LTD,SIGNATURE PHARMACEUTICALS LTD,2023 June 01,2028 June 01
2358,H2022/CTD10489/24038,CEZOLINE,CEFAZOLIN,Powder For Injection,India,Foreign,PHARMAKEN LTD,PHARMAKEN LTD,2023 June 01,2028 June 01
2359,H2022/CTD10074/21499,EBAMIN SYRUP,Ebastine,Syrup,Bangladesh,Foreign,Medcure Healthcare Ltd,MEDCURE HEALTHCARE LTD,2023 June 01,2028 June 01
2360,H2022/CTD10131/22379,Easicol Q Satchet,"Macrogol, Sodium Chloride, Sodium Bicarbonate,…",Powder For Oral Solution,Pakistan,Foreign,Q PHARMA DMCC,CINTANA HEALTHCARE SERVICES LTD,2023 June 01,2028 June 01
2361,H2022/CTD10028/16080,MYOXAN,Paracetamol BP   Chlorzoxazone USP,Capsule,India,Foreign,RATNAMANI HEALTHCARE PRIVATE LIMITED,MEDAFRIQ PHARMA LTD,2023 June 01,2028 June 01
2362,H2022/CTD10181/22664,EQUICOXIA MR TABLETS,"Paracetamol BP, Chlorzoxazone USP & Etoricoxib",Film-Coated Tablet,India,Foreign,EQUIVAL ENTERPRISES LTD.,EQUIVAL ENTERPRISES LIMITED,2023 June 01,2028 June 01
2363,H2022/CTD10182/22662,VEXAMOL MR TABLETS,"Aceclofenac BP, Paracetamol BP & Chlorzoxazone USP",Film-Coated Tablet,India,Foreign,EQUIVAL ENTERPRISES LTD.,EQUIVAL ENTERPRISES LIMITED,2023 June 01,2028 June 01
2364,H2022/CTD10415/22720,iXarola 10mg Film-coated tablet,Rivaroxaban,Film-Coated Tablet,Germany,Foreign,Bayer AG,BAYER EAST AFRICA LTD,2023 July 25,2028 July 25
2365,H2022/CTD10395/22722,iXarola 20mg Film-coated tablet,Rivaroxaban,Film-Coated Tablet,Germany,Foreign,Bayer AG,BAYER EAST AFRICA LTD,2023 July 24,2028 July 24
2366,H2022/CTD10400/22721,iXarola 15mg Film-coated tablet,Rivaroxaban,Film-Coated Tablet,Germany,Foreign,Bayer AG,BAYER EAST AFRICA LTD,2023 July 24,2028 July 24
2367,H2022/CTD8324/17152,BISOPRESS-5,Bisoprolol Fumarate,Tablet,Oman,Foreign,"Oman Pharmaceutical Products Co., LLC",SYNER-MED PHARMACEUTICALS (K)LTD,2023 July 24,2028 July 24
2368,H2022/CTD9734/22123,FERODOL FORTE,Paracetamol & Caffeine,Effervescent Tablet,India,Foreign,FOUNTAIN LIFE SCIENCES,QUEST PHARMACEUTICALS,2023 July 21,2028 July 21
2369,H2022/CTD9704/22156,CARVICARD-25,CARVEDILOL USP,Tablet,India,Foreign,GALAXY PHARMACEUTICAL LTD,GALAXY PHARMACEUTICAL LIMITED,2023 July 21,2028 July 21
2370,H2022/CTD9286/20834,Arogium Solution for Injection,Diazepam,Solution For Injection,Kenya,Local,Tasa Pharma Limited,TASA PHARMA LIMITED,2023 July 21,2028 July 21
2371,H2022/CTD9756/20646,Pylobact Neo 2,"Amoxicillin Trihydrate, Esomeprazole Magnesium…",Film-Coated Tablet,India,Foreign,SUN PHARMACEUTICAL INDUSTRIES LTD,SUN PHARMA EAST AFRICA LTD,2023 July 21,2028 July 21
2372,H2022/CTD8986/20508,Tasemic Solution for Injection,Tranexamic Acid,Solution For Injection,Kenya,Local,Tasa Pharma Limited,TASA PHARMA LIMITED,2023 July 21,2028 July 21
2373,H2022/CTD9735/22124,FERODOL 1000,Paracetamol BP,Effervescent Tablet,India,Foreign,FOUNTAIN LIFE SCIENCES LTD,QUEST PHARMACEUTICALS,2023 July 21,2028 July 21
2374,H2022/CTD8774/18930,DIVALSCAN–ER-500,Divalproex Sodium,Tablet,India,Foreign,HIRAL LABS LIMITED,ZAWADI HEALTHCARE LTD,2023 July 21,2028 July 21
2375,H2022/CTD9703/22050,CARVICARD-3.125,CARVEDILOL USP,Tablet,India,Foreign,GALAXY PHARMACEUTICAL LTD,GALAXY PHARMACEUTICAL LIMITED,2023 July 21,2028 July 21
2376,H2022/CTD7799/14926,VERCLOB TABLETS,Clobazam BP,Tablet,India,Foreign,Verve Human Care Laboratories,GENERICS AFRICA LTD,2023 July 21,2028 July 21
2377,H2022/CTD8476/18772,NIL WORM TABLETS,Albendazole USP,Chewable Tablet,India,Foreign,GALAXY PHARMACEUTICAL LTD,GALAXY PHARMACEUTICAL LIMITED,2023 July 21,2028 July 21
2378,H2022/CTD9422/20805,INDART-60 Plus,Artesunate Ph. Int,Powder For Injection,India,Foreign,Indasi Lifescience Pvt. Ltd,SAI PHARMACEUTICALS LTD,2023 July 21,2028 July 21
2379,H2022/CTD9838/22468,ZACOMA,BIMATOPROST OPHTHALMIC SOLUTION 0.03%W/V,Ophthalmic Solution,India,Foreign,AVETINA LIFE SCIENCES LTD,AVETINA LIFE SCIENCIES LIMITED,2023 July 21,2028 July 21
2380,H2022/CTD9835/22410,DERIVEX ACNE,ADAPALENE AND CLINDAMYCIN PHOSPHATE GEL,Transdermal Gel,India,Foreign,AVETINA LIFE SCIENCES LTD,AVETINA LIFE SCIENCIES LIMITED,2023 July 21,2028 July 21
2381,H2022/CTD9834/22469,AMBRELLA-S,"AMBROXOL HYDROCHLORIDE, LEVOSALBUTAMOL SUFATE &…",Syrup,India,Foreign,AVETINA LIFE SCIENCES LTD,AVETINA LIFE SCIENCIES LIMITED,2023 July 21,2028 July 21
2382,H2022/CTD9833/22474,AMBRELLA-D,"DEXTROMETHORPHAN HBR, CHLORPHENAMINE MALEATE &…",Syrup,India,Foreign,AVETINA LIFE SCIENCES LTD,AVETINA LIFE SCIENCIES LIMITED,2023 July 21,2028 July 21
2383,H2022/CTD9398/15926,Empagliflozin and Metformin Hydrochloride…,Empagliflozin & Metformin Hydrochloride USP,Tablet,India,Foreign,CIPLA LIMITED,IMPERIAL MANAGED SOLUTIONS EAST AFRICA LTD-…,2023 July 21,2028 July 21
2384,H2022/CTD9861/22518,ALIQA 2.5,Apixaban,Film-Coated Tablet,India,Foreign,OMILIFE LIMITED,OMILIFE LIMITED,2023 July 21,2028 July 21
2385,H2022/CTD9866/16008,Empagliflozin and Metformin Hydrochloride…,Empagliflozin & Metformin Hydrochloride USP,Tablet,India,Foreign,CIPLA LIMITED,IMPERIAL MANAGED SOLUTIONS EAST AFRICA LTD-…,2023 July 21,2028 July 21
2386,H2022/CTD9970/20485,Monokast Tablets 5mg,Montelukast Sodium,Film-Coated Tablet,Pakistan,Foreign,Global Napi Pharmaceuticals,ALFAJIRI PHARMACEUTICALS LTD,2023 July 21,2028 July 21
2387,H2022/CTD9164/18363,PGAB-MB 75MG,PREGABALIN  & METHYLCOBALAMIN,"Capsule, Hard",India,Foreign,Pharmweb Chemist Ltd,PHARMWEB CHEMIST LTD-KITALE,2023 July 21,2028 July 21
2388,H2022/CTD8683/16380,Melanov - M,Gliclazide BP and Metformin Hydrochloride BP,Tablet,India,Foreign,Micro Labs Limited,MICRO LABS (EA) LTD,2023 July 21,2028 July 21
2389,H2022/CTD9919/22522,ALIQA 5,Apixaban,Film-Coated Tablet,India,Foreign,OMILIFE LIMITED,OMILIFE LIMITED,2023 July 21,2028 July 21
2390,H2022/CTD8930/19816,DAPZIN 5-M,Dapagliflozin/ Metformin Hydrochloride,Tablet,India,Foreign,Micro Labs Limited,MICRO LABS (EA) LTD,2023 July 21,2028 July 21
2391,H2022/CTD10266/20914,Pemetrex 100mg Injection (Lyophilized powder),Pemetrexed Disodium Heptahydrate BP,Injection,Bangladesh,Foreign,Beacon Medicare Limited,GENERICS AFRICA LTD,2023 July 21,2028 July 21
2392,H2022/CTD10267/20896,Pemetrex 500mg Injection (Lyophilized powder),Pemetrexed Disodium Heptahydrate BP,Powder And Solvent For Solution For Injection,Bangladesh,Foreign,Beacon Medicare Limited,GENERICS AFRICA LTD,2023 July 21,2028 July 21
2393,H2022/CTD10263/21052,Bendamax 25mg Injection (Lyophilized Powder),Bendamustine Hydrochloride,Injection,Bangladesh,Foreign,Beacon Medicare Limited,GENERICS AFRICA LTD,2023 July 21,2028 July 21
2394,H2022/CTD10015/21612,Frinase nasal spray,Fluticasone propionate,"Nasal Spray, Suspension",Pakistan,Foreign,Jerusalem Pharmaceuticals Co Ltd,PHARMAMED SOLUTION LIMITED,2023 July 21,2028 July 21
2395,H2022/CTD10151/22732,Sinjard M 500mg Tablet.,Metformin Hydrochloride BP 500mg and…,Tablet,Bangladesh,Foreign,Beacon Medicare Limited,GENERICS AFRICA LTD,2023 July 21,2028 July 21
2396,H2022/CTD10155/23012,VAGINORM,"CLINDAMYCIN, CLOTRIMAZOLE & TINIDAZOLE…",Suppository,India,Foreign,AVETINA LIFE SCIENCES LTD,AVETINA LIFE SCIENCIES LIMITED,2023 July 21,2028 July 21
2397,H2022/CTD10059/21183,PREDISTAT Eye Drops,Prednisolone Acetate,Eye Drops,India,Foreign,VEZKAM LIMITED,HAZELLA LIMITED,2023 July 21,2028 July 21
2398,H2022/CTD10154/22796,Sinjard 25mg Tablet,Empagliflozin  INN 25mg,Coated Tablet,Bangladesh,Foreign,Beacon Medicare Limited,GENERICS AFRICA LTD,2023 July 21,2028 July 21
2399,H2022/CTD10060/21185,VEZCROM Eye Drops,Cromolyn Sodium,Eye Drops,India,Foreign,VEZKAM LIMITED,HAZELLA LIMITED,2023 July 21,2028 July 21
2400,H2022/CTD10153/22795,Sinjard 10mg Tablet,Empagliflozin  INN 10mg,Coated Tablet,Bangladesh,Foreign,Beacon Medicare Limited,GENERICS AFRICA LTD,2023 July 21,2028 July 21
2401,H2022/CTD7676/14861,URSOCOL 300,Ursodeoxycholic acid tablets BP 300MG,Tablet,India,Foreign,Sun Pharmaceutical Industries Limited,SUN PHARMA EAST AFRICA LTD,2023 February 21,2028 February 21
2402,H2022/CTD6488/12689,Descovy 200 mg/25mg,emtricitabine and tenofovir alafenamide,Film-Coated Tablet,Ireland,Foreign,"Gilead Sciences, Inc.",PHILLIPS THERAPEUTICS LIMITED,2023 February 21,2028 February 21
2403,H2022/CTD9090/20682,NEUTRAFLUX Tablets,API’s: Alginic Acid Magnesium Hydroxide Dried…,Chewable Tablet,India,Foreign,STEDMAN PHARMACEUTICALS PVT. LTD,SIMBA PHARMACEUTICALS LTD,2023 February 21,2028 February 21
2404,H2022/CTD9281/20780,FLUCOCEL INJECTION,FLUCONAZOLE USP,Injection,India,Foreign,PROMED PHARMACEUTICALS LTD,PRO MED PHARMACEUTICALS  LTD,2023 February 21,2028 February 21
2405,H2022/CTD9143/21035,MICROMOL 1000,Soluble Paracetamol Tablets BP 1000 mg,Effervescent Tablet,India,Foreign,NATIONAL PHARMACY LTD,NATIONAL PHARMACY LTD,2023 February 21,2028 February 21
2406,H2022/CTD9087/14376,NEUTRAFLUX Suspension,Alginic Acid Magnesium Hydroxide Dried Aluminium…,Oral Suspension,India,Foreign,STEDMAN PHARMACEUTICALS PVT.LTD,SIMBA PHARMACEUTICALS LTD,2023 February 21,2028 February 21
2407,H2022/CTD9603/20944,Abacavir and Lamivudine Tablets USP 600 mg/300 mg,Abacavir and Lamivudine,Film-Coated Tablet,India,Foreign,Macleods Pharmaceuticals Limited,SAI PHARMACEUTICALS LTD,2023 February 20,2028 February 20
2408,H2022/CTD6659/12991,NAZOFLUC 150,Fluconazole USP,"Capsule, Hard",India,Foreign,SALAMA PHARMACEUTICALS  LIMITED,SALAMA PHARMACEUTICALS LTD,2023 February 20,2028 February 20
2409,H2022/CTD9384/21489,XABAN 5MG TABLETS,Apixaban,Film-Coated Tablet,Kenya,Local,DAWA LIMITED,DAWA LTD,2023 February 17,2028 February 17
2410,H2022/CTD9399/21613,Dazole B Cream,Betamethasone Dipropionate and Clotrimazole,Cream,Kenya,Local,DAWA LIMITED,DAWA LTD,2023 February 17,2028 February 17
2411,H2022/CTD9607/21789,Safepram 10mg Tablet,Escitalopram 10mg,Coated Tablet,Pakistan,Foreign,MARTIN DOW LIMITED,SKY HEALTHCARE LTD,2023 February 17,2028 February 17
2412,H2022/CTD9609/21824,Safepram 20mg Tablet,Escitalopram 20mg,Coated Tablet,Pakistan,Foreign,MARTIN DOW LIMITED,SKY HEALTHCARE LTD,2023 February 17,2028 February 17
2413,H2022/CTD9610/21825,Safepram 5mg Tablet,Escitalopram 5mg,Coated Tablet,Pakistan,Foreign,MARTIN DOW LIMITED,SKY HEALTHCARE LTD,2023 February 17,2028 February 17
2414,H2022/CTD9383/21487,XABAN 2.5MG TABLETS,Apixaban,Film-Coated Tablet,Kenya,Local,DAWA LIMITED,DAWA LTD,2023 February 17,2028 February 17
2415,H2022/CTD9358/20895,VITAMADOL 100,TRAMADOL HYDROCHLORIDE,Capsule,Kenya,Local,EASTLEIGH PHARMACEUTICALS COMPANY LIMITED,EASTLEIGH PHARMACEUTUICAL LIMITED,2023 February 17,2028 February 17
2416,H2022/CTD9373/20930,VITAPYN,"PARACETAMOL, CODEINE PHOSPHATE, DOXYLAMINE…",Tablet,Kenya,Local,Eastleigh Pharmaceuticals Co. Ltd,EASTLEIGH PHARMACEUTUICAL LIMITED,2023 February 17,2028 February 17
2417,H2022/CTD6495/12726,Remiflu Tablets,"Levocetirizine Dihydrochloride, Phenylephrine…",Tablet,India,Foreign,Ipca Laboratories Limited,SAI PHARMACEUTICALS LTD,2023 February 17,2028 February 17
2418,H2022/CTD9708/20840,MEROGLAX  1GM,Meropenem Trihydrate USP,Powder For Injection,India,Foreign,GALAXY PHARMACEUTICAL LIMITED,GALAXY PHARMACEUTICAL LIMITED,2023 February 17,2028 February 17
2419,H2022/CTD9623/21742,Duvel Tablet 100mg,Sitagliptin,Tablet,Pakistan,Foreign,MARTIN DOW LIMITED,SKY HEALTHCARE LTD,2023 February 17,2028 February 17
2420,H2022/CTD8287/16079,PITAZ,Piperacillin Sodium  USP (Sterile) & Tazobactam…,Powder For Injection,India,Foreign,MEDAFRIQ PHARMA LIMITED,MEDAFRIQ PHARMA LTD,2023 February 17,2028 February 17
2421,H2022/CTD9896/22336,Vono-Q 20mg Tablets,Vonoprazan Fumarate,Coated Tablet,Pakistan,Foreign,Q PHARMA DMCC,CINTANA HEALTHCARE SERVICES LTD,2023 February 17,2028 February 17
2422,H2022/CTD9839/21949,Prelin Capsule 100mg,Pregabalin 100mg,Capsule,Pakistan,Foreign,MARTIN DOW LIMITED,SKY HEALTHCARE LTD,2023 February 17,2028 February 17
2423,H2022/CTD8469/18680,DEXNEO INJECTION,Dexamethasone Sodium Phosphate USP,Injection,India,Foreign,GALAXY PHARMACEUTICAL LTD,GALAXY PHARMACEUTICAL LIMITED,2023 February 17,2028 February 17
2424,H2022/CTD9895/22307,Vono-Q 10mg Tablets,Vonoprazan Fumarate,Coated Tablet,Pakistan,Foreign,Q PHARMA DMCC,CINTANA HEALTHCARE SERVICES LTD,2023 February 17,2028 February 17
2425,H2022/CTD9867/22380,Leve-Q 250mg Tablet,Levetiracetam,Tablet,Pakistan,Foreign,Q PHARMA DMCC,CINTANA HEALTHCARE SERVICES LTD,2023 February 17,2028 February 17
2426,H2022/CTD9842/21951,Prelin Capsule 50mg,Pregabalin 50mg,Capsule,Pakistan,Foreign,MARTIN DOW LIMITED,SKY HEALTHCARE LTD,2023 February 17,2028 February 17
2427,H2022/CTD8288/16072,AFRICEF 1 GM,Ceftriaxone Sodium,Powder For Injection,India,Foreign,MEDAFRIQ PHARMA LTD,MEDAFRIQ PHARMA LTD,2023 February 17,2028 February 17
2428,H2022/CTD8625/19920,TYPHOID CONJUGATE VACCINE(MONOVALENT) TYPHIBEV …,Vi POLYSACCHARIDE BULK CONJUGATE (Vi-CRM197),Solution For Injection,India,Foreign,M/s. Biological E. Limited,GALAXY PHARMACEUTICAL LIMITED,2023 February 17,2028 February 17
2429,H2022/CTD9892/19962,NOPYLO KIT,Non-proprietary Name (INN) of the Active…,Tablet and Capsule,India,Foreign,Ajanta Pharma Limited,HARLEYS LTD-NAIROBI,2023 February 17,2028 February 17
2430,H2022/CTD8626/19925,TYPHOID CONJUGATE VACCINE(monovalent) TYPHIBEV …,Vi POLYSACCHARIDE BULK CONJUGATE (Vi-CRM197),Solution For Injection,India,Foreign,M/s. Biological E. Limited,GALAXY PHARMACEUTICAL LIMITED,2023 February 17,2028 February 17
2431,H2022/CTD8635/17839,CURAFLU,"Paracetamol, Pheniramine Maleate, Phenylephrine…",Powder And Solvent For Oral Solution,India,Foreign,VITACURA PHARMACEUTICALS,SIMBA PHARMACEUTICALS LTD,2023 February 17,2028 February 17
2432,H2022/CTD9843/21950,Prelin Capsule 75mg,Pregabalin,Capsule,Pakistan,Foreign,MARTIN DOW LIMITED,SKY HEALTHCARE LTD,2023 February 17,2028 February 17
2433,H2022/CTD9868/22381,Leve-Q 500mg Tablet,Levetiracetam,Tablet,Pakistan,Foreign,Q PHARMA DMCC,CINTANA HEALTHCARE SERVICES LTD,2023 February 17,2028 February 17
2434,H2022/CTD8289/16073,AFRICEF SB,Ceftriaxone Sodium  USP (Sterile) & Sulbactam…,Powder For Injection,India,Foreign,MEDAFRIQ PHARMA LTD,MEDAFRIQ PHARMA LTD,2023 February 17,2028 February 17
2435,H2022/CTD10034/22318,TUNACLAV 457 DT,Amoxicillin+Clavulanic Acid,Dispersible Tablet,India,Foreign,RADIANCE PHARMACEUTICALS LIMITED,RADIANCE PHARMACEUTICALS LTD,2023 February 17,2028 February 17
2436,H2022/CTD10080/22615,APMALT SYRUP,Iron (III) Hydroxide Polymaltose,Syrup,India,Foreign,Ajanta Pharma Limited,HARLEYS LTD-NAIROBI,2023 February 17,2028 February 17
2437,H2022/CTD10078/22030,BETOACT,Bepotastine Besilate,Ophthalmic Solution,India,Foreign,Ajanta Pharma Limited,HARLEYS LTD-NAIROBI,2023 February 17,2028 February 17
2438,H2022/CTD10079/22081,Lotel Gel,Loteprednol Etabonate,Ophthalmic Solution,India,Foreign,Ajanta Pharma Limited,HARLEYS LTD-NAIROBI,2023 February 17,2028 February 17
2439,H2022/CTD10562/20371,Hydroxyurea 100mg,Hydroxycarbamide,Film-Coated Tablet,Germany,Foreign,Sandoz GmbH Kundl,NVS KENYA LTD,2023 December 14,2028 December 14
2440,H2022/CTD8535/15737,SEROCORT 125 SYNCHROBREATHE SB,Fluticasone Propionate and Salmeterol Xinafoate,Pressurised Inhalation,India,Foreign,CIPLA LIMITED,IMPERIAL MANAGED SOLUTIONS EAST AFRICA LTD-…,2023 December 14,2028 December 14
2441,H2022/CTD8589/17640,WHITFIELD'S OINTMENT,Benzoic Acid BP & Salicylic Acid BP,Ointment,India,Foreign,KREMOINT PHARMA PVT. LTD,SYNER-MED PHARMACEUTICALS (K)LTD,2023 December 13,2028 December 13
2442,H2022/CTD8884/16046,IBUCOT TABLETS,IBUPROFEN,Film-Coated Tablet,Kenya,Local,Elys Chemical Industries Ltd,ELYS CHEMICAL INDUSTRIES LTD - ENTERPRISE ROAD,2023 December 13,2028 December 13
2443,H2022/CTD9653/16868,Rupanase Junior,Rupatadine,Oral Solution,Spain,Foreign,iNova Pharmaceuticals (Pty) Ltd,PHILLIPS THERAPEUTICS LIMITED,2023 December 13,2028 December 13
2444,H2022/CTD8937/17361,TYLIFE O,Oral Rehydration Salts BP 21gm,Granules For Oral Solution,India,Foreign,Tawwab Pharma Pvt Ltd,PHILLIPS THERAPEUTICS LIMITED,2023 December 13,2028 December 13
2445,H2022/CTD8936/17598,TYLIFE-ZN,"Sodium Chloride, Potassium Chloride, Sodium…",Granules For Oral Solution In Sachet,India,Foreign,Tawwab Pharma Pvt Ltd,NAIROBI PHARMACEUTICALS (K) LTD - Laxicon Court,2023 December 13,2028 December 13
2446,H2022/CTD8325/17035,FUNGOAL CREAM,CLOTRIMAZOLE CREAM,Cream,India,Foreign,KREMOINT PHARMA PVT. LTD,SYNER-MED PHARMACEUTICALS (K)LTD,2023 December 13,2028 December 13
2447,H2022/CTD8304/15838,BEEGEE CREAM,Betamethasone Dipropionate Cream USP,Cream,India,Foreign,KREMOINT PHARMA PVT. LTD,SYNER-MED PHARMACEUTICALS (K)LTD,2023 December 13,2028 December 13
2448,H2022/CTD9193/17066,Apixaget 2.5mg Tablets,Apixaban,Film-Coated Tablet,Pakistan,Foreign,Getz Pharma (Pvt.) Limited,HARLEYS LTD-NAIROBI,2023 December 13,2028 December 13
2449,H2022/CTD8590/17115,DICLOKREM GEL,DICLOFENAC DIETHYLAMINE,Gel,India,Foreign,KREMOINT PHARMA PVT. LTD,SYNER-MED PHARMACEUTICALS (K)LTD,2023 December 13,2028 December 13
2450,H2022/CTD9192/17067,Apixaget 5mg Tablets,Apixaban,Film-Coated Tablet,Pakistan,Foreign,Getz Pharma (Pvt.) Limited,HARLEYS LTD-NAIROBI,2023 December 13,2028 December 13
2451,H2022/CTD9472/20673,IBUGESIC TABLETS,Ibuprofen  BP and  Paracetamol BP,Tablet,Kenya,Local,Shalina Healthcare Kenya Limited,SHALINA HEALTHCARE KENYA LIMITED,2023 December 13,2028 December 13
2452,H2022/CTD9271/18682,ASPORELIX 0.25.,Cetrorelix (as acetate),Powder For Injection,India,Foreign,Bharat Serums and Vaccines Limited,NAIROBI ENTERPRISES LTD,2023 December 13,2028 December 13
2453,CTD8823,BGMOL 0.5% W/V EYE DROPS,Timolol Maleate,Eye Drops,India,Foreign,Bliss GVS Pharma Ltd.,THERALIFE PHARMA LTD,2023 December 13,2028 December 13
2454,H2022/CTD10830/21840,Vacutro Tablets 49mg + 51mg,Sacubitril + Valsartan,Film-Coated Tablet,Pakistan,Foreign,GETZ PHARMA (PRIVATE) LIMITED,HARLEYS LTD-NAIROBI,2023 December 11,2028 December 11
2455,H2022/CTD10831/21752,Vacutro Tablets 24mg + 26mg,Sacubitril + Valsartan,Film-Coated Tablet,Pakistan,Foreign,GETZ PHARMA (PRIVATE) LIMITED,HARLEYS LTD-NAIROBI,2023 December 11,2028 December 11
2456,H2022/CTD10832/21863,Vacutro Tablets 97mg + 103mg,Sacubitril + Valsartan,Film-Coated Tablet,Pakistan,Foreign,Getz Pharma (Pvt.) Limited,HARLEYS LTD-NAIROBI,2023 December 11,2028 December 11
2457,H2022/CTD10705/23583,EPHEVER,Ephedrine Hydrochloride BP,Solution For Injection,India,Foreign,Verve Human Care Laboratories,GENERICS AFRICA LTD,2023 December 11,2028 December 11
2458,H2022/CTD9946/21605,CARDAL CAPSULES,Pantoprazole sodium USP & Domperidone BP 30,"Capsule, Hard",India,Foreign,Baroque Pharmaceuticals Pvt. Ltd,LIFON PHARMA LIMITED,2023 December 11,2028 December 11
2459,H2022/CTD9908/21116,Tasagyl IV Solution for Infusion,Metronidazole,Solution For Infusion,Kenya,Local,Tasa Pharma Ltd,TASA PHARMA LIMITED,2023 December 11,2028 December 11
2460,H2022/CTD9942/21334,AKEROL SYRUP,Desloratadine USP,Syrup,India,Foreign,BEKRA PHARMA UK LTD,LIFON PHARMA LIMITED,2023 December 11,2028 December 11
2461,H2022/CTD7281/13999,AZACIN-500 TABLETS,Azithromycin Dihydrate USP,Tablet,India,Foreign,Jaysheel Patel,ZIKE CORPORATION LTD,2023 December 11,2028 December 11
2462,H2022/CTD10061/20389,Luprodex 11.25 mg,Leuprorelin,Powder For Injection,India,Foreign,Bharat Serums & Vaccines Limited,NAIROBI ENTERPRISES LTD,2023 December 10,2028 December 10
2463,H2022/CTD10160/21247,RESPIMAX® Syrup,Ambroxol Hydrochloride BP / Salbutamol Sulfate BP…,Syrup,India,Foreign,BEKRA PHARMA UK LTD,LIFON PHARMA LIMITED,2023 December 10,2028 December 10
2464,H2022/CTD10162/21335,AKEROL  TABLETS,Desloratadine USP,Dispersible Tablet,India,Foreign,BEKRA PHARMA UK LTD,LIFON PHARMA LIMITED,2023 December 10,2028 December 10
2465,H2022/CTD10567/23346,"R21 Malaria Vaccine (Recombinant, Adjuvanted)",R21 Malaria antigen,Solution For Injection,India,Foreign,Serum Institute of India Pvt Limited,SAI PHARMACEUTICALS LTD,2023 December 10,2028 December 10
2466,H2022/CTD10394/23402,LATAGEN 20 Solution for Injection,Gentamicin,Solution For Injection,Kenya,Local,Tasa Pharma Limited,TASA PHARMA LIMITED,2023 December 10,2028 December 10
2467,H2022/CTD10704/23919,VERCOD- 30,Codeine Phosphate BP,Tablet,India,Foreign,Verve Human Care Laboratories,GENERICS AFRICA LTD,2023 December 10,2028 December 10
2468,H2022/CTD10033/22143,INFLUVAC TETRA 2022,"Influenza vaccine (surface antigen, inactivated)",Injection,Netherlands,Foreign,Abbot Laboratories  South Africa (PTY) Ltd,IMPERIAL MANAGED SOLUTIONS EAST AFRICA LTD-…,2023 August 31,2028 August 31
2469,H2022/CTD9410/21213,NATCORT CREAM,MOMETASONE FUROATE CREAM 0.1% W/W,Cream,Kenya,Local,NATIONAL PHARMACY LTD,NATIONAL PHARMACY LTD,2023 August 31,2028 August 31
2470,H2022/CTD8891/20503,CLARITOP 500,CLARITHROMYCIN,Tablet,Kenya,Local,Zain Pharma Limited,ZAIN PHARMA LIMITED,2023 August 22,2028 August 22
2471,H2022/CTD9979/21549,Q-FIL 5MG TABLETS,TADALAFIL,Film-Coated Tablet,Kenya,Local,Questa Care Inc. C/O Surgilinks Ltd,SURGILINKS LTD,2023 August 21,2028 August 21
2472,H2022/CTD9978/21550,Q-FIL 10MG TABLETS,TADALAFIL,Film-Coated Tablet,Kenya,Local,Questa Care Inc. C/O Surgilinks Ltd,SURGILINKS LTD,2023 August 21,2028 August 21
2473,H2022/CTD10190/22507,"Triclofem injection, 150mg/ml",Medroxyprogesterone acetate,Injection,Indonesia,Foreign,Missionpharma A/S,LABOREX KENYA LTD-MOMBASA ROAD,2023 August 21,2028 August 21
2474,H2022/CTD9881/21984,CYTOCLAV 228.5,Amoxicillin Clavulanic Acid,Powder For Oral Suspension,India,Foreign,WIN-PHARMA,WIN-PHARMA LIMITED,2023 August 14,2028 August 14
2475,H2022/CTD9632/21444,ETO-WELL MR 90 TABLETS,"Etoricoxib, Paracetamol & Thiocolchicoside",Film-Coated Tablet,India,Foreign,Innocia Lifesciences Pvt Ltd,WESSEX PHARMACEUTICALS LTD,2023 August 09,2028 August 09
2476,H2022/CTD9794/16446,NOVAMENTIN-156.25,Amoxicillin Trihydrate USP Potassium Clavulanate…,Powder For Oral Suspension,India,Foreign,Scott-Edil Advance Research Laboratories &…,SYNER-MED PHARMACEUTICALS (K)LTD,2023 August 09,2028 August 09
2477,H2022/CTD9793/16523,NOVAMENTIN-375,Amoxicillin Trihydrate USP Potassium Clavulanate…,Tablet,India,Foreign,Scott-Edil Advance Research Laboratories &…,SYNER-MED PHARMACEUTICALS (K)LTD,2023 August 09,2028 August 09
2478,H2022/CTD9792/15824,NOVAMENTIN-1000,Amoxicillin Trihydrate + Potassium Clavulanate…,Tablet,India,Foreign,Scott-Edil Advance Research Laboratories &…,SYNER-MED PHARMACEUTICALS (K)LTD,2023 August 09,2028 August 09
2479,H2022/CTD9791/15823,NOVAMENTIN-625,AMOXICILLIN TRIHYDRATE+ POTTASIUM CLAVULANATE…,Tablet,India,Foreign,Scott-Edil Advance Research Laboratories &…,SYNER-MED PHARMACEUTICALS (K)LTD,2023 August 09,2028 August 09
2480,H2022/CTD9685/20077,PERFAMOL 1000 EFFERVESCENT,Paracetamol BP,Effervescent Tablet,India,Foreign,Signature Healthcare Limited,SIGNATURE HEALTHCARE LTD,2023 August 09,2028 August 09
2481,H2022/CTD9744/21181,Rivaroxaban Tablets 10 mg,Rivaroxaban Tablets 10 mg,Film-Coated Tablet,India,Foreign,Cipla Limited,IMPERIAL MANAGED SOLUTIONS EAST AFRICA LTD-…,2023 August 09,2028 August 09
2482,H2022/CTD9686/20073,PERFAMOL 500 EFFERVESCENT,Paracetamol BP,Effervescent Tablet,India,Foreign,Signature Healthcare Ltd,SIGNATURE HEALTHCARE LTD,2023 August 09,2028 August 09
2483,H2022/CTD9354/20563,POWER HEAT PLUS,"Methyl Salicylate BP, Diclofenac Diethylamine BP,…",Gel,India,Foreign,KREMOINT PHARMA PVT. LTD.,SYNER-MED PHARMACEUTICALS (K)LTD,2023 August 09,2028 August 09
2484,H2022/CTD8224/17059,Synocaine Inj.,Lidocaine Hydrochloride BP,Injection,India,Foreign,Swiss Parenterals  Ltd,SYNER-MED PHARMACEUTICALS (K)LTD,2023 August 09,2028 August 09
2485,H2022/CTD10565/16020,FLUXAVID-125,FLUCLOXACILLIN SODIUM,Oral Solution,India,Foreign,Scott-Edil Advance Research Laboratories &…,SYNER-MED PHARMACEUTICALS (K)LTD,2023 August 09,2028 August 09
2486,H2022/CTD8929/19817,DAPZIN 10-M,Dapagliflozin/ Metformin Hydrochloride,Tablet,India,Foreign,Micro Labs Limited,MICRO LABS (EA) LTD,2023 August 08,2028 August 08
2487,H2022/CTD9434/21483,LUCON,Luliconazole,Cream,India,Foreign,SIMBA PHARMACEUTICALS LTD,SIMBA PHARMACEUTICALS LTD,2023 August 08,2028 August 08
2488,H2022/CTD9741/21265,Rivaroxaban Tablets 15 mg,Rivaroxaban Ph. Eur.,Film-Coated Tablet,India,Foreign,Cipla Limited,IMPERIAL MANAGED SOLUTIONS EAST AFRICA LTD-…,2023 August 08,2028 August 08
2489,H2022/CTD8033/15818,FLUXAVID-250,Flucloxacillin Sodium,"Capsule, Hard",India,Foreign,Scott-Edil Advance Research Laboratories &…,SYNER-MED PHARMACEUTICALS (K)LTD,2023 August 08,2028 August 08
2490,H2022/CTD9742/21266,Rivaroxaban 2.5mg,Rivaroxaban Ph. Eur.,Film-Coated Tablet,India,Foreign,Cipla Limited,IMPERIAL MANAGED SOLUTIONS EAST AFRICA LTD-…,2023 August 08,2028 August 08
2491,H2022/CTD9743/21267,Rivaroxaban Tablets 20 mg,Rivaroxaban Ph. Eur.,Film-Coated Tablet,India,Foreign,Cipla Ltd.,IMPERIAL MANAGED SOLUTIONS EAST AFRICA LTD-…,2023 August 08,2028 August 08
2492,H2022/CTD8932/19829,Dapzin 10-M Plus,Dapagliflozin/ Metformin Hydrochloride,Tablet,India,Foreign,Micro Labs Limited,MICRO LABS (EA) LTD,2023 August 08,2028 August 08
2493,H2022/CTD8931/19769,DAPZIN 5-M PLUS,Dapagliflozin/ Metformin Hydrochloride,Tablet,India,Foreign,Micro Labs Limited,MICRO LABS (EA) LTD,2023 August 08,2028 August 08
2494,H2022/CTD9929/22206,COMBIPLUS,BRIMONIDINE TARTRATE AND TIMOLOL EYE DROPS,Eye Drops,India,Foreign,AVETINA LIFE SCIENCES LTD,AVETINA LIFE SCIENCIES LIMITED,2023 August 04,2028 August 04
2495,H2022/CTD9436/21254,MYTHRO,AZITHROMYCIN DIHYDRATE,Film-Coated Tablet,India,Foreign,SIMBA PHARMACEUTICALS LTD,SIMBA PHARMACEUTICALS LTD,2023 August 04,2028 August 04
2496,H2022/CTD9435/21402,ESODOME,Esomeprazole Magnesium Trihydrate & Domperidone,Coated Tablet,India,Foreign,SIMBA PHARMACEUTICALS LTD,SIMBA PHARMACEUTICALS LTD,2023 August 04,2028 August 04
2497,H2022/CTD9438/21380,PARADYM,Diclofenac Potassium & Acetaminophen Tablets…,Tablet,India,Foreign,SIMBA PHARMACEUTICALS LTD,SIMBA PHARMACEUTICALS LTD,2023 August 04,2028 August 04
2498,H2022/CTD9106/20264,FLUZOLE (FLUCONAZOLE GEL 0.5%),Fluconazole BP and Chlorocresol,Gel,India,Foreign,DOLOPHARMA HEALTHCARE LTD,DOLOPHARMA HEALTHCARE LTD,2023 August 04,2028 August 04
2499,H2022/CTD7048/13471,Amva Denk 10/160 mg,Amlodipine / Valsartan,Film-Coated Tablet,Germany,Foreign,DENK PHARMA GmbH & Co. KG,LABOREX KENYA LTD-MOMBASA ROAD,2023 August 04,2028 August 04
2500,H2022/CTD7515/14116,Amucap 500mg,Amoxicillin Trihydrate,Capsule,China,Foreign,NORTH CHINA PHARMACEUTICAL CORPORATION LTD(NCPC)-…,MANCHE PHARMA LIMITED,2023 August 04,2028 August 04
2501,H2022/CTD9085/20155,LEVOLUKAST 5-12 TABLETS,Montelukast Sodium 5mg  Levocetrizine…,Film-Coated Tablet,India,Foreign,DOLOPHARMA HEALTHCARE LTD,DOLOPHARMA HEALTHCARE LTD,2023 August 04,2028 August 04
2502,H2022/CTD8595/16855,POWER HEAT,"Methyl Salicylate BP, Menthol BP, Turpentine Oil…",Cream,India,Foreign,KREMOINT PHARMA PVT. LTD,SYNER-MED PHARMACEUTICALS (K)LTD,2023 August 04,2028 August 04
2503,H2022/CTD9336/20349,ITACON - 100,ITRACONAZOLE BP,"Capsule, Hard",Kenya,Local,NATIONAL PHARMACY LTD,NATIONAL PHARMACY LTD,2023 August 04,2028 August 04
2504,H2022/CTD9936/22010,HESAT 6% Solution for Infusion,Hydroxyethyl Starch 6%,Solution For Infusion,Kenya,Local,Tasa Pharma Limited,TASA PHARMA LIMITED,2023 August 04,2028 August 04
2505,H2022/CTD9016/16330,AL-BEL POWDER,Artemether and Lumefantrine,Oral Powder,China,Foreign,BELEA PHARMACY LTD,BEL-EA PHARMACY LTD,2023 August 04,2028 August 04
2506,H2022/CTD6864/13208,DUOQUINE TABLETS,Dihydroartemisinin and Piperaquine Phosphate,Tablet,China,Foreign,BELEA PHARMACY LTD,BEL-EA PHARMACY LTD,2023 August 04,2028 August 04
2507,H2022/CTD9858/22526,TUMIFLO 1MG,Prucalopride,Film-Coated Tablet,Kenya,Foreign,OMILIFE LIMITED,OMILIFE LIMITED,2023 August 04,2028 August 04
2508,H2022/CTD9859/22531,DONET-M 400SR,Doxofylline (Sustained Release) 400 mg And…,Tablet,India,Foreign,OMILIFE LIMITED,OMILIFE LIMITED,2023 August 04,2028 August 04
2509,H2022/CTD9860/22532,DONET-M 800SR,Doxofylline (Sustained Release) And Montelukast,Tablet,India,Foreign,OMILIFE LIMITED,OMILIFE LIMITED,2023 August 04,2028 August 04
2510,H2022/CTD9862/22527,TUMIFLO 2MG,Prucalopride,Film-Coated Tablet,India,Foreign,OMILIFE LIMITED,OMILIFE LIMITED,2023 August 04,2028 August 04
2511,H2022/CTD6865/13209,DERMAMIX B Cream,"Miconazole nitrate, Betamethasone valerate and…",Cream,China,Foreign,BELEA PHARMACY LTD,BEL-EA PHARMACY LTD,2023 August 04,2028 August 04
2512,H2022/CTD9198/20154,D-LAST 30,Dapoxetin Hydrochloride,Tablet,India,Foreign,DOLOPHARMA HEALTHCARE LTD,DOLOPHARMA HEALTHCARE LTD,2023 August 04,2028 August 04
2513,H2022/CTD7047/13470,Amva Denk 5/160 mg,Amlodipine / Valsartan,Film-Coated Tablet,Germany,Foreign,Denk Pharma GmbH & Co. KG,LABOREX KENYA LTD-MOMBASA ROAD,2023 August 04,2028 August 04
2514,H2022/CTD9991/22654,Telmilok 40 Tablet,Telmisartan EP,Tablet,Bangladesh,Foreign,Square Pharmaceuticals Ltd.,ACE PHARMACEUTICALS LTD,2023 August 04,2028 August 04
2515,H2022/CTD9763/20587,Esoquin 20mg Capsule,Esomeprazole,Capsule,Pakistan,Foreign,ALFAJIRI PHARMACEUTICALS LTD,ALFAJIRI PHARMACEUTICALS LTD,2023 August 04,2028 August 04
2516,H2022/CTD6386/12563,FUROXICLAV 156.25 suspension,CEFUROXIME WITH POTASSIUM CLAVULANATE FOR ORAL…,Powder For Oral Suspension,India,Foreign,Finecure Pharmacetical Ltd.,PHARMSMART LTD,2023 August 04,2028 August 04
2517,H2022/CTD8222/18325,DROTIS 100MG INJECTION,Hydrocortisone Sodium Succinate,Powder For Injection,India,Foreign,ZENGENTA PHARMACEUTICALS LIMITED,AUSHNLIFE KENYA LIMITED,2023 August 04,2028 August 04
2518,H2022/CTD8715/18249,TENOLAM,Lamivudine/Tenofovir disoproxil fumarate Tablets…,Film-Coated Tablet,India,Foreign,Sun Pharmaceutical Industries Limited,SUN PHARMA EAST AFRICA LTD,2023 August 04,2028 August 04
2519,H2022/CTD9975/21665,DARINOSIN 15MG TABLETS,Darifenacin Hydrobromide,Film-Coated Tablet,Kenya,Local,Questa Care Inc. C/O Surgilinks Ltd,SURGILINKS LTD,2023 August 04,2028 August 04
2520,H2022/CTD9992/22655,Telmilok 80 Tablet,Telmisartan EP,Tablet,Bangladesh,Foreign,Square Pharmaceuticals Ltd.,ACE PHARMACEUTICALS LTD,2023 August 04,2028 August 04
2521,H2022/CTD9706/22109,CARVICARD-6.25,CARVEDILOL USP,Tablet,India,Foreign,GALAXY PHARMACEUTICAL LTD,GALAXY PHARMACEUTICAL LIMITED,2023 August 04,2028 August 04
2522,H2022/CTD10428/21610,Clotel -40 Tablets,Telmisartan and Chlorthalidone,Film-Coated Tablet,Kenya,Local,DAWA LIMITED,DAWA LTD,2023 August 04,2028 August 04
2523,H2022/CTD10472/22408,"Verzepam (Diazepam Injection BP, 5mg/ml)",Diazepam BP,Solution For Injection,India,Foreign,Verve Human Care Laboratories,GENERICS AFRICA LTD,2023 August 04,2028 August 04
2524,H2022/CTD10509/23936,TUMIVONO 10 MG,VONOPRAZAN FUMARATE,Film-Coated Tablet,India,Foreign,OMILIFE LIMITED,OMILIFE LIMITED,2023 August 04,2028 August 04
2525,H2022/CTD10507/23938,TUMIVONO 20 MG,VONOPRAZAN FUMARATE,Film-Coated Tablet,India,Foreign,OMILIFE LIMITED,OMILIFE LIMITED,2023 August 04,2028 August 04
2526,H2022/CTD10506/23987,ABEECARE 500,Abiraterone Acetate USP,Film-Coated Tablet,India,Foreign,Javia International Limited,OMILIFE LIMITED,2023 August 04,2028 August 04
2527,H2022/CTD10601/20728,PREGARED NT(PREGABALIN 75 MG AND NORTRIPTYLINE 10…,PREGABALIN 75 MG AND NORTRIPTYLINE 10 MG TABLETS,Tablet,India,Foreign,REDEFINE HEALTHCARE LIMITED,REDEFINE HEALTHCARE LIMITED,2023 August 04,2028 August 04
2528,H2022/CTD10602/20727,ETORED 90(ETORICOXIB TABLETS 90 MG),ETORICOXIB TABLETS 90 MG,Tablet,India,Foreign,REDEFINE HEALTHCARE LIMITED,REDEFINE HEALTHCARE LIMITED,2023 August 04,2028 August 04
2529,H2022/CTD10445/23800,Panadol Extra Soluble,Paracetamol and caffeine,Soluble Tablet,Ireland,Foreign,GlaxoSmithKline Limited,HALEON KENYA LIMITED,2023 August 04,2028 August 04
2530,H2022/CTD10350/22682,CYTOMOX 125 DT,Amoxicillin,Dispersible Tablet,India,Foreign,WIN-PHARMA,WIN-PHARMA LIMITED,2023 August 04,2028 August 04
2531,H2022/CTD10561/22693,RIVASON-20,Rivaroxaban Tablets Ph. Eur.,Tablet,India,Foreign,Unison Pharmaceuticals Pvt. Ltd.,SYNER-MED PHARMACEUTICALS (K)LTD,2023 August 04,2028 August 04
2532,H2022/CTD10560/22680,RIVASON-10,Rivaroxaban Tablets Ph. Eur. 10 mg,Tablet,India,Foreign,Unison Pharmaceuticals Pvt. Ltd.,SYNER-MED PHARMACEUTICALS (K)LTD,2023 August 04,2028 August 04
2533,H2022/CTD10483/22153,SULPANTO,Pantoprazole and Levosulpiride,Capsule,India,Foreign,SIMBA PHARMACEUTICALS LTD,SIMBA PHARMACEUTICALS LTD,2023 August 04,2028 August 04
2534,H2022/CTD10603/20726,ETORED 60(ETORICOXIB TABLETS 60 MG),ETORICOXIB TABLETS 60 MG,Tablet,India,Foreign,REDEFINE HEALTHCARE LIMITED,REDEFINE HEALTHCARE LIMITED,2023 August 04,2028 August 04
2535,H2022/CTD10605/21000,ETORED 120-ETORICOXIB 120MG,ETORICOXIB,Tablet,India,Foreign,REDEFINE HEALTHCARE LIMITED,REDEFINE HEALTHCARE LIMITED,2023 August 04,2028 August 04
2536,H2022/CTD10482/22409,NORBALIN,1. Pregabalin 2. Nortriptyline,Tablet,India,Foreign,SIMBA PHARMACEUTICALS LTD,SIMBA PHARMACEUTICALS LTD,2023 August 04,2028 August 04
2537,H2022/CTD10481/22219,FUNGTRA,Itraconazole,Capsule,India,Foreign,SIMBA PHARMACEUTICALS LTD,SIMBA PHARMACEUTICALS LTD,2023 August 04,2028 August 04
2538,H2022/CTD10427/21611,Clotel -80 Tablets,Telmisartan and Chlorthalidone,Film-Coated Tablet,Kenya,Local,DAWA LIMITED,DAWA LTD,2023 August 04,2028 August 04
2539,H2022/CTD10292/21725,SILINOR-M 50/500 TABLET,Sitagliptin phosphate monohydrate and Metformin…,Film-Coated Tablet,Bangladesh,Foreign,Healthcare Pharmaceuticals Limited,NEXTGEN PHARMACEUTICALS (K) LTD,2023 August 04,2028 August 04
2540,H2022/CTD10278/21804,EVANIA 10 TABLET,Empagliflozin INN,Film-Coated Tablet,Bangladesh,Foreign,Healthcare Pharmacuticals Limited,NEXTGEN PHARMACEUTICALS (K) LTD,2023 August 04,2028 August 04
2541,H2022/CTD10277/22936,SILINOR-M 50/1000 TABLET,Sitagliptin phosphate monohydrate and Metformin…,Tablet,Bangladesh,Foreign,Healthcare Pharmaceuticals Limited,NEXTGEN PHARMACEUTICALS (K) LTD,2023 August 04,2028 August 04
2542,H2022/CTD10264/20950,Carboplat 150mg Injection,Carboplatin BP 150mg Injection,Injection,Bangladesh,Foreign,Beacon Medicare Limited,GENERICS AFRICA LTD,2023 August 04,2028 August 04
2543,H2022/CTD10344/22797,Clotel -C Tablets,"Telmisartan , Chlorthalidone and Cilnidipine",Film-Coated Tablet,Kenya,Local,Dawa LTD,DAWA LTD,2023 August 04,2028 August 04
2544,H2022/CTD10254/22246,DOBAMINE,Dobutamine Hydrochloride USP,Solution For Injection,India,Foreign,Verve Human Care Laboratories,GENERICS AFRICA LTD,2023 August 04,2028 August 04
2545,H2022/CTD10240/17717,LEMONT,LEVOCETIRIZINE HYDROCHLORIDE  & MONTELUKAST SODIUM,Coated Tablet,India,Foreign,ZENITH HEALTHCARE LTD,PHARMWEB CHEMIST LTD-KITALE,2023 August 04,2028 August 04
2546,H2022/CTD10137/21967,CYTOMOX 250 DT,Amoxicillin,Dispersible Tablet,India,Foreign,WIN-PHARMA,WIN-PHARMA LIMITED,2023 August 04,2028 August 04
2547,H2022/CTD10171/23014,"OFRAN ORAL SOLUTION, 50 ML",Ondansetron hydrochloride USP,Oral Solution,Bangladesh,Foreign,SQUARE Pharmaceuticals Ltd.,ACE PHARMACEUTICALS LTD,2023 August 04,2028 August 04
2548,H2022/CTD10358/23843,Cloxipa Tablet 2.5mg,Apixaban,Tablet,Pakistan,Foreign,Nabiqasim Industries (Pvt) Ltd,HARLEYS LTD-NAIROBI,2023 August 04,2028 August 04
2549,H2022/CTD10359/23844,Cloxipa Tablet 5mg,Apixaban,Tablet,Pakistan,Foreign,NABIQASIM INDUSTRIES (PVT.) LTD.,HARLEYS LTD-NAIROBI,2023 August 04,2028 August 04
2550,H2022/CTD10403/22095,CAFTAMOL,Paracetamol and Caffeine Anhydrous,Tablet,India,Foreign,SIMBA PHARMACEUTICALS LTD,SIMBA PHARMACEUTICALS LTD,2023 August 04,2028 August 04
2551,H2022/CTD10404/22116,HISTAMOL,Paracetamol and Cetirizine,Tablet,India,Foreign,SIMBA PHARMACEUTICALS LTD,SIMBA PHARMACEUTICALS LTD,2023 August 04,2028 August 04
2552,H2022/CTD10405/22111,ETOXYPAR,Paracetamol  and Etoricoxib,Tablet,India,Foreign,SIMBA PHARMACEUTICALS LTD,SIMBA PHARMACEUTICALS LTD,2023 August 04,2028 August 04
2553,H2022/CTD10165/23013,Ofran Injection,Ondansetron USP,Injection,Bangladesh,Foreign,SQUARE Pharmaceuticals Ltd.,ACE PHARMACEUTICALS LTD,2023 August 04,2028 August 04
2554,H2022/CTD10150/22731,Xelmet 500mg Tablet.,Metformin Hydrochloride BP 500mg,Coated Tablet,Bangladesh,Foreign,Beacon Medicare Limited,GENERICS AFRICA LTD,2023 April 25,2028 April 25
2555,H2022/CTD10027/21656,MESAMIN OD 1.2 GM,Mesalamine,Prolonged-Release Tablet,India,Foreign,CLINIGEN KENYA (PLC) LTD,NILA PHARMACEUTICALS LTD- BABA DOGO,2023 April 25,2028 April 25
2556,H2022/CTD10049/22406,Lacosa-Q Tablet 100mg,Lacosamide,Tablet,Pakistan,Foreign,Q PHARMA DMCC,CINTANA HEALTHCARE SERVICES LTD,2023 April 25,2028 April 25
2557,H2022/CTD10048/22405,Lacosa-Q Tablet 50mg,Lacosamide,Tablet,Pakistan,Foreign,Q PHARMA DMCC,CINTANA HEALTHCARE SERVICES LTD,2023 April 25,2028 April 25
2558,H2022/CTD10046/22823,MIRABA-S,Mirabegron (Extended-Release) 25 mg & Solifenacin…,Tablet,India,Foreign,TIBA HEALTHCARE LTD,TIBA HEALTHCARE LIMITED,2023 April 25,2028 April 25
2559,H2022/CTD9040/20342,NEFEXIM 400,Cefixime,Tablet,India,Foreign,Chiros Pharma,NAIROBI ENTERPRISES LTD,2023 April 25,2028 April 25
2560,H2022/CTD9880/22544,Glympa 25/5 Tablet,Empagliflozin & Linagliptin,Tablet,Bangladesh,Foreign,Square Pharmaceuticals Ltd.,ACE PHARMACEUTICALS LTD,2023 April 25,2028 April 25
2561,H2022/CTD9879/22543,Glympa 10/5 Tablet,Empagliflozin & Linagliptin,Tablet,Bangladesh,Foreign,Square Pharmaceuticals Ltd.,ACE PHARMACEUTICALS LTD,2023 April 25,2028 April 25
2562,H2022/CTD9952/21933,AKACIN,Amikacin Sulfate Injection USP 500mg/2ml,Solution For Injection,India,Foreign,SIMBA PHARMACEUTICALS LTD,SIMBA PHARMACEUTICALS LTD,2023 April 25,2028 April 25
2563,H2022/CTD9250/17725,Leveget 250mg Tablets,Levetiracetam,Film-Coated Tablet,Pakistan,Foreign,Getz Pharma (Pvt.) Limited,SKY HEALTHCARE LTD,2023 April 25,2028 April 25
2564,H2022/CTD9940/22510,PREDNISOLONE 20MG TABLETS,Prednisolone,Tablet,Kenya,Local,COSMOS LIMITED,COSMOS LIMITED,2023 April 25,2028 April 25
2565,H2022/CTD9764/20589,Esoquin 40mg Capsule,1.3	International Non-proprietary Name (INN) of…,Capsule,Pakistan,Foreign,ALFAJIRI PHARMACEUTICALS LTD,ALFAJIRI PHARMACEUTICALS LTD,2023 April 25,2028 April 25
2566,H2022/CTD7340/14438,NAPRIN,Naproxen,Tablet,India,Foreign,"UNIJULES LIFE SCIENCES LTD B# 35 & 36, MIDC…",EUROPA HEALTHCARE LTD,2023 April 25,2028 April 25
2567,H2022/CTD9516/18541,Pylotrip R,"Amoxicillin (As Amoxicillin Trihydrate BP),…",Tablet and Capsule,Bangladesh,Foreign,SQUARE Pharmaceuticals Ltd.,ACE PHARMACEUTICALS LTD,2023 April 25,2028 April 25
2568,H2022/CTD9563/20921,MONTEZINE PLUS,MONTELUKAST SODIUM WITH LEVOCETIRIZINE…,Tablet,India,Foreign,WELCARE LIFESCIENCES,WEGA HEALTHCARE LTD,2023 April 25,2028 April 25
2569,H2022/CTD9951/22073,TRADENTA,Tranexamic Acid Injection BP 500mg/5ml,Solution For Injection,India,Foreign,SIMBA PHARMACEUTICALS LTD,SIMBA PHARMACEUTICALS LTD,2023 April 25,2028 April 25
2570,H2022/CTD8776/18905,VIRHIR-400,Acyclovir USP,Tablet,India,Foreign,HIRAL LABS LIMITED,ZAWADI HEALTHCARE LTD,2023 April 25,2028 April 25
2571,H2022/CTD9953/22471,MYCLIN INJECTION,Clindamycin Injection USP 150mg/m,Solution For Injection,India,Foreign,SIMBA PHARMACEUTICALS LTD,SIMBA PHARMACEUTICALS LTD,2023 April 25,2028 April 25
2572,H2022/CTD9524/20044,Linita Tablet,Linagliptin INN,Film-Coated Tablet,Bangladesh,Foreign,Square Pharmaceuticals Ltd.,ACE PHARMACEUTICALS LTD,2023 April 25,2028 April 25
2573,H2022/CTD7816/14966,VIDOTEG,"Dolutegravir (Sodium) Tablet, Film-Coated 50 mg",Film-Coated Tablet,India,Foreign,SUN PHARMACEUTICAL INDUSTRIES LIMITED,SUN PHARMA EAST AFRICA LTD,2023 April 24,2028 April 24
2574,H2022/CTD8584/16846,Cefpo 200,Cefpodoxime Proxetil,Film-Coated Tablet,Oman,Foreign,OMAN PHARMACEUTICAL PRODUCTS CO. L.L.C,SYNER-MED PHARMACEUTICALS (K)LTD,2023 April 24,2028 April 24
2575,H2022/CTD8718/15540,Camlodin 5 Tablet,Amlodipine Besilate,Tablet,Bangladesh,Foreign,Square Pharmaceuticals Ltd.,ACE PHARMACEUTICALS LTD,2023 April 24,2028 April 24
2576,H2022/CTD8587/16848,CEFPO-50,Cefpodoxime Proxetil,Powder For Oral Suspension,Oman,Foreign,OMAN PHARMACEUTICAL PRODUCTS CO. L.L.C,SYNER-MED PHARMACEUTICALS (K)LTD,2023 April 24,2028 April 24
2577,H2022/CTD8101/16836,NOVIRAX,Acyclovir 5% w/w,Cream,Oman,Foreign,OMAN PHARMACEUTICAL PRODUCTS CO. L.L.C,SYNER-MED PHARMACEUTICALS (K)LTD,2023 April 24,2028 April 24
2578,H2022/CTD8120/16851,Xyra-75,Pregabalin,"Capsule, Hard",Oman,Foreign,OMAN PHARMACEUTICAL PRODUCTS CO. L.L.C,SYNER-MED PHARMACEUTICALS (K)LTD,2023 April 24,2028 April 24
2579,H2022/CTD8769/18929,VENLAFIX-100,Desvenlafaxine Succinate,Tablet,India,Foreign,HIRAL LABS LIMITED,ZAWADI HEALTHCARE LTD,2023 April 24,2028 April 24
2580,H2022/CTD7646/14659,YESOM 40,Esomeprazole sodium,Injection,India,Foreign,M/s. Aspiro Pharma Limited,UNISEL LTD,2023 April 24,2028 April 24
2581,H2022/CTD9678/20566,ACECOR SP,"PARACETAMOL,ACECLOFENAC,SERRATIOPEPTIDASE",Tablet,India,Foreign,SIGNATURE HEALTHCARE LIMITED,SIGNATURE HEALTHCARE LTD,2023 April 17,2028 April 17
2582,H2022/CTD10149/22734,Glipxen 5mg Tablet.,Linagliptin INN 5mg,Tablet,Bangladesh,Foreign,Beacon Medicare Limited,GENERICS AFRICA LTD,2023 April 14,2028 April 14
2583,H2022/CTD9914/22166,CARDICLOP 5 MG FILM COATED TABLETS,Apixaban IH,Film-Coated Tablet,Kenya,Local,COSMOS LIMITED,COSMOS LIMITED,2023 April 13,2028 April 13
2584,H2022/CTD9357/20911,VITHIOL,Carbocisteine and Promethazine Hydrochloride,Syrup,Kenya,Local,EASTLEIGH PHARMACEUTICAL COMPANY LIMITED,EASTLEIGH PHARMACEUTUICAL LIMITED,2023 April 13,2028 April 13
2585,H2022/CTD9913/22165,CARDICLOP 2.5 MG FILM COATED TABLETS,Apixaban IH,Film-Coated Tablet,Kenya,Local,COSMOS LIMITED,COSMOS LIMITED,2023 April 13,2028 April 13
2586,H2022/CTD7800/14927,Salres 100 mcg Aerosol Inhaler,Salbutamol (As Salbutamol Sulfate),Pressurised Inhalation,Turkey,Foreign,Deva Holding A.S.,PHARMACO HEALTHCARE LTD,2023 April 13,2028 April 13
2587,H2022/CTD9837/22450,ZEROBAN 20,RIVOROXABAN TABLETS 20 MG,Film-Coated Tablet,India,Foreign,AVETINA LIFE SCIENCES LTD,AVETINA LIFE SCIENCIES LIMITED,2023 April 13,2028 April 13
2588,H2022/CTD9413/20888,VITAMADOL 50,TRAMADOL HYDROCHLORIDE,Capsule,Kenya,Local,EASTLEIGH PHARMACEUTICALS COMPANY LIMITED,EASTLEIGH PHARMACEUTUICAL LIMITED,2023 April 13,2028 April 13
2589,H2022/CTD9836/22448,ZEROBAN 10,RIVAROXABAN TABLETS 10 MG,Film-Coated Tablet,India,Foreign,AVETINA LIFE SCIENCES LTD,AVETINA LIFE SCIENCIES LIMITED,2023 April 13,2028 April 13
2590,H2022/CTD7795/14922,Devatide 25 mcg/125 mcg aerosol inhaler,Salmaterol xinafoate and Fluticasone propionate,"Pressurised Inhalation, Suspension",Turkey,Foreign,Deva Holding A.S.,PHARMACO HEALTHCARE LTD,2023 April 13,2028 April 13
2591,H2022/CTD7794/14921,Devatide 25 mcg/50 mcg aerosol inhaler,Salmaterol xinafoate and Fluticasone propionate,"Pressurised Inhalation, Suspension",Turkey,Foreign,Deva Holding A.S.,PHARMACO HEALTHCARE LTD,2023 April 13,2028 April 13
2592,H2022/CTD9613/22062,CELABET SYRUP,Betamethasone USP and Dexchlorpheniramine Maleate…,Syrup,India,Foreign,WEST-COAST PHARMACEUTICAL WORKS LIMITED,WIN-PHARMA LIMITED,2023 April 13,2028 April 13
2593,H2022/CTD9713/21694,Kadcyla 100 mg,Trastuzumab Emtansine,Powder For Concentrate For Solution For Infus,Switzerland,Foreign,F. Hoffman-La Roche Ltd,ROCHE KENYA LIMITED,2023 April 11,2028 April 11
2594,H2022/CTD9714/21796,Perjeta 420mg,Pertuzumab,Concentrate For Solution For Infusion,Switzerland,Foreign,"F. Hoffman-la Roche Ltd, Basel",ROCHE KENYA LIMITED,2023 April 11,2028 April 11
2595,H2022/CTD9715/21695,Kadcyla 160 mg,Trastuzumab emtansine,Powder For Concentrate For Solution For Infus,Switzerland,Foreign,F. Hoffmann-La Roche Ltd.,ROCHE KENYA LIMITED,2023 April 11,2028 April 11
2596,H2022/CTD9558/20161,Action Advance Tablet,Paracetamol and Caffeine,Tablet,Kenya,Local,Beta Healthcare International Ltd,BETA HEALTHCARE INTERNATIONAL LTD,2023 April 11,2028 April 11
2597,H2022/CTD9287/20833,TASA WFI,Water for Injection,Solvent For Parenteral Use,Kenya,Local,Tasa Pharma Limited,TASA PHARMA LIMITED,2023 April 11,2028 April 11
2598,H2022/CTD9211/20925,TASALINE 0.9% – Solution for Infusion / Injection,Sodium Chloride,Solution For Injection/Infusion,Kenya,Local,Tasa Pharma Limited,TASA PHARMA LIMITED,2023 April 11,2028 April 11
2599,H2022/CTD9665/21059,CLEDOMOX 457,Amoxicillin and Clavulanate Potassium for oral…,Powder For Oral Suspension,India,Foreign,TABLETS MEDOPHARM PRIVATE LIMITED,PHARMAMED SOLUTION LIMITED,2023 April 11,2028 April 11
2600,H2022/CTD9664/21013,M-LOC 5,Amlodipine Besylate Tablets USP,Film-Coated Tablet,India,Foreign,TABLETS MEDOPHARM PRIVATE LTD,PHARMAMED SOLUTION LIMITED,2023 April 11,2028 April 11
2601,H2022/CTD9906/21373,NATBIC 8.4% Solution for Injection,Sodium Bicarbonate,Solution For Injection,Kenya,Local,Tasa Pharma Limited,TASA PHARMA LIMITED,2023 April 11,2028 April 11
2602,H2022/CTD9852/22007,Synflex M Tablets 85mg + 500mg,Sumatriptan 85mg + Naproxen Sodium 500mg,Coated Tablet,Pakistan,Foreign,MARTIN DOW LIMITED,SKY HEALTHCARE LTD,2023 April 11,2028 April 11
2603,H2022/CTD9819/21586,Ocrevus,Ocrelizumab,Concentrate For Solution For Infusion,Switzerland,Foreign,F. Hoffmann- La Roche Ltd,ROCHE KENYA LIMITED,2023 April 11,2028 April 11
2604,H2022/CTD9938/22681,"Dolutegravir, Lamivudine and Tenofovir Disoproxil…","Dolutegravir (as sodium), Lamivudine, Tenofovir…",Tablet,China,Foreign,Shanghai Desano Bio-Pharmaceutical Co. Ltd,SAI PHARMACEUTICALS LTD,2023 April 11,2028 April 11
2605,H2022/CTD10317/22742,BEMPETOL 180MG TABLETS,Bempedoic Acid,Film-Coated Tablet,India,Foreign,TIBA HEALTHCARE LTD,TIBA HEALTHCARE LIMITED,2023 April 11,2028 April 11
2606,H2022/CTD10152/22733,Glipxen M 500mg Tablet.,Metformin Hydrochloride BP 500mg and Linagliptin…,Tablet,Bangladesh,Foreign,Beacon Medicare Limited,GENERICS AFRICA LTD,2023 April 11,2028 April 11
2607,H2022/CTD10352/21731,Hemlibra 150mg/1ml.,Emicizumab,Solution For Injection,Switzerland,Foreign,"F. Hoffmann-La Roche Ltd,",ROCHE KENYA LIMITED,2023 April 11,2028 April 11
2608,H2022/CTD10353/21729,Hemlibra 60mg/ 0.4ml,Emicizumab,Solution For Injection,Switzerland,Foreign,F. Hoffmann-La Roche Ltd,ROCHE KENYA LIMITED,2023 April 11,2028 April 11
2609,H2022/CTD10354/21728,Hemlibra 30mg/ml.,Emicizumab,Solution For Injection,Switzerland,Foreign,F. Hoffmann-La Roche Ltd,ROCHE KENYA LIMITED,2023 April 11,2028 April 11
2610,H2022/CTD10355/21730,Hemlibra 105 mg/0.7 ml.,Emicizumab,Solution For Injection,Switzerland,Foreign,"F. Hoffmann-La Roche Ltd,",ROCHE KENYA LIMITED,2023 April 11,2028 April 11
2611,H2022/CTD10410/22303,Mosquirix vaccine,Plasmodium falciparum and hepatitis B vaccine…,Powder For Suspension For Injection,Belgium,Foreign,GlaxoSmithKline Pharmaceutical Kenya Limited,LABOREX KENYA LTD-MOMBASA ROAD,2023 April 11,2028 April 11
2612,H2022/CTD4974/1299ER,IRBIS-HT 300/12.5,Irbesartan and Hydrochlorothiazide Tablets 300…,Tablet,India,Foreign,HETERO LABS LIMITED,UNISEL LTD,2022 September 29,2027 September 29
2613,H2022/CTD9246/15872,Empagliflozin and Metformin Hydrochloride…,Empagliflozin & Metformin Hydrochloride USP,Tablet,India,Foreign,CIPLA LIMITED,IMPERIAL MANAGED SOLUTIONS EAST AFRICA LTD-…,2022 September 29,2027 September 29
2614,H2022/CTD9230/15998,Empagliflozin and Metformin Hydrochloride…,Empagliflozin & Metformin Hydrochloride USP,Tablet,India,Foreign,CIPLA LIMITED,IMPERIAL MANAGED SOLUTIONS EAST AFRICA LTD-…,2022 September 29,2027 September 29
2615,H2022/CTD6687/12231,Descovy 200mg/10mg,emtricitabine and tenofovir alafenamide,Film-Coated Tablet,Ireland,Foreign,"Gilead Sciences, Inc.",PHILLIPS THERAPEUTICS LIMITED,2022 September 28,2027 September 28
2616,H2022/CTD6688/12326,HACTOSEC,Levodropropizine,Syrup,Turkey,Foreign,DAFRA PHARMA GMBH,ENERGIA PHARMA LIMITED,2022 September 28,2027 September 28
2617,H2022/CTD7863/15035,Cef-3 Forte Powder for suspension,Cefixime as Cefixime Trihydrate (Micronized),Powder For Oral Solution,Bangladesh,Foreign,Square Pharmaceuticals Ltd.,ACE PHARMACEUTICALS LTD,2022 September 26,2027 September 26
2618,H2022/CTD9177/20940,RIVAGLAX-20,RIVAROXABAN,Tablet,India,Foreign,GALAXY PHARMACEUTICAL LIMITED,GALAXY PHARMACEUTICAL LIMITED,2022 September 21,2027 September 21
2619,H2022/CTD8832/18763,MERADO 1000,MEROPENEM,Powder For Solution For Injection,India,Foreign,MEDAFRIQ PHARMA LIMITED,MEDAFRIQ PHARMA LTD,2022 September 21,2027 September 21
2620,H2022/CTD9175/20920,RIVAGLAX-10,RIVAROXABAN,Film-Coated Tablet,India,Foreign,GALAXY PHARMACEUTICAL LIMITED,GALAXY PHARMACEUTICAL LIMITED,2022 September 21,2027 September 21
2621,H2022/CTD9135/20989,MICROGARD S Cream,"Silver Sulfadiazine, Chlorhexidine Gluconate…",Cream,India,Foreign,STEDMAN PHARMACEUTICALS PVT. LTD.,SIMBA PHARMACEUTICALS LTD,2022 September 21,2027 September 21
2622,H2022/CTD9176/20933,RIVAGLAX-15,RIVAROXABAN,Tablet,India,Foreign,GALAXY PHARMACEUTICAL LIMITED,GALAXY PHARMACEUTICAL LIMITED,2022 September 21,2027 September 21
2623,H2022/CTD8503/15315,Angilock Plus 100/12.5 Tablet,Losartan Potassium & Hydrochlorothiazide,Tablet,Bangladesh,Local,SQUARE Pharmaceuticals Ltd.,ACE PHARMACEUTICALS LTD,2022 September 21,2027 September 21
2624,H2022/CTD9076/21034,PIXAB 5,Apixaban,Film-Coated Tablet,India,Foreign,Aarti life sciences LLP,TIBA HEALTHCARE LIMITED,2022 September 21,2027 September 21
2625,H2022/CTD9075/21032,PIXAB 2.5,Apixaban,Film-Coated Tablet,India,Foreign,Aarti Life Science LLP,TIBA HEALTHCARE LIMITED,2022 September 21,2027 September 21
2626,H2022/CTD9806/18544,Paclitaxel 100mg,Paclitaxel,Solution For Infusion,Australia,Foreign,Paclitaxel 100mg,PFIZER LABORATORIES LTD,2022 September 21,2027 September 21
2627,H2022/CTD8291/16078,CETAZ,Ceftazidime BP (Sterile),Powder For Injection,India,Foreign,MEDAFRIQ PHARMA LIMITED,MEDAFRIQ PHARMA LTD,2022 September 21,2027 September 21
2628,H2022/CTD8290/16077,AFROXIM 750,Cefuroxime Sodium  USP (Sterile),Powder For Injection,India,Foreign,MEDAFRIQ PHARMA LIMITED,MEDAFRIQ PHARMA LTD,2022 September 21,2027 September 21
2629,H2022/CTD8798/18205,MERADO 500,Meropenem,Powder For Solution For Injection/Infusion,India,Foreign,MEDAFRIQ PHARMA LIMITED,MEDAFRIQ PHARMA LTD,2022 September 21,2027 September 21
2630,H2022/CTD7436/14605,Rotem Injection 80mg,Artemether,Injection,Pakistan,Foreign,Surge Laboratories (Pvt) Ltd,HARLEYS LTD-NAIROBI,2022 September 21,2027 September 21
2631,H2022/CTD8805/18577,Clotinex 40 Pre-Filled Syringe Injection,Enoxaparin Sodium,Solution For Injection In Pre-Filled Syringe,Bangladesh,Foreign,Square Pharmaceuticals Ltd.,ACE PHARMACEUTICALS LTD,2022 September 21,2027 September 21
2632,H2022/CTD8145/15322,Clotinex 60 Pre-filled Syringe injection,Enoxaparin Sodium,Injection,Bangladesh,Foreign,Square Pharmaceuticals Ltd,ACE PHARMACEUTICALS LTD,2022 September 21,2027 September 21
2633,H2022/CTD8829/18146,DORADO 500,Doripenem,Powder For Solution For Injection,India,Foreign,MEDAFRIQ PHARMA LIMITED,MEDAFRIQ PHARMA LTD,2022 September 21,2027 September 21
2634,H2022/CTD6784/13348,DUOQUINE POWDER FOR ORAL SUSPENSION,Dihydroartemisinin and Piperaquine Phosphate,Powder For Oral Suspension,China,Foreign,BELEA PHARMACY LTD,BEL-EA PHARMACY LTD,2022 September 20,2027 September 20
2635,H2022/CTD9807/18545,Paclitaxel 300mg,Paclitaxel,Solution For Infusion,Australia,Foreign,Paclitaxel 300mg,PFIZER LABORATORIES LTD,2022 September 20,2027 September 20
2636,H2022/CTD9145/20879,GULAIR TABLETS,MONTELUKAST SODIUM BP + LEVOCETRIZINE…,Film-Coated Tablet,Kenya,Local,PROMED PHARMACEUTICALS LTD,PRO MED PHARMACEUTICALS  LTD,2022 September 20,2027 September 20
2637,H2022/CTD8935/20253,ETOVAC PLUS,ETORICOXIB AND PARACETAMOL BP,Tablet,Kenya,Local,PROMED PHARMACEUTICALS LTD,PRO MED PHARMACEUTICALS  LTD,2022 September 20,2027 September 20
2638,H2022/CTD9283/21195,PRINAL 75,Pregabalin USP 75mg,"Capsule, Hard",Kenya,Local,NATIONAL PHARMACY LTD,NATIONAL PHARMACY LTD,2022 September 20,2027 September 20
2639,H2022/CTD9372/21198,PRINAL 150,Pregabalin USP …..150mg,"Capsule, Hard",Kenya,Local,NATIONAL PHARMACY LTD,NATIONAL PHARMACY LTD,2022 September 20,2027 September 20
2640,H2022/CTD9142/20803,CIPROCEL INJECTION,CIPROFLOXACIN BP,Infusion,India,Foreign,PRO MED PHARMACEUTICALS LTD,PRO MED PHARMACEUTICALS  LTD,2022 September 20,2027 September 20
2641,H2022/CTD5481/5729ER,Tamsu 0.4mg Tablets,Tamsulosin Hydrochloride,Capsule,India,Foreign,SAI PHARMACEUTICALS LIMITED,SAI PHARMACEUTICALS LTD,2022 September 15,2027 September 15
2642,H2022/CTD9155/20461,Actinac Plus SP,Aceclofenac BP  Directly Compressible Granules…,Film-Coated Tablet,India,Foreign,Ajanta Pharma Limited,HARLEYS LTD-NAIROBI,2022 September 14,2027 September 14
2643,H2022/CTD6841/13040,Addaven,"Chromic chloride hexahydrate, Copper chloride…",Concentrate For Solution For Infusion,Norway,Foreign,Fresenius Kabi South Africa (Pty) Limited,SURGIPHARM LTD,2022 September 14,2027 September 14
2644,H2022/CTD9056/20433,BECTOXIME 400,Cefixime Trihydrate USP 400MG,Tablet,India,Foreign,TRIDENT LIFELINE PVT. LTD.,EASTLEIGH PHARMACEUTUICAL LIMITED,2022 September 14,2027 September 14
2645,H2022/CTD7193/14106,Lefno 20mg tablets,Leflunomide USP,Tablet,India,Foreign,Ipca Laboratories Limited,SAI PHARMACEUTICALS LTD,2022 September 14,2027 September 14
2646,H2022/CTD8261/15221,Cefexol Suspension,Cefixime (as Trihydrate),Powder For Oral Suspension,Pakistan,Foreign,NABIQASIM INDUSTRIES (PVT.) LTD.,HARLEYS LTD-NAIROBI,2022 September 14,2027 September 14
2647,H2022/CTD9156/20166,NEBUNTA 5,Nebivolol Hydrochloride IH,Tablet,India,Foreign,Ajanta Pharma Limited,HARLEYS LTD-NAIROBI,2022 September 14,2027 September 14
2648,H2022/CTD8750/18253,Synjardy 5 / 1000 mg Tablets,Empagliflozin + Metformin hydrochloride,Film-Coated Tablet,Greece,Foreign,Boehringer Ingelheim international GmbH,SURGIPHARM LTD,2022 September 14,2027 September 14
2649,H2022/CTD8751/18254,Synjardy 12.5 + 850 mg Tablets,Empagliflozin + Metformin hydrochloride,Film-Coated Tablet,Greece,Foreign,Boehringer Ingelheim international GmbH,SURGIPHARM LTD,2022 September 14,2027 September 14
2650,H2022/CTD7311/14340,CARDESINE 6MG/2ML SOLUTION FOR INJECTION,Adenosine USP,Solution For Injection,Jordan,Foreign,MS Pharma Jordan,EVKA CONSULTZ LTD,2022 September 14,2027 September 14
2651,H2022/CTD7597/14780,ANOMEX OINTMENT,"Hydrocortisone Acetate, Lidocaine, Zinc Oxide &…",Ointment,India,Foreign,BLISS GVS PHARMA LTD.,THERALIFE PHARMA LTD,2022 September 14,2027 September 14
2652,H2022/CTD7785/14889,ODIMONT-LC,Levocetirizine Dihydrochloride & Montelukast…,Tablet,India,Foreign,Cadila Healthcare Limited,ZYDUS LIFESCIENCES LIMITED,2022 September 14,2027 September 14
2653,H2022/CTD9178/21010,CABALIN 75 NT,PREGABALIN & NORTRIPTYLINE HYDROCHLORIDE,Film-Coated Tablet,India,Foreign,GALAXY PHARMACEUTICAL LTD.,GALAXY PHARMACEUTICAL LIMITED,2022 September 12,2027 September 12
2654,H2022/CTD9110/20938,Acimol MR,"Aceclofenac, Paracetamol & Chlorzoxazone",Tablet,India,Foreign,Universal Corporation,UNIVERSAL CORPORATION LTD,2022 September 12,2027 September 12
2655,H2022/CTD8414/17887,Cis-Curon Injection,Cis-Atracurium Besylate Injection USP,Injection,Pakistan,Foreign,BROOKES PHARMA PRIVATE LIMITED,HARLEYS LTD-NAIROBI,2022 September 12,2027 September 12
2656,H2022/CTD8868/18641,Oxoferin Solution,Tetrachlorodecaoxide,Transdermal Solution,Pakistan,Foreign,BROOKES PHARMA PRIVATE LIMITED,HARLEYS LTD-NAIROBI,2022 September 12,2027 September 12
2657,H2022/CTD8763/18553,CYCLOLAT EYE DROPS,Cyclopentolate Hydrochloride,"Eye Drops, Solution",India,Foreign,GALAXY PHARMACEUTICAL LTD,GALAXY PHARMACEUTICAL LIMITED,2022 September 12,2027 September 12
2658,H2022/CTD8624/19193,Dolutegravir Sodium Tablet for Oral Suspension…,Dolutegravir Sodium,Film-Coated Tablet,India,Foreign,Macleods Pharmaceuticals Limited,SAI PHARMACEUTICALS LTD,2022 September 12,2027 September 12
2659,H2022/CTD8878/20478,CIPROGLAX-D  EYE DROPS,Ciprofloxacin Hydrochloride USP and …,Eye Drops,India,Foreign,GALAXY PHARMACEUTICAL LTD,GALAXY PHARMACEUTICAL LIMITED,2022 September 12,2027 September 12
2660,H2022/CTD8293/17780,Precidex Injection,Dexmedetomidine HCl USP,Solution For Infusion,Pakistan,Foreign,BROOKES PHARMA PRIVATE LIMITED,HARLEYS LTD-NAIROBI,2022 September 12,2027 September 12
2661,H2022/CTD7223/14193,ACEAAR P,"Aceclofenac , Paracetamol BP",Tablet,India,Foreign,Pinnacle Life Scienct Pvt Ltd,UNISEL LTD,2022 September 12,2027 September 12
2662,H2022/CTD8684/16870,Varoxa-20,Rivaroxaban,Film-Coated Tablet,India,Foreign,Micro Labs Limited,MICRO LABS (EA) LTD,2022 September 12,2027 September 12
2663,H2022/CTD8881/20030,DORZIDE-T EYE DROPS,Dorzolamide Hydrochloride BP Timolol Maleate BP,"Eye Drops, Solution",India,Foreign,GALAXY PHARMACEUTICAL LIMITED,GALAXY PHARMACEUTICAL LIMITED,2022 September 12,2027 September 12
2664,H2022/CTD8201/16872,Varoxa-10,Rivaroxaban,Film-Coated Tablet,India,Foreign,Micro Labs Limited,MICRO LABS (EA) LTD,2022 September 12,2027 September 12
2665,H2022/CTD8973/20693,BP-TEL 5/80 AM TABLETS,Amlodipine Besilate & Telmisartan,Film-Coated Tablet,India,Foreign,M/s. Innocia Lifesciences Pvt. Ltd.,WESSEX PHARMACEUTICALS LTD,2022 September 12,2027 September 12
2666,H2022/CTD8658/17596,URYDOS - 8,Silodosin,Capsule,India,Foreign,Micro Labs Limited,MICRO LABS (EA) LTD,2022 September 12,2027 September 12
2667,H2022/CTD8632/17594,COROLOR,Ticagrelor,Film-Coated Tablet,India,Foreign,Micro Labs Limited,MICRO LABS (EA) LTD,2022 September 12,2027 September 12
2668,H2022/CTD9112/21014,ACL KIT,Amoxicillin/ Lansoprazole /Clarithromycin,Film-Coated Tablet,Kenya,Foreign,Universal Corporation Limited,UNIVERSAL CORPORATION LTD,2022 September 12,2027 September 12
2669,H2022/CTD9111/20960,Clotrine BG Cream,Betamethasone  Dipropionate + Gentamycin +…,Cream,India,Foreign,Universal Corporation Limited,UNIVERSAL CORPORATION LTD,2022 September 12,2027 September 12
2670,H2022/CTD8657/17595,URYDOS - 4,Silodosin,Capsule,India,Foreign,Micro Labs Limited,MICRO LABS (EA) LTD,2022 September 12,2027 September 12
2671,H2022/CTD8968/20709,BP-TEL 10/40 ACT TABLETS,"Amlodipine Besilate, Telmisartan & Chlorthalidone",Film-Coated Tablet,India,Foreign,M/s. Innocia Lifesciences Pvt. Ltd.,WESSEX PHARMACEUTICALS LTD,2022 September 12,2027 September 12
2672,H2022/CTD9066/20683,STEDNAC MR Tablets,: Aceclofenac & Thiocolchicoside,Tablet,India,Foreign,STEDMAN PHARMACEUTICALS PVT. LTD.,SIMBA PHARMACEUTICALS LTD,2022 September 12,2027 September 12
2673,H2022/CTD8887/20465,FERTIZOL TABLETS,LETROZOLE,Film-Coated Tablet,India,Foreign,GALAXY PHARMACEUTICAL LIMITED,GALAXY PHARMACEUTICAL LIMITED,2022 September 12,2027 September 12
2674,H2022/CTD5372/3839ER,Quetiapine 50mg Tablets,Quetiapine Fumarate USP,Film-Coated Tablet,India,Foreign,SAI PHARMACEUTICALS LIMITED,SAI PHARMACEUTICALS LTD,2022 September 12,2027 September 12
2675,H2022/CTD6770/13308,Vanbact Injection 500mg,Vancomycin HCl,Injection,Pakistan,Foreign,Nabiqasim Industries (Pvt) Ltd,HARLEYS LTD-NAIROBI,2022 September 06,2027 September 06
2676,H2022/CTD6846/13110,Loprot I.V Injection 40mg,Omeprazole,Infusion,Pakistan,Foreign,Nabiqasim Industries Pvt Ltd,HARLEYS LTD-NAIROBI,2022 September 06,2027 September 06
2677,H2022/CTD9541/20982,Healive Adult,"Hepatitis A Vaccine (Human Diploid Cell),…",Suspension For Injection,China,Foreign,SINOVAC BIOTECH CO. LTD,SAI PHARMACEUTICALS LTD,2022 September 06,2027 September 06
2678,H2022/CTD8662/17755,VITOC-D SOFTGEL,Cholecalciferol USP,"Capsule, Soft",India,Foreign,CACHET PHARMACEUTICALS PVT. LTD,PHILLIPS THERAPEUTICS LIMITED,2022 September 06,2027 September 06
2679,H2022/CTD9059/20183,"Xigduo XR 10 mg/1000 mg, extended release tablets",Dapagliflozin and Metformin hydrochloride,Tablet,United States,Foreign,AstraZeneca UK Limited,ASTRAZENECA PHARMACEUTICALS LIMITED,2022 September 01,2027 September 01
2680,H2022/CTD7454/3824ER,ACETRAM TABLETS,Paracetamol & Tramadol Hydrochloride,Tablet,Bangladesh,Local,Square Pharmaceuticals Ltd.,ACE PHARMACEUTICALS LTD,2022 September 01,2027 September 01
2681,H2022/CTD8460/16718,"Xigduo XR 5 mg/1000 mg, extended release tablets",dapagliflozin and metformin hydrochloride,Tablet,United States,Foreign,ASTRAZENECA UK LIMITED,ASTRAZENECA PHARMACEUTICALS LIMITED,2022 September 01,2027 September 01
2682,H2022/CTD8875/19984,Paloxi 0.25mg Injection,Palonosetron Hydrochloride,Injection,Bangladesh,Foreign,Beacon Medicare Limited,GENERICS AFRICA LTD,2022 September 01,2027 September 01
2683,H2022/CTD7984/15200,Casfung 70,Caspofungin acetate for injection,Powder And Solution For Solution For Injectio,India,Foreign,Glenmark Pharmaceuticals Kenya Ltd.,GLENMARK PHARMACEUTICALS (K) LTD,2022 September 01,2027 September 01
2684,H2022/CTD8987/20173,Linamide 10mg Capsule,Lenalidomide,Capsule,Bangladesh,Foreign,Beacon Medicare Limited,GENERICS AFRICA LTD,2022 September 01,2027 September 01
2685,H2022/CTD8988/20171,Linamide 25mg Capsule,Lenalidomide,Capsule,Bangladesh,Foreign,Beacon Medicare Limited,GENERICS AFRICA LTD,2022 September 01,2027 September 01
2686,H2022/CTD6559/3836ER,Quetiapine XR 200mg Tablets,Quetiapine Fumarate,Film-Coated Tablet,India,Foreign,SAI PHARMACEUTICALS LIMITED,SAI PHARMACEUTICALS LTD,2022 September 01,2027 September 01
2687,H2022/CTD6560/3843ER,Quetiapine 100mg Tablets,Quetiapine Fumarate,Film-Coated Tablet,India,Foreign,SAI PHARMACEUTICALS LIMITED,SAI PHARMACEUTICALS LTD,2022 September 01,2027 September 01
2688,H2022/CTD6644/3838ER,Zepid 2mg Tablets,Risperidone,Film-Coated Tablet,India,Foreign,SAI PHARMACEUTICALS LIMITED,SAI PHARMACEUTICALS LTD,2022 September 01,2027 September 01
2689,H2022/CTD8989/20211,Pazonix 200mg tablet,Pazopanib,Tablet,Bangladesh,Foreign,Beacon Medicare Limited,GENERICS AFRICA LTD,2022 September 01,2027 September 01
2690,H2022/CTD6842/13095,Patmac Lyophilized powder solution for injection,Pantoprazole Sodium,Infusion,Pakistan,Foreign,Nabiqasim Industries Pvt Ltd,HARLEYS LTD-NAIROBI,2022 September 01,2027 September 01
2691,H2022/CTD8874/19777,Paloxi 0.075mg Injection,Palonosetron Hydrochloride INN,Injection,Bangladesh,Foreign,Beacon Medicare Limited,GENERICS AFRICA LTD,2022 September 01,2027 September 01
2692,H2022/CTD7985/15199,Casfung 50,Caspofungin acetate,Powder For Concentrate For Solution For Infus,India,Foreign,Glenmark Pharmaceuticals Ltd.,GLENMARK PHARMACEUTICALS (K) LTD,2022 September 01,2027 September 01
2693,H2022/CTD8880/20146,PLS NAYGRA 50 TABLETS,Sildenafil Citrate,Film-Coated Tablet,India,Foreign,GALAXY PHARMACEUTICAL LTD,GALAXY PHARMACEUTICAL LIMITED,2022 October 17,2027 October 17
2694,H2022/CTD6662/12997,DIAPHAGE® SR 1GM Tablets,Metformin Hydrochloride Eur. Ph,Film-Coated Tablet,Jordan,Foreign,"United Pharmaceuticals Mfg, Co. Ltd",EVKA CONSULTZ LTD,2022 October 17,2027 October 17
2695,H2022/CTD8155/18066,SORANIX,Sorafenib Tosylate,Tablet,Bangladesh,Foreign,Beacon Medicare Limited,GENERICS AFRICA LTD,2022 October 17,2027 October 17
2696,H2022/CTD9082/20298,OLMECURE-CT 40 (OLMESARTAN MEDOXOMIL WITH…,Olmesartan Medoxomil  and Chlortalidone,Tablet,India,Foreign,DOLOPHARMA HEALTHCARE LTD,DOLOPHARMA HEALTHCARE LTD,2022 October 13,2027 October 13
2697,H2022/CTD8983/20732,CILNITEL 20/80 TABLETS,Cilnidipine & Telmisartan,Film-Coated Tablet,India,Foreign,M/s. Innocia Lifesciences Pvt. Ltd.,WESSEX PHARMACEUTICALS LTD,2022 October 13,2027 October 13
2698,H2022/CTD8982/20737,CILNITEL 20/80 CT TABLETS,"Cilnidipine,Telmisartan &Chlorthalidone",Film-Coated Tablet,India,Foreign,M/s. Innocia Lifesciences Pvt. Ltd.,WESSEX PHARMACEUTICALS LTD,2022 October 13,2027 October 13
2699,H2022/CTD8981/20724,CILNITEL 20/40 TABLETS,Cilnidipine & Telmisartan,Film-Coated Tablet,India,Foreign,M/s. Innocia Lifesciences Pvt. Ltd.,WESSEX PHARMACEUTICALS LTD,2022 October 13,2027 October 13
2700,H2022/CTD8980/20734,CILNITEL 20/40 CT TABLETS,"Cilnidipine, Telmisartan&Chlorthalidone",Film-Coated Tablet,India,Foreign,M/s. Innocia Lifesciences Pvt. Ltd.,WESSEX PHARMACEUTICALS LTD,2022 October 13,2027 October 13
2701,H2022/CTD8879/20145,PLS NAYGRA 100 TABLETS,Sildenafil Citrate,Film-Coated Tablet,India,Foreign,GALAXY PHARMACEUTICAL LTD,GALAXY PHARMACEUTICAL LIMITED,2022 October 13,2027 October 13
2702,H2022/CTD8099/16496,LETRODAY 2.5,Letrozole,Film-Coated Tablet,India,Foreign,Aurobindo Pharma Limited,SIMBA PHARMACEUTICALS LTD,2022 October 13,2027 October 13
2703,H2022/CTD9083/20299,OLMECURE-CT 20 (OLMESARTAN MEDOXOMIL WITH…,"Olmesartan Medoxomil ,Chlorthalidone B",Tablet,India,Foreign,DOLOPHARMA HEALTHCARE LTD,DOLOPHARMA HEALTHCARE LTD,2022 October 13,2027 October 13
2704,H2022/CTD7953/16239,HEXICORD SOLUTION,Chlorhexidine Gluconate,Tablet,Bangladesh,Foreign,ADVANCED CHEMICAL INDUSTRIES,UNISEL LTD,2022 October 13,2027 October 13
2705,H2022/CTD8800/18128,cafenol tablets,Aspirin and Caffeine.,Tablet,Kenya,Local,Beta Healthcare International Limited,BETA HEALTHCARE INTERNATIONAL LTD,2022 October 13,2027 October 13
2706,H2022/CTD8631/17602,URYSOREN-10,Solifenacin Succinate,Tablet,India,Foreign,Micro Labs Limited,MICRO LABS (EA) LTD,2022 October 13,2027 October 13
2707,H2022/CTD9153/16367,Dapzin-5,Dapagliflozin,Tablet,India,Foreign,Micro Labs Limited,MICRO LABS (EA) LTD,2022 October 13,2027 October 13
2708,H2022/CTD6780/13335,Terbiderm Tablets,Terbinafine HCl,Tablet,Pakistan,Foreign,ATCO Laboratories Limited,GLOBE PHARMACY LTD,2022 October 13,2027 October 13
2709,H2022/CTD8753/18252,Synjardy 5 / 850 mg Tablets,Empagliflozin + Metformin hydrochloride,Film-Coated Tablet,Greece,Foreign,Boehringer Ingelheim international GmbH,SURGIPHARM LTD,2022 October 13,2027 October 13
2710,H2022/CTD9180/17601,URYSOREN-5mg,Solifenacin Succinate,Tablet,India,Foreign,Micro Labs Limited,MICRO LABS (EA) LTD,2022 October 13,2027 October 13
2711,H2022/CTD7225/14197,CETRIPINN 10,Cetirizine Hydrochlroide BP,Tablet,India,Foreign,Pinnacle Life Scienct Pvt Ltd,UNISEL LTD,2022 October 13,2027 October 13
2712,H2022/CTD8623/19874,Tivicay 5mg,Dolutegravir,Dispersible Tablet,United Kingdom,Foreign,GlaxoSmithKline Pharmaceutical Kenya Limited,LABOREX KENYA LTD-MOMBASA ROAD,2022 October 13,2027 October 13
2713,H2022/CTD6654/12964,Terbiderm Forte Tablets,Terbinefine HCl,Tablet,Pakistan,Foreign,ATCO Laboratories Limited,GLOBE PHARMACY LTD,2022 October 13,2027 October 13
2714,H2022/CTD9930/20275,PLS SAFE-72 TABLETS,Levonorgestrel BP,Tablet,India,Foreign,GALAXY PHARMACEUTICAL LTD,GALAXY PHARMACEUTICAL LIMITED,2022 October 11,2027 October 11
2715,11968,Tobradex Eye drops,"Tobramycin, Dexamethasone","Eye Drops, Suspension",Belgium,Foreign,Novartis Pharma AG,NVS KENYA LTD,2022 October 11,2027 October 11
2716,H2022/CTD9115/20244,DESLIT,DESLORATIDINE,Syrup,India,Foreign,MOHAMED IFTIKHAR SAEED,SIGNATURE HEALTHCARE LTD,2022 October 04,2027 October 04
2717,H2022/CTD9360/20902,VELESTAMINE TABLET,Betamethasone and Dexchlorpheniramine Maleate,Tablet,Kenya,Local,Eastleigh Pharmaceuticals Company Limited,EASTLEIGH PHARMACEUTUICAL LIMITED,2022 November 30,2027 November 30
2718,H2022/CTD9387/16569,Aarciflox 500,Ciprofloxacin Tablets USP,Tablet,India,Foreign,Pinnacle Life Scienct Pvt Ltd,UNISEL LTD,2022 November 30,2027 November 30
2719,H2022/CTD8674/17757,VITOC-D SACHET,Colecalciferol BP,Powder For Oral Solution In Sachet,India,Foreign,CACHET PHARMACEUTICALS PVT. LTD,PHILLIPS THERAPEUTICS LIMITED,2022 November 30,2027 November 30
2720,H2022/CTD9275/21328,TAM 0.4,Tamsulosin Hydrochloride,Prolonged-Release Tablet,India,Foreign,GALAXY PHARMACEUTICAL LTD,GALAXY PHARMACEUTICAL LIMITED,2022 November 30,2027 November 30
2721,H2022/CTD9279/21222,TOBRASONE EYE OINTMENT,Tobramycin Sulphate USP and Dexamethasone USP,Eye Ointment,India,Foreign,GALAXY PHARMACEUTICAL LIMITED,GALAXY PHARMACEUTICAL LIMITED,2022 November 30,2027 November 30
2722,H2022/CTD9350/20653,TIBINA  20MG TABLETS,TORASEMIDE,Tablet,Kenya,Local,COSMOS LIMITED,COSMOS LIMITED,2022 November 30,2027 November 30
2723,H2022/CTD9349/20611,TIBINA  10MG TABLETS,TORASEMIDE,Tablet,Kenya,Local,COSMOS LIMITED,COSMOS LIMITED,2022 November 30,2027 November 30
2724,H2022/CTD9294/16550,BLACIDEC 5,Solifenacin succinate,Tablet,India,Foreign,MSN LABORATORIES PRIVATE LIMITED,SIMBA PHARMACEUTICALS LTD,2022 November 30,2027 November 30
2725,H2022/CTD9260/15229,OPTIMOL-M,Paracetamol + Mefenamic acid,Oral Suspension,India,Foreign,Ravenbhel Healthcare Pvt. Ltd,SKY HEALTHCARE LTD,2022 November 20,2027 November 20
2726,H2022/CTD7284/14045,ATORVA AM 10/20,AMLODIPINE BESYLATE AND ATORVASTATIN CALCIUM,Tablet,India,Foreign,Cadila Healthcare Limited,ZYDUS LIFESCIENCES LIMITED,2022 November 20,2027 November 20
2727,H2022/CTD8238/16481,Emesafe-4,Ondansetron,Tablet,India,Foreign,Metro Pharmaceuticals Limited,METRO PHARMACEUTICALS LTD,2022 November 20,2027 November 20
2728,H2022/CTD8328/16482,Emesafe-8,Ondansetron,Tablet,India,Foreign,Metro Pharmaceuticals Limited,METRO PHARMACEUTICALS LTD,2022 November 20,2027 November 20
2729,H2022/CTD7282/14043,ATORVA AM 5/10,AMLODIPINE BESYLATE AND ATORVASTATIN CALCIUM,Tablet,India,Foreign,Cadila Healthcare Limited,ZYDUS LIFESCIENCES LIMITED,2022 November 20,2027 November 20
2730,H2022/CTD7283/14044,ATORVA AM 5/20,AMLODIPINE BESYLATE AND ATORVASTATIN CALCIUM,Tablet,India,Foreign,Cadila Healthcare Limited,ZYDUS LIFESCIENCES LIMITED,2022 November 20,2027 November 20
2731,H2022/CTD8752/18255,Synjardy 12.5 + 1000 mg Tablets,Empagliflozin + Metformin hydrochloride,Film-Coated Tablet,Greece,Foreign,Boehringer Ingelheim international GmbH,SURGIPHARM LTD,2022 November 20,2027 November 20
2732,H2022/CTD8764/18555,OLAPO EYE DROPS,Olopatadine Hydrochloride USP,"Eye Drops, Solution",India,Foreign,GALAXY PHARMACEUTICAL LTD,GALAXY PHARMACEUTICAL LIMITED,2022 November 19,2027 November 19
2733,H2022/CTD9584/20493,VASTATIN 40,Atorvastatin Calcium,Tablet,India,Foreign,Eastleigh Pharmaceuticals Co. Ltd,EASTLEIGH PHARMACEUTUICAL LIMITED,2022 November 19,2027 November 19
2734,H2022/CTD8172/16492,CISATRA 10ML INJECTION,Cisatracurium Besylate,Injection,India,Foreign,THEMIS MEDICARE LIMITED,PHILLIPS THERAPEUTICS LIMITED,2022 November 19,2027 November 19
2735,H2022/CTD8814/18223,DABIFIB 150,Dabigatran Etexilate Mesylate,Capsule,India,Foreign,MSN Laboratories Private Limited,SIMBA PHARMACEUTICALS LTD,2022 November 19,2027 November 19
2736,H2022/CTD9430/20689,VISCON,"Sodium Alginate, Sodium Bicarbonate & Calcium…",Oral Suspension,India,Foreign,Eastleigh Pharmaceuticals Co. Ltd,EASTLEIGH PHARMACEUTUICAL LIMITED,2022 November 19,2027 November 19
2737,H2022/CTD8815/18221,DABIFIB 75,Dabigatran Etexilate Mesylate,Capsule,India,Foreign,MSN Laboratories Private Limited,SIMBA PHARMACEUTICALS LTD,2022 November 19,2027 November 19
2738,H2022/CTD9205/15287,"WEPOX 30,000",ERYTHROPOIETIN,Solution For Injection,India,Foreign,WOCKHARDT LIMITED,PHILLIPS THERAPEUTICS LIMITED,2022 November 19,2027 November 19
2739,H2022/CTD9585/20491,VASTATIN 20,Atorvastatin Calcium,Tablet,India,Foreign,Eastleigh Pharmaceuticals Co. Ltd,EASTLEIGH PHARMACEUTUICAL LIMITED,2022 November 19,2027 November 19
2740,H2022/CTD8816/18222,DABIFIB 110,Dabigatran Etexilate Mesylate,Capsule,India,Foreign,MSN Laboratories Private Limited,SIMBA PHARMACEUTICALS LTD,2022 November 19,2027 November 19
2741,H2022/CTD8250/15934,CELTERE 20,Docetaxel Trihydrate USP,Injection,India,Foreign,M/s. Celon Laboratories Private limited,EUROPA HEALTHCARE LTD,2022 November 19,2027 November 19
2742,H2022/CTD9002/15210,MEDILOP INJECTION,CEFTRIAZONE INJECTION IG AND STERILE WATER FOR…,Injection,China,Foreign,MEDCURE HEALTHCARE,MEDCURE HEALTHCARE LTD,2022 November 19,2027 November 19
2743,H2022/CTD9003/15805,AGELAMATE TABLETS,Amoxicillin and Clavulanate Potassium,Tablet,China,Foreign,MEDCURE HEALTHCARE,MEDCURE HEALTHCARE LTD,2022 November 19,2027 November 19
2744,H2022/CTD9583/20497,VIPILET,Clopidogrel,Coated Tablet,India,Foreign,Eastleigh Pharmaceuticals Co. Ltd,EASTLEIGH PHARMACEUTUICAL LIMITED,2022 November 19,2027 November 19
2745,H2022/CTD9247/20027,KARIN INJECTION,Heparin Sodium BP,Injection,India,Foreign,KILITCH DRUGS (India) LIMITED,MEDALI PHARMA LIMITED.,2022 November 19,2027 November 19
2746,H2022/CTD8035/15286,WEPOX 5000,ERYTHROPOIETIN,Solution For Injection,India,Foreign,WOCKHARDT LIMITED,PHILLIPS THERAPEUTICS LIMITED,2022 November 19,2027 November 19
2747,H2022/CTD9251/18691,AUROPODOX 40,Cefpodoxime Proxetil,Oral Suspension,India,Foreign,AUROBINDO PHARMA LIMITED,SIMBA PHARMACEUTICALS LTD,2022 November 19,2027 November 19
2748,H2022/CTD9579/20681,VABIOTIC  500,Flucloxacillin Sodium,Capsule,India,Foreign,Eastleigh Pharmaceuticals Co. Ltd,EASTLEIGH PHARMACEUTUICAL LIMITED,2022 November 19,2027 November 19
2749,H2022/CTD8505/17562,PRACLOMIDE,CLOMIPHENE 50mg TABLETS,Tablet,India,Foreign,MEDCURE HEALTHCARE,MEDCURE HEALTHCARE LTD,2022 November 19,2027 November 19
2750,H2022/CTD9482/21680,COXIRAV-90,Etoricoxib,Film-Coated Tablet,India,Foreign,RAVIAN LIFE SCIENCE PVT. LTD,PHARMA BRANDING LTD,2022 November 19,2027 November 19
2751,H2022/CTD9038/17719,CLOZOLE TRIO CREAM,"Clotrimazole, Betamethasone and Neomycin Sulfate…",Cream,India,Foreign,SHALINA HEALTHCARE DMCC,SHALINA HEALTHCARE KENYA LIMITED,2022 November 19,2027 November 19
2752,H2022/CTD8484/15208,FUCLEAR V TABLET,"Clotrimazole BP, Metronidazole BP, Lactobacillus…",Vaginal Tablet,India,Foreign,MEDCURE HEALTHCARE,MEDCURE HEALTHCARE LTD,2022 November 19,2027 November 19
2753,H2022/CTD9369/20496,VELMI,Telmisartan,Tablet,India,Foreign,Eastleigh Pharmaceuticals Co. Ltd,EASTLEIGH PHARMACEUTUICAL LIMITED,2022 November 19,2027 November 19
2754,H2022/CTD9061/20439,ZOLETRI DSR,Rabeprazole Sodium (EC) and Domperidone (SR),Capsule,India,Foreign,TRIDENT LIFELINE PVT. LTD.,EASTLEIGH PHARMACEUTUICAL LIMITED,2022 November 19,2027 November 19
2755,H2022/CTD9351/20928,DIPROSON CREAM,Betamethasone Dipropionate cream USP,Cream,India,Foreign,SHALINA HEALTHCARE DMCC,SHALINA HEALTHCARE KENYA LIMITED,2022 November 19,2027 November 19
2756,H2022/CTD9536/20985,VIMIS,Omeprazole,Capsule,India,Foreign,Eastleigh Pharmaceuticals Co. Ltd,EASTLEIGH PHARMACEUTUICAL LIMITED,2022 November 19,2027 November 19
2757,H2022/CTD9588/20663,VITAFERON,"Iron, Folic Acid, Zinc, Vitamin 12",Oral Suspension,India,Foreign,Eastleigh Pharmaceuticals Co. Ltd,EASTLEIGH PHARMACEUTUICAL LIMITED,2022 November 11,2027 November 11
2758,H2022/CTD9117/20302,CUTICOR,"Betamethasone Dipropionate USP, Gentamicin…",Cream,India,Foreign,MOHAMED IFTIKHAR SAEED,SIGNATURE HEALTHCARE LTD,2022 November 09,2027 November 09
2759,H2022/CTD9658/22135,Jardy-Met 12.5/1000 Tablet,Empagliflozin & Metformin HCl,Tablet,Pakistan,Foreign,CCL Pharmaceuticals (Pvt.) Ltd.,HARLEYS LTD-NAIROBI,2022 November 09,2027 November 09
2760,H2022/CTD9661/21009,Xalia Tablet 15mg,Rivaroxaban,Film-Coated Tablet,Pakistan,Foreign,CCL Pharmaceuticals (Pvt.) Ltd.,HARLEYS LTD-NAIROBI,2022 November 09,2027 November 09
2761,H2022/CTD9586/20434,VAMAX 200,Azithromycin Dihydrate USP,Oral Suspension,India,Foreign,Eastleigh Pharmaceuticals Co. Ltd,EASTLEIGH PHARMACEUTUICAL LIMITED,2022 November 09,2027 November 09
2762,H2022/CTD8637/17899,VICURE 3 KIT,"Kit of 1 Fluconazole tablets USP 150 mg, 2…",Tablet,India,Foreign,VITACURA PHARMACEUTICALS,SIMBA PHARMACEUTICALS LTD,2022 November 09,2027 November 09
2763,H2022/CTD8822/15810,CELCARB 450,Carboplatin BP,Injection,India,Foreign,M/s. Celon Laboratories Private limited,EUROPA HEALTHCARE LTD,2022 November 09,2027 November 09
2764,H2022/CTD6362/12438,EuNat 60,NATEGLINIDE USP,Film-Coated Tablet,India,Foreign,CADILA PHARMACEUTICALS EAST AFRICA LIMITED,CADILA PHARMACEUTICALS EAST AFRICA LIMITED,2022 November 09,2027 November 09
2765,H2022/CTD9113/20047,CIPROCOR 500,Ciprofloxacin Hydrochloride BP,Film-Coated Tablet,India,Foreign,MOHAMED IFTIKHAR SAEED,SIGNATURE HEALTHCARE LTD,2022 November 09,2027 November 09
2766,H2022/CTD9116/20245,CORDOXYL,Cefadroxil Hemihydrate USP equivalent to…,Film-Coated Tablet,India,Foreign,MOHAMED IFTIKHAR SAEED,SIGNATURE HEALTHCARE LTD,2022 November 09,2027 November 09
2767,H2022/CTD8630/15280,Voltika Plus Gel,Diclofenac Diethylamine,Gel,India,Foreign,MIHIKA PHARMACEUTICALS,OCEANIC LIFECARE LTD,2022 November 09,2027 November 09
2768,H2022/CTD9660/22009,Xiga-Met 5/1000 Tablet,Dapagliflozin (Propanediol Monohydrate) &…,Tablet,Pakistan,Foreign,CCL Pharmaceuticals (Pvt.) Ltd.,HARLEYS LTD-NAIROBI,2022 November 09,2027 November 09
2769,H2022/CTD9119/20237,CYTCAN IV,FLUCONAZOLE INJECTION USP,Solution For Injection/Infusion,India,Foreign,MOHAMED IFTIKHAR SAEED,SIGNATURE HEALTHCARE LTD,2022 November 09,2027 November 09
2770,H2022/CTD9259/15224,RANOMAC-500,Ranolazine,Tablet,India,Foreign,Ravenbhel Healthcare Pvt. Ltd,SKY HEALTHCARE LTD,2022 November 09,2027 November 09
2771,H2022/CTD9120/20206,CORCEF IV,Ceftriaxone for Injection USP 1 gm,Powder For Solution For Injection/Infusion,India,Foreign,Mr Mohamed Iftrikhar Saeed,SIGNATURE HEALTHCARE LTD,2022 November 09,2027 November 09
2772,H2022/CTD9565/20381,CINOD 10,Cilnidipine IH,Film-Coated Tablet,India,Foreign,Ajanta Pharma Limited,HARLEYS LTD-NAIROBI,2022 November 09,2027 November 09
2773,H2022/CTD9566/21006,Xalia Tablet 20mg,Rivaroxaban,Tablet,Pakistan,Foreign,CCL Pharmaceuticals (Pvt.) Ltd.,HARLEYS LTD-NAIROBI,2022 November 09,2027 November 09
2774,H2022/CTD9567/21989,Xiga-Met 5/850 Tablet,Dapagliflozin (Propanediol Monohydrate) &…,Tablet,Pakistan,Foreign,CCL Pharmaceuticals (Pvt.) Ltd.,HARLEYS LTD-NAIROBI,2022 November 09,2027 November 09
2775,H2022/CTD8553/18655,Carbetocin Ferring,Carbetocin,Solution For Injection,China,Foreign,FERRING INTERNATIONAL CENTER SA,MACNAUGHTON LTD,2022 November 09,2027 November 09
2776,H2022/CTD9121/20248,CORIFER INJECTION,Iron Hydroxide Sucrose Complex,Solution For Injection,India,Foreign,MOHAMED IFTIKHAR SAEED,SIGNATURE HEALTHCARE LTD,2022 November 09,2027 November 09
2777,H2022/CTD8612/16927,DAXOTEL Injection Concentrate,Docetaxel (anhydrous),Concentrate For Solution For Infusion,India,Foreign,Fresenius Kabi South Africa (Pty) Limited,NAIROBI ENTERPRISES LTD,2022 November 09,2027 November 09
2778,H2022/CTD9425/20971,VITAGET 4,Montelukast Sodium,Tablet,India,Foreign,Eastleigh Pharmaceuticals Co. Ltd,EASTLEIGH PHARMACEUTUICAL LIMITED,2022 November 09,2027 November 09
2779,H2022/CTD8163/15825,CELDACH 50,Oxaliplatin USP,Injection,India,Foreign,M/s. Celon Laboratories Private limited,EUROPA HEALTHCARE LTD,2022 November 09,2027 November 09
2780,H2022/CTD9458/20380,CINOD 5,Cilnidipine IH,Film-Coated Tablet,India,Foreign,Ajanta Pharma Limited,HARLEYS LTD-NAIROBI,2022 November 09,2027 November 09
2781,H2022/CTD8999/20505,Glenmark Airz F,Glycopyrrolate USP & Formoterol Fumarate,Capsule,India,Foreign,Glenmark Pharmaceuticals Ltd,GLENMARK PHARMACEUTICALS (K) LTD,2022 November 09,2027 November 09
2782,H2022/CTD9634/21365,ETO-WELL P 60 TABLETS,Etoricoxib & Paracetamol,Film-Coated Tablet,India,Foreign,M/s. Innocia Lifesciences Pvt. Ltd.,WESSEX PHARMACEUTICALS LTD,2022 November 09,2027 November 09
2783,H2022/CTD9428/20976,VITAGET 10,Montelukast Sodium,Tablet,India,Foreign,Eastleigh Pharmaceuticals Co. Ltd,EASTLEIGH PHARMACEUTUICAL LIMITED,2022 November 09,2027 November 09
2784,H2022/CTD9427/20972,VITAGET 5MG,Montelukast Sodium,Tablet,India,Foreign,Eastleigh Pharmaceuticals Co. Ltd,EASTLEIGH PHARMACEUTUICAL LIMITED,2022 November 09,2027 November 09
2785,H2022/CTD9426/20488,VAMAX 500,Azithromycin Dihydrate USP,Tablet,India,Foreign,Eastleigh Pharmaceuticals Co. Ltd,EASTLEIGH PHARMACEUTUICAL LIMITED,2022 November 09,2027 November 09
2786,H2022/CTD9631/21369,ETO-WELL P 90 TABLETS,Etoricoxib & Paracetamol,Film-Coated Tablet,India,Foreign,M/s. Innocia Lifesciences Pvt. Ltd.,WESSEX PHARMACEUTICALS LTD,2022 November 09,2027 November 09
2787,H2022/CTD9630/21341,ETO-WELL 60 TABLETS,Etoricoxib,Film-Coated Tablet,India,Foreign,M/s. Innocia Lifesciences Pvt. Ltd.,WESSEX PHARMACEUTICALS LTD,2022 November 09,2027 November 09
2788,H2022/CTD9629/21360,ETO-WELL 90 TABLETS,Etoricoxib,Film-Coated Tablet,India,Foreign,M/s. Innocia Lifesciences Pvt. Ltd.,WESSEX PHARMACEUTICALS LTD,2022 November 09,2027 November 09
2789,H2022/CTD9657/22114,Jardy-Met 12.5/500 Tablet,Empagliflozin & Metformin HCl,Tablet,India,Foreign,CCL Pharmaceuticals (Pvt.) Ltd.,HARLEYS LTD-NAIROBI,2022 November 09,2027 November 09
2790,H2022/CTD9000/20233,Glenmark Airz,Glycopyrrolate USP,Oral Powder,India,Foreign,Glenmark Pharmaceuticals Ltd,GLENMARK PHARMACEUTICALS (K) LTD,2022 November 09,2027 November 09
2791,H2022/CTD9020/20120,FEZOLIN 1 GM,Cefazolin Sodium,Powder For Injection,India,Foreign,Inject Care Parenterals Pvt. Ltd,SISI PHARMACEUTICALS LTD,2022 November 09,2027 November 09
2792,H2022/CTD9641/21362,ETO-WELL 120 TABLETS,Etoricoxib,Film-Coated Tablet,India,Foreign,M/s. Innocia Lifesciences Pvt. Ltd.,WESSEX PHARMACEUTICALS LTD,2022 November 09,2027 November 09
2793,H2022/CTD7793/14920,FUTEND-3 CREAM,Clotrimazole USP Betamethasone Dipropriate USP…,Cream,India,Foreign,MIHIKA PHARMACEUTICALS,OCEANIC LIFECARE LTD,2022 November 09,2027 November 09
2794,H2022/CTD8164/15855,CELDRON,Zoledronic Acid Monohydrate IH,Injection,India,Foreign,M/s. Celon Laboratories Private limited,EUROPA HEALTHCARE LTD,2022 November 09,2027 November 09
2795,H2022/CTD8332/15090,Xtracef Injection 1g,Cefoprazone as Sodium + Sulbactam as Sodium,Injection,Pakistan,Foreign,Surge Laboratories (Pvt) Ltd,HARLEYS LTD-NAIROBI,2022 November 09,2027 November 09
2796,H2022/CTD9656/22108,Jardy-Met 5/500 Tablet,Empagliflozin & Metformin HCl,Tablet,Pakistan,Foreign,CCL Pharmaceuticals (Pvt.) Ltd.,HARLEYS LTD-NAIROBI,2022 November 09,2027 November 09
2797,H2022/CTD6361/12439,EuNat 120,NATEGLINIDE USP,Film-Coated Tablet,India,Foreign,Cadila Pharmaceutical (E.A) Ltd,CADILA PHARMACEUTICALS EAST AFRICA LIMITED,2022 November 09,2027 November 09
2798,H2022/CTD6347/17852,EBERNET CREAM,Eberconazole Nitrate,Cream,India,Foreign,TIBA HEALTHCARE LIMITED,TIBA HEALTHCARE LIMITED,2022 November 08,2027 November 08
2799,H2022/CTD8775/18784,SCHIZORAL-15,Aripiprazole  USP,Tablet,India,Foreign,HIRAL LABS LIMITED,ZAWADI HEALTHCARE LTD,2022 November 08,2027 November 08
2800,H2022/CTD8777/18906,LIDORAL,Lidocaine Hydrochloride USP,Gel,India,Foreign,HIRAL LABS LIMITED,ZAWADI HEALTHCARE LTD,2022 November 08,2027 November 08
2801,H2022/CTD8791/19917,LEVOFREE 5MG TABLETS,Levocetirizine Dihydrochloride USP,Tablet,Kenya,Local,Shalina Healthcare Kenya Limited,SHALINA HEALTHCARE KENYA LIMITED,2022 November 08,2027 November 08
2802,H2022/CTD8729/18542,EVERCEF POWDER FOR ORAL SUSPENSION,CEFIXIME TRIHYDRATE,Powder For Oral Suspension,Kenya,Local,LABORATORY & ALLIED LTD,LABORATORY & ALLIED LTD,2022 November 08,2027 November 08
2803,H2022/CTD8726/18436,DURAXYL POWDER FOR ORAL SUSPENSION (125MG/5ML),CEFADROXIL  MONOHYDRATE,Powder For Oral Suspension,Kenya,Local,LABORATORY & ALLIED LTD,LABORATORY & ALLIED LTD,2022 November 08,2027 November 08
2804,H2022/CTD8716/18360,AVIRODAY,Emtricitabine and Tenofovir disoproxil fumarate,Film-Coated Tablet,India,Foreign,SUN PHARMACEUTICAL INDUSTRIES LIMITED,SUN PHARMA EAST AFRICA LTD,2022 November 08,2027 November 08
2805,H2022/CTD8711/19922,LEVOFREE SYRUP,Levocetirizine Dihydrochloride USP,Syrup,Kenya,Local,Shalina Healthcare Kenya Limited,SHALINA HEALTHCARE KENYA LIMITED,2022 November 08,2027 November 08
2806,H2022/CTD8689/17900,LETZGO GEL,"Etoricoxib 1% w/w, Linseed oil 3%w/w, Methyl…",Gel,India,Foreign,VITACURA PHARMACEUTICALS,SIMBA PHARMACEUTICALS LTD,2022 November 08,2027 November 08
2807,H2022/CTD9141/20357,MULTIDEX,"VITAMIN A, VITAMIN B1, VITAMIN B2, VITAMIN B6,…",Syrup,Kenya,Local,Zain Pharma Limited,ZAIN PHARMA LIMITED,2022 November 08,2027 November 08
2808,H2022/CTD9137/15220,Cefexol DS Suspension,Cefixime (as Trihydrate),Powder For Oral Suspension,Pakistan,Foreign,NABIQASIM INDUSTRIES (PVT.) LTD.,HARLEYS LTD-NAIROBI,2022 November 08,2027 November 08
2809,H2022/CTD9293/20784,Baricinix 2mg Tablet,Baricinitib,Coated Tablet,Bangladesh,Foreign,Beacon Medicare Limited,GENERICS AFRICA LTD,2022 November 08,2027 November 08
2810,H2022/CTD8495/17850,KEPPRA STERILE CONCENTRATE FOR SOLUTION FOR…,Levetiracetam,Concentrate For Solution For Infusion,Italy,Foreign,GlaxoSmithKline Pharmaceutical Kenya Limited,LABOREX KENYA LTD-MOMBASA ROAD,2022 November 08,2027 November 08
2811,H2022/CTD6454/12445,Fortide Inhaler,Budesonide+ Formoterol Fumarate Dihydrate,Inhalation Vapour,Pakistan,Foreign,Getz Pharma (Pvt.) Limited,SKY HEALTHCARE LTD,2022 November 08,2027 November 08
2812,H2022/CTD9334/20877,Obetix 5mg Tablet,Obeticholic Acid INN,Tablet,Bangladesh,Foreign,Beacon Medicare Limited,GENERICS AFRICA LTD,2022 November 08,2027 November 08
2813,H2022/CTD8965/20649,LABCLAV 312.5 DT.,AMOXICILLIN TRIHYDRATE & POTASSIUM CLAVULANATE,Dispersible Tablet,Kenya,Local,Laboratory & Allied Limited.,LABORATORY & ALLIED LTD,2022 November 08,2027 November 08
2814,H2022/CTD8559/15237,Cefexol Capsules,Cefixime,"Capsule, Hard",Pakistan,Foreign,NABIQASIM INDUSTRIES (PVT.) LTD.,HARLEYS LTD-NAIROBI,2022 November 08,2027 November 08
2815,H2022/CTD9335/20792,Baricinix 4mg Tablet,Baricitinib,Coated Tablet,Bangladesh,Foreign,Beacon Medicare Limited,GENERICS AFRICA LTD,2022 November 08,2027 November 08
2816,H2022/CTD8356/15350,MONTICOPE,Montelukast Sodium and Levocetirizine…,Tablet,India,Foreign,MANKIND PHARMA LTD.,WESSEX PHARMACEUTICALS LTD,2022 November 08,2027 November 08
2817,H2022/CTD7393/14454,Rotem Injection 40 mg,Artemether,Injection,India,Foreign,Surge Laboratories (Pvt) Ltd,HARLEYS LTD-NAIROBI,2022 November 08,2027 November 08
2818,H2022/CTD9467/21231,DYSMIN TABLETS,Hyoscine Butylbromide BP……..10 mg,Coated Tablet,Kenya,Local,PRO MED PHARMACEUTICALS LTD,ZAIN PHARMA LIMITED,2022 May 29,2027 May 29
2819,H2022/CTD5703/1683ER,ROSUTOR 10,Rosuvastatin Calcium,Tablet,India,Foreign,Ajanta Pharma Limited.,HARLEYS LTD-NAIROBI,2022 May 10,2027 May 10
2820,H2022/CTD6330/1944ER,GESIC IV INFUSION,Paracetamol,Infusion,Bangladesh,Foreign,NEXTGEN PHARMACEUTICALS (K) LTD,NEXTGEN PHARMACEUTICALS (K) LTD,2022 May 10,2027 May 10
2821,H2022/CTD8199/16180,VINGRAF -0.5,Tacrolimus capsules USP,Capsule,India,Foreign,Emcure Pharmaceuticals Limited,LAZOR PHARMACEUTICALS LIMITED,2022 May 06,2027 May 06
2822,H2022/CTD8084/15223,NEXAMIC-500,Tranexamic acid,Film-Coated Tablet,India,Foreign,"Ravenbhel Healthcare Pvt Ltd.,",SKY HEALTHCARE LTD,2022 May 05,2027 May 05
2823,H2022/CTD8409/16370,SPEGRA,"Dolutegravir, Emtricitabine and Tenofovir…",Tablet,India,Foreign,Emcure Pharmaceuticals Ltd.,LAZOR PHARMACEUTICALS LIMITED,2022 May 05,2027 May 05
2824,H2022/CTD8579/15860,INBEC,ABACAVIR 600MG+DOLUTEGRAVIR 50MG+LAMIVUDINE 300MG,Tablet,India,Foreign,Emcure Pharmaceuticals Ltd,LAZOR PHARMACEUTICALS LIMITED,2022 May 05,2027 May 05
2825,H2022/CTD8673/20215,MEROCEL INJECTION,Meropenem USP eq. to Meropenem Anhydrous 1 gm,Powder For Injection,India,Foreign,PRO MED PHARMACEUTICALS LTD,PRO MED PHARMACEUTICALS  LTD,2022 March 31,2027 March 31
2826,H2022/CTD8672/20181,HEPACEL,HEPARIN SODIUM USP,Solution For Injection,India,Foreign,PROMED PHARMACEUTICALS LTD,PRO MED PHARMACEUTICALS  LTD,2022 March 31,2027 March 31
2827,H2022/CTD8740/20133,ACP MR,"Paracetamol BP, Aceclofenac BP & Chlorzoxazone USP",Coated Tablet,Kenya,Local,NATIONAL PHARAMCY LTD,NATIONAL PHARMACY LTD,2022 March 30,2027 March 30
2828,H2022/CTD8220/16995,Micona Vaginal Cream,MICONAZOLE NITRATE,Cream,India,Foreign,Centaur Pharmaceuticals Limited,SAI PHARMACEUTICALS LTD,2022 March 28,2027 March 28
2829,H2022/CTD8034/16752,TETANUS ANTITOXIN INJECTION 1500 I.U/ml VIAL,Tetanus Antitoxin,Injection,India,Foreign,VINS BIOPRODUCTS LTD,SAI PHARMACEUTICALS LTD,2022 March 23,2027 March 23
2830,H2022/CTD8004/16199,TETANUS ANTITOXIN INJECTION 1500 I.U PFS,Tetanus Antitoxin,Injection,India,Foreign,Vins Bioproducts Ltd,SAI PHARMACEUTICALS LTD,2022 March 23,2027 March 23
2831,H2022/CTD8925/16698,Medifloxil  Powder For Reconstitution,"AMOXICILLIN TRIHYDRATE, FLUCLOXACILLIN SODIUM",Powder For Oral Suspension,Kenya,Local,REGAL PHARMACEUTICALS LTD,REGAL PHARMACEUTICALS LTD,2022 March 21,2027 March 21
2832,H2022/CTD8917,Aspec Extra Tablets,"Aspirin BP,  	Paracetamol BP,   Caffeine…",Tablet,Kenya,Local,REGAL PHARMACEUTICALS LIMITED,REGAL PHARMACEUTICALS LTD,2022 March 21,2027 March 21
2833,H2022/CTD8951/20059,ORIXO 200,Ofloxacin USP,Tablet,India,Foreign,Ajanta Pharma Limited,HARLEYS LTD-NAIROBI,2022 March 21,2027 March 21
2834,H2022/CTD8952/20065,ORIXO 400,Ofloxacin USP,Film-Coated Tablet,India,Foreign,Ajanta Pharma Limited,HARLEYS LTD-NAIROBI,2022 March 21,2027 March 21
2835,H2022/CTD9118/20230,DYZOL DS,Diloxanide furoate and Metronidazole,Film-Coated Tablet,India,Foreign,MOHAMED IFTIKHAR SAEED,SIGNATURE HEALTHCARE LTD,2022 March 21,2027 March 21
2836,CTD6907,Espranor 2mg Oral Lyophilisate,Buprenorphine Hydrochloride,Oral Lyophilisate,United Kingdom,Foreign,Macarthy Laboratories Ltd T/A Martindale Pharma,LABOREX KENYA LTD-MOMBASA ROAD,2022 March 21,2027 March 21
2837,CTD6908,Espranor 8mg Oral Lyophilisate,Buprenorphine Hydrochloride,Oral Lyophilisate,United Kingdom,Foreign,Macarthy Laboratories Ltd T/A Martindale Pharma,LABOREX KENYA LTD-MOMBASA ROAD,2022 March 21,2027 March 21
2838,CTD7418,Zenfer injection 20mg/ml,Iron Sucrose Injection USP,Injection,India,Foreign,SAI PHARMACEUTICALS LIMITED,SAI PHARMACEUTICALS LTD,2022 March 21,2027 March 21
2839,CTD8023,Xeltin Tablets,Tofacitinib Citrate,Film-Coated Tablet,India,Foreign,Ajanta Pharma Limited,HARLEYS LTD-NAIROBI,2022 March 21,2027 March 21
2840,CTD8267,Metmin 1000.,Metformin hydrochloride,Film-Coated Tablet,Kenya,Local,DAWA LIMITED,DAWA LTD,2022 March 21,2027 March 21
2841,CTD8432,ESGLIP-M 1000,Sitagliptin & Metformin Hydrochloride,Film-Coated Tablet,Kenya,Local,MEDISEL KENYA LIMITED,DAWA LTD,2022 March 21,2027 March 21
2842,CTD8481,Kamagra CT 100,Sildenafil Citrate,Tablet,India,Foreign,Ajanta Pharma Limited,HARLEYS LTD-NAIROBI,2022 March 21,2027 March 21
2843,CTD8482,Kamagra CT 50,Sildenafil Citrate,Tablet,India,Foreign,Ajanta Pharma Limited,HARLEYS LTD-NAIROBI,2022 March 21,2027 March 21
2844,CTD8739,ACP-SP,"ACECLOFENAC, PARACETAMOL AND SERRATOPEPTIDASE.",Coated Tablet,Kenya,Local,NATIONAL PHARMACY LTD,NATIONAL PHARMACY LTD,2022 March 21,2027 March 21
2845,CTD8919,SITAPRIL 25,Sitagliptin Phosphate Monohydrate USP,Tablet,India,Foreign,Ajanta Pharma Limited,HARLEYS LTD-NAIROBI,2022 March 21,2027 March 21
2846,CTD8920,SITAPRIL 50,Sitagliptin Phosphate Monohydrate USP,Tablet,India,Foreign,Ajanta Pharma Limited.,HARLEYS LTD-NAIROBI,2022 March 21,2027 March 21
2847,CTD8921,MOMADERM,Mometasone Furoate Cream USP 0.1% w/w,Cream,India,Foreign,Ajanta Pharma Limited,HARLEYS LTD-NAIROBI,2022 March 21,2027 March 21
2848,CTD8948,SITAPRIL 100,Sitagliptin Phosphate Monohydrate USP,Tablet,India,Foreign,Ajanta Pharma Limited.,HARLEYS LTD-NAIROBI,2022 March 21,2027 March 21
2849,CTD8949,Sitapril M 50/500,Sitagliptin and Metformin Hydrochloride,Tablet,India,Foreign,Ajanta Pharma Limited.,HARLEYS LTD-NAIROBI,2022 March 21,2027 March 21
2850,CTD8950,Sitapril M 50/1000,Sitagliptin and Metformin Hydrochloride,Tablet,India,Foreign,Ajanta Pharma Limited,HARLEYS LTD-NAIROBI,2022 March 21,2027 March 21
2851,CTD8969,BP-TEL 10/80 ACT TABLETS,"Amlodipine Besilate, Telmisartan& Chlorthalidone",Film-Coated Tablet,India,Foreign,M/s. Innocia Lifesciences Pvt. Ltd.,WESSEX PHARMACEUTICALS LTD,2022 March 21,2027 March 21
2852,CTD8970,BP-TEL 10/40 AM TABLETS,Amlodipine Besilate & Telmisartan,Film-Coated Tablet,India,Foreign,M/s. Innocia Lifesciences Pvt. Ltd.,WESSEX PHARMACEUTICALS LTD,2022 March 21,2027 March 21
2853,CTD9031,Jardian 25 Tablet,Empagliflozin INN,Film-Coated Tablet,Bangladesh,Foreign,Beximco Pharmaceuticals Limited,MADAWA PHARMACEUTICALS LTD,2022 March 21,2027 March 21
2854,CTD8971,BP-TEL 10/80 AM TABLETS,Amlodipine Besilate & Telmisartan,Film-Coated Tablet,India,Foreign,M/s. Innocia Lifesciences Pvt. Ltd.,WESSEX PHARMACEUTICALS LTD,2022 March 21,2027 March 21
2855,CTD6899,ETROBAX 90,Etoricoxib,Tablet,India,Foreign,M/s. Hetero Labs Limited,UNISEL LTD,2022 March 21,2027 March 21
2856,CTD9030,Jardian 10 Tablet,Empagliflozin INN,Film-Coated Tablet,Bangladesh,Foreign,Beximco Pharmaceuticals Limited,MADAWA PHARMACEUTICALS LTD,2022 March 21,2027 March 21
2857,H2022/CTD8336/15579,Biktarvy,"bictegravir, emtricitabine and tenofovir…",Film-Coated Tablet,Ireland,Foreign,"Gilead Sciences, Inc.",PHILLIPS THERAPEUTICS LIMITED,2022 March 11,2027 March 11
2858,H2022/CTD8556/18626,Tofacinix 5,Tofacitinib Citrate INN,Film-Coated Tablet,Bangladesh,Foreign,Beacon Medicare Limited,GENERICS AFRICA LTD,2022 March 09,2027 March 09
2859,H2022/CTD8219/16155,FUNBACT POWDER,"Clotrimazole USP, Zinc Oxide BP",Cutaneous Powder,India,Foreign,FUNBACT (Clotrimazole Powder),THERALIFE PHARMA LTD,2022 March 09,2027 March 09
2860,H2022/CTD9029/20336,Pregab-Q 25mg Capsule,Pregabalin,"Capsule, Hard",Pakistan,Foreign,Q PHARMA DMCC,CINTANA HEALTHCARE SERVICES LTD,2022 June 24,2027 June 24
2861,H2022/CTD9054/18894,COMPOUND LIDOCAINE,Lidocaine Prilocaine cream,Cream,China,Foreign,"Tongfang Pharmaceutical Co.,Ltd",PHARM ACCESS AFRICA LTD,2022 June 23,2027 June 23
2862,H2022/CTD9060/20435,VITAGAB 75MG,Pregabalin,Capsule,India,Foreign,Eastleigh Pharmaceuticals Co. Ltd,EASTLEIGH PHARMACEUTUICAL LIMITED,2022 June 22,2027 June 22
2863,H2022/CTD9096/18210,Empiget-M 5/500mg tablets,Empagliflozin + Metformin HCl,Film-Coated Tablet,Pakistan,Foreign,Getz Pharma (Pvt.) Limited,HARLEYS LTD-NAIROBI,2022 June 22,2027 June 22
2864,H2022/CTD9095/18417,Empiget-M 12.5/1000mg tablets,Empagliflozin + Metformin HCl,Film-Coated Tablet,Pakistan,Foreign,Getz Pharma (Pvt.) Limited,HARLEYS LTD-NAIROBI,2022 June 22,2027 June 22
2865,H2022/CTD9093/18639,Empiget-M 5/1000mg tablets,Empagliflozin + Metformin HCl,Film-Coated Tablet,Pakistan,Foreign,Getz Pharma (Pvt.) Limited,HARLEYS LTD-NAIROBI,2022 June 22,2027 June 22
2866,H2022/CTD9063/20436,VITAGAB 150MG,Pregabalin,Capsule,India,Foreign,Eastleigh Pharmaceuticals Co. Ltd,EASTLEIGH PHARMACEUTUICAL LIMITED,2022 June 22,2027 June 22
2867,H2022/CTD9062/20438,VITASEC FORTE,Secnidazole,Tablet,India,Foreign,Eastleigh Pharmaceuticals Co. Ltd,EASTLEIGH PHARMACEUTUICAL LIMITED,2022 June 22,2027 June 22
2868,H2022/CTD8312/18251,WIMAL PLUS JUNIOR,"SULFADOXINE, PYRIMETHAMINE AND AMODIAQUINE",Dispersible Tablet,Kenya,Local,Universal Corporation Limited,UNIVERSAL CORPORATION LTD,2022 June 22,2027 June 22
2869,H2022/CTD8765/17478,EMITINO-8 INJECTION,Ondansetron Injection USP,Injection,India,Foreign,CACHET PHARMACEUTICALS PVT. LTD,PHILLIPS THERAPEUTICS LIMITED,2022 June 22,2027 June 22
2870,H2022/CTD8401/18441,Coclam Tablets 2 mg,Clonazepam USP,Tablet,India,Foreign,Centaur Pharmaceuticals Limited,SAI PHARMACEUTICALS LTD,2022 June 21,2027 June 21
2871,H2022/CTD7381/13205,EUROPYL KIT,"Lansoprazole,Tinidazole BP, Clarithromycin USP",Tablet and Capsule,India,Foreign,STERLING LAB,SKY HEALTHCARE LTD,2022 June 02,2027 June 02
2872,H2022/CTD6489/12703,Tresiba® FlexTouch®,Insulin Degludec,Solution For Injection,Denmark,Foreign,Novo Nordisk A/S,PHILLIPS THERAPEUTICS LIMITED,2022 June 02,2027 June 02
2873,H2022/CTD6863/13207,AL-BEL  FORTE TABLETS,Artemether and Lumefantrine,Tablet,China,Foreign,BELEA PHARMACY LTD,BEL-EA PHARMACY LTD,2022 June 02,2027 June 02
2874,H2022/CTD7660/14832,TERBIBACT MIXI,"Ofloxacin, Ornidazole, Terbinafine Hydrochloride…",Cream,India,Foreign,GALAXY PHARMACEUTICAL LIMITED,GALAXY PHARMACEUTICAL LIMITED,2022 June 02,2027 June 02
2875,H2022/CTD9044/20696,Riva-Q 10mg Tablet,Rivaroxaban,Tablet,Pakistan,Foreign,Q PHARMA DMCC,CINTANA HEALTHCARE SERVICES LTD,2022 June 02,2027 June 02
2876,H2022/CTD8203/16405,Zitho 500mg injection,Azithromycin,Injection,Kenya,Foreign,Sai Pharmaceuticals Limited,SAI PHARMACEUTICALS LTD,2022 June 02,2027 June 02
2877,H2022/CTD8198/15446,LEVOXIN-500,Levofloxacin Hemihydrate USP,Tablet,India,Foreign,THEON PHARMACEUTICALS LTD,SYNER-MED PHARMACEUTICALS (K)LTD,2022 June 02,2027 June 02
2878,H2022/CTD8182/18055,REGONIX,Regoraténib Monohydrate,Tablet,Bangladesh,Foreign,Beacon Medicare Limited,GENERICS AFRICA LTD,2022 July 18,2027 July 18
2879,H2022/CTD7843/14999,MONOFLAM SUSPENSION,DICLOFENAC ORAL SUSPENSION,Oral Liquid,India,Foreign,KRISHNA CHEMISTS LTD,KRISHNA CHEMISTS LTD,2022 July 14,2027 July 14
2880,H2022/CTD9181/20835,Emglyza-10,Empagliflozin,Tablet,India,Foreign,Unisel Pharma (K) Limited,HARLEYS LTD-NAIROBI,2022 July 14,2027 July 14
2881,H2022/CTD9182/20836,Emglyza-25,Empagliflozin,Tablet,India,Foreign,Unisel Pharma (K) Ltd,HARLEYS LTD-NAIROBI,2022 July 14,2027 July 14
2882,H2022/CTD8477/18684,CALCIDOP,Calcium Dobesilate Monohydrate BP,Capsule,India,Foreign,Unisel Pharma (K) Ltd.,HARLEYS LTD-NAIROBI,2022 July 14,2027 July 14
2883,H2022/CTD6996/13403,ACICLOBEL  CREAM,Aciclovir,Cream,China,Foreign,BELEA PHARMACY LTD,BEL-EA PHARMACY LTD,2022 July 13,2027 July 13
2884,H2022/CTD9158/20163,FEBURIC 40,Febuxostat,Film-Coated Tablet,India,Foreign,Ajanta Pharma Limited,HARLEYS LTD-NAIROBI,2022 July 13,2027 July 13
2885,H2022/CTD9159/20164,FEBURIC 80,Febuxostat,Film-Coated Tablet,India,Foreign,Ajanta Pharma Limited,HARLEYS LTD-NAIROBI,2022 July 13,2027 July 13
2886,H2022/CTD9114/20249,TRIMORIX,"Cyproheptadine Hydrochloride BP, Carnitine…",Syrup,India,Foreign,MOHAMED IFTIKHAR SAEED,SIGNATURE HEALTHCARE LTD,2022 July 13,2027 July 13
2887,H2022/CTD6387/12456,ZATHENZA,BENZATHINE BENZYLPENICILLIN,Powder And Solvent For Solution For Injection,China,Foreign,"Guilin Pharmaceutical Co., Ltd",TRIDEM PHARMA KENYA LTD,2022 July 05,2027 July 05
2888,H2022/CTD6404/12643,XITRIENE,PRANLUKAST DRY SYRUP 10% W/W,Oral Powder In Sachet,India,Foreign,CADILA PHARMACEUTICALS EAST AFRICA  LIMITED,CADILA PHARMACEUTICALS EAST AFRICA LIMITED,2022 July 05,2027 July 05
2889,H2022/CTD6783/13338,Es-Loprot I.V Injection 40mg,Esomeprazole,Injection,Pakistan,Foreign,Nabiqasim Industries (Pvt) Ltd,HARLEYS LTD-NAIROBI,2022 July 05,2027 July 05
2890,H2022/CTD9128/20613,ALLEFAST 120,Fexofenadine Hydrochloride,Film-Coated Tablet,India,Foreign,M/S Sterling Lab,SKY HEALTHCARE LTD,2022 July 04,2027 July 04
2891,H2022/CTD7641/14531,CANDIFORCE-100,Itraconazole,"Capsule, Hard",India,Foreign,MANKIND PHARMA LTD.,SURGILINKS LTD,2022 July 04,2027 July 04
2892,H2022/CTD9127/20630,ALLEFAST 180,Fexofenadine Hydrochloride,Film-Coated Tablet,India,Foreign,M/S Sterling Lab,SKY HEALTHCARE LTD,2022 July 04,2027 July 04
2893,H2022/CTD9129/20723,MONTIZINE TABLET,Levocetirizine Dihydrochloride & Montelukast…,Tablet,India,Foreign,M/S Sterling Lab,MICRO LABS (EA) LTD,2022 July 04,2027 July 04
2894,H2022/CTD8984/20672,VILDA 100mg OD TABLETS,Vildagliptin,Tablet,India,Foreign,M/s. Innocia Lifesciences Pvt. Ltd.,WESSEX PHARMACEUTICALS LTD,2022 July 04,2027 July 04
2895,H2022/CTD9222/20335,FEVASTIN ET 1000,Paracetamol,Effervescent Tablet,India,Foreign,TIL HEALTHCARE PVT LTD,HARLEYS LTD-NAIROBI,2022 July 04,2027 July 04
2896,H2022/CTD8972/20692,BP-TEL 5/40 AM TABLETS,Amlodipine Besilate & Telmisartan,Film-Coated Tablet,India,Foreign,M/s. Innocia Lifesciences Pvt. Ltd.,WESSEX PHARMACEUTICALS LTD,2022 July 04,2027 July 04
2897,H2022/CTD9184/21387,"BACTOSPORIN (Neomycin, Polymyxin B Sulfates and…",Neomycin and Polymyxin B Sulfates and Bacitracin…,Ointment,India,Foreign,Unisel Pharma (K) Ltd.,HARLEYS LTD-NAIROBI,2022 July 04,2027 July 04
2898,H2022/CTD7433/14602,CONCOR AMLO 5MG/5MG TABLETS,BISOPROLOL FUMARATE AND AMLODIPINE BESILATE,Tablet,Hungary,Foreign,Merck (Pty) Limited,IMPERIAL MANAGED SOLUTIONS EAST AFRICA LTD-…,2022 July 04,2027 July 04
2899,H2022/CTD7928/15165,Juluca Tablets,Dolutegravir and Rilpivirine hydrochloride,Film-Coated Tablet,United Kingdom,Foreign,GlaxoSmithKline Pharmaceutical Kenya Limited.,LABOREX KENYA LTD-MOMBASA ROAD,2022 July 04,2027 July 04
2900,H2022/CTD6721/13023,PHYTON 4.5g Piperacillin and Tazobactam for…,Piperacillin sodium and Tazobactam sodium,Powder And Solution For Solution For Injectio,India,Foreign,WOCKHARDT LIMITED,PHILLIPS THERAPEUTICS LIMITED,2022 July 04,2027 July 04
2901,H2022/CTD7370/12724,ZOFU Dusting Powder,Ketoconzole 2% w/w Dusting powder,Powder For Cutaneous Solution,India,Foreign,STERLING LAB,SKY HEALTHCARE LTD,2022 July 04,2027 July 04
2902,H2022/CTD6723/13025,PHYTON 2.25g Piperacillin and Tazobactam for…,Piperacillin sodium and Tazobactam sodium,Powder And Solution For Solution For Injectio,India,Foreign,WOCKHARDT LIMITED,PHILLIPS THERAPEUTICS LIMITED,2022 July 04,2027 July 04
2903,H2022/CTD9221/20333,FEVASTIN ET 500,Paracetamol,Effervescent Tablet,India,Foreign,TIL HEALTHCARE PVT LTD,HARLEYS LTD-NAIROBI,2022 July 04,2027 July 04
2904,H2022/CTD8335/15368,Ryaltris,Olopatadine Hydrochloride and Mometasone Furoate…,Nasal Spray,India,Foreign,Glenmark Specialty S.A,GLENMARK PHARMACEUTICALS (K) LTD,2022 January 11,2027 January 11
2905,H2022/CTD8344/16214,MONTIKAST-4,Chewable Montelukast Tablets BP,Chewable Tablet,India,Foreign,GALAXY PHARMACEUTICAL LTD,GALAXY PHARMACEUTICAL LIMITED,2022 January 11,2027 January 11
2906,H2022/CTD8381/17493,TELMITAB-80 CT,Telmisartan and Chlorthalidone,Tablet,India,Foreign,GALAXY PHARMACEUTICAL LIMITED,GALAXY PHARMACEUTICAL LIMITED,2022 January 11,2027 January 11
2907,H2022/CTD8396/17826,P-SOLON EYE DROPS,Prednisolone Acetate USP,"Ear/Eye Drops, Solution",India,Foreign,GALAXY PHARMACEUTICAL LIMITED,GALAXY PHARMACEUTICAL LIMITED,2022 January 11,2027 January 11
2908,H2022/CTD8439/16506,ZITEN,Teneligliptin Hydrobromide,Film-Coated Tablet,India,Foreign,Glenmark Pharmaceuticals Limited,GLENMARK PHARMACEUTICALS (K) LTD,2022 January 11,2027 January 11
2909,H2022/CTD8442/17415,Dicip,Ciprofloxacin USP and Dexamethasone USP,Ophthalmic Solution,India,Foreign,Unisel Pharma (K) Ltd,HARLEYS LTD-NAIROBI,2022 January 11,2027 January 11
2910,H2022/CTD7516/14117,I-DOX  20mg/10ml,Doxorubicin Hydrochloride,Injection,India,Foreign,GETWELL PHARMACEUTICALS LTD,NAIROBI ENTERPRISES LTD,2022 January 11,2027 January 11
2911,H2022/CTD8451/18627,Eso-Q 20mg Tablet,Esomeprazole,Tablet,Pakistan,Foreign,Q PHARMA DMCC,ZUVAN LIMITED,2022 January 11,2027 January 11
2912,H2022/CTD8455/18628,Eso-Q 40mg Tablet,Esomeprazole,Tablet,Pakistan,Foreign,Q PHARMA DMCC,ZUVAN LIMITED,2022 January 11,2027 January 11
2913,H2022/CTD7559/14721,ESOMAC 40 MUPS,Esomeprazole Magnesium Dihydrate,Tablet,India,Foreign,Cipla Limited,IMPERIAL MANAGED SOLUTIONS EAST AFRICA LTD-…,2022 January 11,2027 January 11
2914,H2022/CTD7514/14058,GASTORAL SYRUP,AMINOSIDINE SULFATE,Syrup,Kenya,Local,Laboratory & Allied Ltd,LABORATORY & ALLIED LTD,2022 January 11,2027 January 11
2915,H2022/CTD7459/2133ER,Cef-3 DS Capsule,Cefixime Trihydrate,Capsule,Bangladesh,Foreign,SQUARE Pharmaceuticals Ltd.,ACE PHARMACEUTICALS LTD,2022 January 11,2027 January 11
2916,H2022/CTD8945/15735,Nubin Injection 20mg/ml,Nalbuphine,Injection,Pakistan,Foreign,The Searle Company Ltd,UNISEL LTD,2022 January 11,2027 January 11
2917,H2022/CTD8491/16555,ZITEN M 20/500,Teneligliptin Hydrobromide Hydrate and Metformin…,Tablet,India,Foreign,Glenmark Pharmaceuticals Limited,GLENMARK PHARMACEUTICALS (K) LTD,2022 January 11,2027 January 11
2918,H2022/CTD8508/17013,Tagrisso 40 mg film-coated tablets,Osimertinib mesylate,Film-Coated Tablet,Sweden,Foreign,AstraZeneca AB,ASTRAZENECA PHARMACEUTICALS LIMITED,2022 January 11,2027 January 11
2919,H2022/CTD8509/17007,Tagrisso 80 mg film-coated tablets,Osimertinib mesylate,Film-Coated Tablet,Sweden,Foreign,AstraZeneca AB,ASTRAZENECA PHARMACEUTICALS LIMITED,2022 January 11,2027 January 11
2920,H2022/CTD8521/18598,Empalin 10mg/5mg Tablet,Empagliflozin + Linaglitpin,Tablet,Pakistan,Foreign,Q PHARMA DMCC,CINTANA HEALTHCARE SERVICES LTD,2022 January 11,2027 January 11
2921,H2022/CTD7456/2135ER,SECLO 40 IV INJECTION,Omeprazole Sodium 36% (Sterile Lyophilized),Injection,Bangladesh,Foreign,Square Pharmaceuticals Ltd.,ACE PHARMACEUTICALS LTD,2022 January 11,2027 January 11
2922,H2022/CTD8533/18596,Empalin 25/5mg Tablet,Empagliflozin + Linaglitpin,Tablet,Pakistan,Foreign,Q PHARMA DMCC,CINTANA HEALTHCARE SERVICES LTD,2022 January 11,2027 January 11
2923,H2022/CTD9081/20884,Eupolio™ Inj. (Sabin Inactivated Polio Vaccine),"Inactivated poliovirus types 1, 2 and 3(Sabin…",Solution For Injection,South Korea,Foreign,"LG Chem, Ltd,",EVKA CONSULTZ LTD,2022 January 11,2027 January 11
2924,H2022/CTD8542/16556,ZITEN M 20/1000,Teneligliptin Hydrobromide Hydrate and Metformin…,Tablet,India,Foreign,Glenmark Pharmaceuticals Limited,GLENMARK PHARMACEUTICALS (K) LTD,2022 January 11,2027 January 11
2925,H2022/CTD8545/18630,Pregab-Q 50mg Capsule,Pregabalin,Capsule,Pakistan,Foreign,Q PHARMA DMCC,CINTANA HEALTHCARE SERVICES LTD,2022 January 11,2027 January 11
2926,H2022/CTD7849/15008,Roshni 20mg,Rosuvastatin,Tablet,India,Foreign,Metro Pharmaceuticals Limited,METRO PHARMACEUTICALS LTD,2022 January 11,2027 January 11
2927,H2022/CTD7978/15901,Floxamed 500mg Tablets,Levofloxacin,Tablet,India,Foreign,Medina Remedies Limited,MEDINA REMEDIES LIMITED,2022 January 11,2027 January 11
2928,H2022/CTD7987/15766,GLAXONE 1G,Ceftriaxone Sodium USP,Injection,India,Foreign,GLAXONE 1G,GLAD HEALTHCARE KENYA LIMITED,2022 January 11,2027 January 11
2929,H2022/CTD7988/15593,NAZOLE CREAM,KETOCONAZOLE,Cream,Kenya,Local,Laboratory & Allied Ltd,LABORATORY & ALLIED LTD,2022 January 11,2027 January 11
2930,H2022/CTD7966/16130,"Dolutegravir, Lamivudine and Tenofovir Disoproxil…","Dolutegravir, Lamivudine and Tenofovir Disoproxil…",Tablet,India,Foreign,Lupin Limited,NAIROBI ENTERPRISES LTD,2022 January 11,2027 January 11
2931,H2022/CTD7894/2059ER,ITOFAST CAPSULES,Itopride Hydrochloride,Capsule,India,Foreign,M/s. Innocia Lifesciences Pvt. Ltd.,WESSEX PHARMACEUTICALS LTD,2022 January 11,2027 January 11
2932,H2022/CTD7893/2060ER,ESOFAST - IT 40,Esomeprazole Magnesium Trihydrate  & Itopride…,Capsule,India,Foreign,M/s. Innocia Lifesciences Pvt. Ltd.,WESSEX PHARMACEUTICALS LTD,2022 January 11,2027 January 11
2933,H2022/CTD8082/16043,Dobun 250mg injection,Dobutamine,Injection,Kenya,Foreign,SAI PHARMACEUTICALS LIMITED,SAI PHARMACEUTICALS LTD,2022 January 11,2027 January 11
2934,H2022/CTD8095/15904,S-Derm Cream,"Betamethasone Propionate, Gentamycin Sulphate,…",Cream,India,Foreign,SHAJ PHARMA LIMITED,SHAJ PHARMA LIMITED,2022 January 11,2027 January 11
2935,H2022/CTD7876/15064,Levoxin Tablets 500 mg,Levofloxacin,Film-Coated Tablet,Pakistan,Foreign,THE SEARLE COMPANY LIMITED,UNISEL LTD,2022 January 11,2027 January 11
2936,H2022/CTD8103/17833,GLUCOSET 20MG FILM COATED TABLETS,TENELIGLIPTIN HYDROBROMIDE HYDRATE EQUIVALENT TO…,Film-Coated Tablet,Kenya,Local,COSMOS LIMITED,COSMOS LIMITED,2022 January 11,2027 January 11
2937,H2022/CTD7874/15061,Levoxin Tablets 750 mg,Levofloxacin,Tablet,Pakistan,Foreign,THE SEARLE COMPANY LIMITED,UNISEL LTD,2022 January 11,2027 January 11
2938,H2022/CTD8124/16406,Bifungin-50 Injection,Caspofungin acetate,Injection,India,Foreign,Indasi Lifescience Pvt. Ltd,SAI PHARMACEUTICALS LTD,2022 January 11,2027 January 11
2939,H2022/CTD8128/17970,GLUCOSET MXR 20:500MG SUSTAINED RELEASE TABLETS,TENELIGLIPTIN HYDROBROMIDE HYDRATE EQUIVALENT TO…,Sustained Release Tablets,Kenya,Local,COSMOS LIMITED,COSMOS LIMITED,2022 January 11,2027 January 11
2940,H2022/CTD8135/16460,Bifungin 70mg injection,Caspofungin acetate,Injection,India,Foreign,Indasi Lifescience Pvt. Ltd,SAI PHARMACEUTICALS LTD,2022 January 11,2027 January 11
2941,H2022/CTD7538/14678,ESOMAC 20 MUPS,Esomeprazole Magnesium Dihydrate Tablets 20 mg,Tablet,India,Foreign,Cipla Limited,IMPERIAL MANAGED SOLUTIONS EAST AFRICA LTD-…,2022 January 11,2027 January 11
2942,H2022/CTD7848/15007,Roshni 10mg,Rosuvastatin,Tablet,India,Foreign,Metro Pharmaceuticals Limited,METRO PHARMACEUTICALS LTD,2022 January 11,2027 January 11
2943,H2022/CTD7845/15004,Roshni 5mg,Rosuvastatin,Tablet,India,Foreign,Metro Pharmaceuticals Limited,METRO PHARMACEUTICALS LTD,2022 January 11,2027 January 11
2944,H2022/CTD7663/14845,MYCOMIN,"Beclomethasone Dipropionate, Neomycin Sulfate &…",Cream,India,Foreign,GALAXY PHARMACEUTICAL LIMITED,GALAXY PHARMACEUTICAL LIMITED,2022 January 11,2027 January 11
2945,H2022/CTD7659/14829,C-ZOLE BG,"Beclomethasone Dipropionate, Gentamicin Sulfate &…",Cream,India,Foreign,GALAXY PHARMACEUTICAL LIMITED,GALAXY PHARMACEUTICAL LIMITED,2022 January 11,2027 January 11
2946,H2022/CTD7600/14783,Carvetrol 25mg Tablets,Carvedilol,Tablet,India,Foreign,Metro Pharmaceuticals Limited,METRO PHARMACEUTICALS LTD,2022 January 11,2027 January 11
2947,H2022/CTD7599/14782,Carvetrol 12.5mg Tablet,Carvedilol,Tablet,India,Foreign,Metro Pharmaceuticals Limited,METRO PHARMACEUTICALS LTD,2022 January 11,2027 January 11
2948,H2022/CTD7568/14735,Carvetrol 6.25mg Tablets,Carvedilol,Tablet,India,Foreign,Metro Pharmaceuticals Limited,METRO PHARMACEUTICALS LTD,2022 January 11,2027 January 11
2949,H2022/CTD7567/14734,Carvetrol 3.125mg Tablets,Carvedilol,Tablet,India,Foreign,Metro Pharmaceuticals Limited,METRO PHARMACEUTICALS LTD,2022 January 11,2027 January 11
2950,H2022/CTD8319/17647,VALABIN 500,Valaciclovir Hydrochloride,Tablet,India,Foreign,AUROBINDO PHARMA LIMITED,SIMBA PHARMACEUTICALS LTD,2022 January 11,2027 January 11
2951,H2022/CTD8320/15841,CIATUFF 20,Tadalafil,Film-Coated Tablet,India,Foreign,Aurobindo Pharma Limited,SIMBA PHARMACEUTICALS LTD,2022 January 11,2027 January 11
2952,H2022/CTD8321/15765,CIATUFF 10,Tadalafil,Film-Coated Tablet,India,Foreign,Aurobindo Pharma Limited,SIMBA PHARMACEUTICALS LTD,2022 January 11,2027 January 11
2953,H2022/CTD8326/14562,Sitamet 1000 Tablet,Sitagliptin Phosphate Monohydrate and Metformin…,Tablet,Bangladesh,Foreign,The ACME Laboratories Ltd,HIGHRIDGE PHARMACEUTICALS LTD,2022 January 11,2027 January 11
2954,H2022/CTD8327/13814,Sitamet 500 Tablet,Sitagliptin  Phosphate Monohydrate and Metformin…,Tablet,Bangladesh,Foreign,The ACME Laboratories Ltd.,HIGHRIDGE PHARMACEUTICALS LTD,2022 January 11,2027 January 11
2955,H2022/CTD8944/15734,Nubin Injection 10mg/ml,Nalbuphine,Injection,Pakistan,Foreign,The Searle Company Ltd,UNISEL LTD,2022 January 11,2027 January 11
2956,H2022/CTD8707/18941,Vemtix Injection,Ondasetron as HCl Dihydrate,Injection,India,Foreign,BIO-LABS(PVT)LTD,CLINICA LIMITED,2022 January 11,2027 January 11
2957,H2022/CTD8704/20103,DICARD 100MG FILM COATED TABLETS,SACUBITRIL AND VALSARTAN,Film-Coated Tablet,Kenya,Local,COSMOS LIMITED,COSMOS LIMITED,2022 January 11,2027 January 11
2958,H2022/CTD8727/18519,EVERCEF 200 TABLETS,CEFIXIME TRIHYDRATE,Film-Coated Tablet,Kenya,Local,LABORATORY & ALLIED LTD,LABORATORY & ALLIED LTD,2022 January 11,2027 January 11
2959,H2022/CTD8849/18642,ZYRTAL MR PLUS,Aceclofenac 100mg/ Paracetamol 500mg/…,Tablet,India,Foreign,PHARMAKEN LTD,PHARMAKEN LTD,2022 January 11,2027 January 11
2960,H2022/CTD8848/20179,METADOL FIZZ,PARACETAMOL 325MG & TRAMADOL HYDROCHLORIDE 37.5MG,Effervescent Tablet,India,Foreign,NATIONAL PHARMACY LTD,NATIONAL PHARMACY LTD,2022 January 11,2027 January 11
2961,H2022/CTD6849/13160,KOFED DRY COUGH SYRUP,DEXTROMETHORPHAN HYDROBROMIDE,Syrup,Kenya,Local,LABORATORY & ALLIED LTD,LABORATORY & ALLIED LTD,2022 January 11,2027 January 11
2962,H2022/CTD8703/20096,DICARD 50MG FILM COATED TABLETS,SACUBITRIL VALSARTAN TRISODIUM SALT…,Film-Coated Tablet,Kenya,Local,COSMOS LIMITED,COSMOS LIMITED,2022 January 11,2027 January 11
2963,H2022/CTD8889/20595,TORIXA MR,Etoricoxib 90mg / Chlorzoxazone 750mg,Tablet,India,Foreign,PHARMAKEN LTD,PHARMAKEN LTD,2022 January 11,2027 January 11
2964,H2022/CTD8890/20599,ZYRTAL PLUS 100/1000,Aceclofenac 100mg/Paracetamol 1000mg,Tablet,India,Foreign,PHARMAKEN LTD,PHARMAKEN LTD,2022 January 11,2027 January 11
2965,H2022/CTD8851/20257,Tasamol Solution for Infusion,Paracetamol,Solution For Infusion,Kenya,Local,Tasa Pharma Ltd,TASA PHARMA LIMITED,2022 January 11,2027 January 11
2966,H2022/CTD8846/16642,Tacrocord 0.5,Tacrolimus USP,"Capsule, Hard",India,Foreign,CONCORD BIOTECH LIMITED,WESSEX PHARMACEUTICALS LTD,2022 January 11,2027 January 11
2967,H2022/CTD8722/18683,CEFROXYM POWDER FOR ORAL SUSPENSION,CEFUROXIME AXETIL,Powder For Oral Suspension,Kenya,Local,LABORATORY & ALLIED LTD,LABORATORY & ALLIED LTD,2022 January 11,2027 January 11
2968,H2022/CTD8845/16856,Tacrocord 1,Tacrolimus 1 mg USP,"Capsule, Hard",India,Foreign,CONCORD BIOTECH LIMITED,WESSEX PHARMACEUTICALS LTD,2022 January 11,2027 January 11
2969,H2022/CTD8918/20626,TORIXAGEN,Etoricoxib 120mg/Pregabalin 75mg,Tablet,India,Foreign,PHARMAKEN LTD,PHARMAKEN LTD,2022 January 11,2027 January 11
2970,H2022/CTD6406/2151ER,PROTOZOX Powder for suspension,NITAZOXANIDE,Powder For Oral Suspension,India,Foreign,SAI PHARMACEUTICALS LIMITED,SAI PHARMACEUTICALS LTD,2022 January 11,2027 January 11
2971,H2022/CTD6464/12529,Bisotrol 10mg,Bisoprolol Fumarate USP,Film-Coated Tablet,India,Foreign,Ipca Laboratories Limited,SAI PHARMACEUTICALS LTD,2022 January 11,2027 January 11
2972,H2022/CTD8786/16070,CELDOL 100,Celecoxib,"Capsule, Hard",India,Foreign,Aurobindo Pharma Limited,SIMBA PHARMACEUTICALS LTD,2022 January 11,2027 January 11
2973,H2022/CTD8785/15168,CELDOL 200,CELECOXIB,Tablet,India,Foreign,Aurobindo Pharma Limited,SIMBA PHARMACEUTICALS LTD,2022 January 11,2027 January 11
2974,H2022/CTD8799/17526,BORTEBIN,Bortezomib,Powder And Solution For Solution For Injectio,India,Foreign,AUROBINDO PHARMA LIMITED,SIMBA PHARMACEUTICALS LTD,2022 January 11,2027 January 11
2975,H2022/CTD8705/20160,DICARD 200MG FILM COATED TABLETS,SACUBITRIL VALSARTAN TRISODIUM SALT…,Film-Coated Tablet,Kenya,Local,COSMOS LIMITED,COSMOS LIMITED,2022 January 11,2027 January 11
2976,H2022/CTD8811/17841,TAPAL 50,Tapentadol hydrochloride,Tablet,India,Foreign,MSN Laboratories Private Limited,SIMBA PHARMACEUTICALS LTD,2022 January 11,2027 January 11
2977,H2022/CTD7334/14426,PLATICIN-50mg,Cisplatin BP,Injection,India,Foreign,GETWELL PHARMACEUTICALS LTD,NAIROBI ENTERPRISES LTD,2022 January 11,2027 January 11
2978,H2022/CTD7333/14425,PLATICIN-10mg,Cisplatin BP,Injection,India,Foreign,GETWELL PHARMACEUTICALS LTD,NAIROBI ENTERPRISES LTD,2022 January 11,2027 January 11
2979,H2022/CTD8653/19169,Fosfomax,Fosfomycin Trometamol,Powder For Oral Solution In Sachet,Turkey,Foreign,Cipla Limited,IMPERIAL MANAGED SOLUTIONS EAST AFRICA LTD-…,2022 January 11,2027 January 11
2980,H2022/CTD8812/17840,TAPAL 100,Tapentadol hydrochloride,Tablet,India,Foreign,MSN Laboratories Private Limited,SIMBA PHARMACEUTICALS LTD,2022 January 11,2027 January 11
2981,H2022/CTD6405/2150ER,PROTOZOX TABLET,NITAZOXANIDE,Film-Coated Tablet,India,Foreign,SAI PHARMACEUTICALS LIMITED,SAI PHARMACEUTICALS LTD,2022 January 11,2027 January 11
2982,H2022/CTD8609/18083,Lasodox DS,Cefpodoxime Proxetil For Oral Suspension,Powder And Solvent For Oral Suspension,India,Foreign,VITACURA PHARMACEUTICALS,SIMBA PHARMACEUTICALS LTD,2022 January 11,2027 January 11
2983,H2022/CTD6463/12528,Bisotrol 5mg tablets,Bisoprolol Fumarate USP,Film-Coated Tablet,India,Foreign,Ipca Laboratories Limited.,SAI PHARMACEUTICALS LTD,2022 January 11,2027 January 11
2984,H2022/CTD6099/2147ER,DIENOSIS Tablet,DIENOGEST,Tablet,India,Foreign,SAI PHARMACEUTICALS LIMITED,SAI PHARMACEUTICALS LTD,2022 January 11,2027 January 11
2985,H2022/CTD4036/136ER,Metrogel V,Metronidazole,Vaginal Gel,South Africa,Foreign,iNova Pharmaceuticals (Pty) Ltd,PHILLIPS THERAPEUTICS LIMITED,2022 January 11,2027 January 11
2986,H2022/CTD5437/1842ER,MELOTEARS EYE DROPS,Hypromellose USP 0.3%W/V,Ophthalmic Solution,India,Foreign,Korlyns Therapeutics Limited,KORLYNS THERAPEUTICS LTD,2022 January 11,2027 January 11
2987,H2022/CTD6282/1181ER,SEVON LIQUID,Sevoflurane,"Inhalation Vapour, Liquid",China,Foreign,Crown Healthcare,CROWN  HEALTHCARE,2022 January 11,2027 January 11
2988,H2022/CTD6095/2149ER,CLARITHROMYCIN ORAL SUSPENSION 125mg,CLARITHROMYCIN,Powder For Oral Suspension,India,Foreign,SAI PHARMACEUTICALS LIMITED,SAI PHARMACEUTICALS LTD,2022 January 11,2027 January 11
2989,H2022/CTD5432/1182ER,ISON LIQUID,Isoflurane,"Inhalation Vapour, Liquid",China,Foreign,Crown Healthcare,CROWN  HEALTHCARE,2022 January 11,2027 January 11
2990,H2022/CTD6086/2148ER,CLARITHROMYCIN ORAL SUSPENSION 250mg / 5ml,CLARITHROMYCIN,Powder For Oral Suspension,India,Foreign,SAI PHARMACEUTICALS LIMITED,SAI PHARMACEUTICALS LTD,2022 January 11,2027 January 11
2991,H2022/CTD5269/2196ER,EPON 2000IU INJECTION,Erythropoietin,Solution For Injection,China,Foreign,Crown Healthcare,CROWN  HEALTHCARE,2022 January 11,2027 January 11
2992,H2022/CTD3523/8427ER,AXADEX D5 INFUSION,DEXTROSE 5%,Solution And Suspension For Suspension For In,India,Foreign,AXA PARENTERALS LTD,DANVANTRI ENTERPRISES LIMITED,2022 January 01,2027 January 01
2993,H2022/CTD3524/37284ER,NORMAL SALINE INFUSION,Normal Saline,Solution For Infusion In Administration Syste,India,Foreign,AXA PARENTERALS LTD,DANVANTRI ENTERPRISES LIMITED,2022 January 01,2027 January 01
2994,H2022/CTD3525/3486ER,AXALEVO INFUSION,Levofloxacin,Infusion,India,Foreign,AXA PARENTERALS LTD,DANVANTRI ENTERPRISES LIMITED,2022 January 01,2027 January 01
2995,H2022/CTD3527/17574ER,AXAPARA INJECTION,Paracetamol,Injection,India,Foreign,AXA PARENTERALS LTD,DANVANTRI ENTERPRISES LIMITED,2022 January 01,2027 January 01
2996,H2022/CTD3528/17875ER,AXAGYL INJECTION,Metronidazole,Injection,India,Foreign,AXA PARENTERALS LTD,DANVANTRI ENTERPRISES LIMITED,2022 January 01,2027 January 01
2997,H2022/CTD5896/1877ER,DAPAMET XR 5MG/1000MG TABLETS,Dapagliflozin Propanediol Monohydrate & Metformin…,Tablet,India,Foreign,M/s. Innocia Lifesciences Pvt. Ltd.,WESSEX PHARMACEUTICALS LTD,2022 February 25,2027 February 25
2998,H2022/CTD6338/17858,XEMPA 10 TABLETS,Empagliflozin Tablets,Tablet,Bangladesh,Foreign,MEDAFRIQ PHARMA LIMITED,TIBA HEALTHCARE LIMITED,2022 February 16,2027 February 16
2999,H2022/CTD6339/17864,XEMPA 25 TABLETS,Empagliflozin Tablets,Tablet,Bangladesh,Foreign,MEDAFRIQ PHARMA LIMITED,TIBA HEALTHCARE LIMITED,2022 February 16,2027 February 16
3000,H2022/CTD8899/19937,Empa-M 12.50/500mg Tablets,Empagliflozin +Metformin,Tablet,Pakistan,Foreign,Q PHARMA DMCC,CINTANA HEALTHCARE SERVICES LTD,2022 February 16,2027 February 16
3001,H2022/CTD8744/19898,Apixa-Q 5mg tablet,Apixaban,Tablet,Pakistan,Foreign,Q PHARMA DMCC,CINTANA HEALTHCARE SERVICES LTD,2022 February 16,2027 February 16
3002,H2022/CTD8901/19941,Empa-M 12.50/1000mg Tablets,Empagliflozin +Metformin,Tablet,Pakistan,Foreign,Qpharma DMCC,CINTANA HEALTHCARE SERVICES LTD,2022 February 16,2027 February 16
3003,H2022/CTD8915/20424,TERPYNTA-50,TAPENTADOL HYDROCHLORIDE,Tablet,India,Foreign,Zuvan  Limited,ZUVAN LIMITED,2022 February 16,2027 February 16
3004,H2022/CTD8743/19897,Apixa-Q 2.5mg tablet,Apixaban,Tablet,Pakistan,Foreign,Q PHARMA DMCC,CINTANA HEALTHCARE SERVICES LTD,2022 February 16,2027 February 16
3005,H2022/CTD7781/14669,VOMIGURD TABLETS,ONDANSETRON HYDROCHLORIDE USP,Tablet,India,Foreign,MEDCURE HEALTHCARE LTD,MEDCURE HEALTHCARE LTD,2022 February 16,2027 February 16
3006,H2022/CTD8698/16454,GLAPEN,Benzylpenicillin sodium,Powder For Injection,China,Foreign,Benzylpenicillin for injection 1mega,GLAD HEALTHCARE KENYA LIMITED,2022 February 14,2027 February 14
3007,H2022/CTD7521/14372,SEVFOS- 800,Sevelamer Carbonate,Film-Coated Tablet,India,Foreign,Ravenbhel Healthcare Pvt. Ltd.,SKY HEALTHCARE LTD,2022 February 14,2027 February 14
3008,H2022/CTD8696/17137,GLACIPRO,Ciprofloxacin Hydrochloride,Film-Coated Tablet,China,Foreign,Ciprofloxacin Hydrochloride,GLAD HEALTHCARE KENYA LIMITED,2022 February 14,2027 February 14
3009,H2022/CTD6535/12826,RELEZIN® 4mg Tablets,Tizanidine Hydrochloride USP,Tablet,Jordan,Foreign,"United Pharmaceuticals Mfg., Co. Ltd",EVKA CONSULTZ LTD,2022 February 14,2027 February 14
3010,H2022/CTD8665/20188,AMOKLAV 1.2G INJECTION,AMOXICILLIN SODIUM AND POTASSIUM CLAVULANATE,Powder For Injection,India,Foreign,PROMED PHARMACEUTICALS LTD,PRO MED PHARMACEUTICALS  LTD,2022 February 14,2027 February 14
3011,H2022/CTD8349/16215,MONTIKAST-10,Montelukast Tablets BP,Tablet,India,Foreign,GALAXY PHARMACEUTICAL LTD,GALAXY PHARMACEUTICAL LIMITED,2022 February 14,2027 February 14
3012,H2022/CTD7589/14771,Tasarem injection 2mg/ml.,Ondansetron Hydrochloride Injection,Injection,India,Local,Tasa Pharma Ltd,TASA PHARMA LIMITED,2022 February 14,2027 February 14
3013,H2022/CTD6435/2144ER,Vomito 4mg,Ondansetron,Buccal Tablet,Kenya,Foreign,Sai Pharmaceuticals Limited,SAI PHARMACEUTICALS LTD,2022 February 14,2027 February 14
3014,H2022/CTD6432/2140ER,Zosdom SR Capsules,Esomeprazole Magnesium USP Equivalent to…,Capsule,Kenya,Foreign,Sai Pharmaceuticals Limited,SAI PHARMACEUTICALS LTD,2022 February 14,2027 February 14
3015,H2022/CTD7786/14898,RHIZIN,Cetirizine Hydrochloride,Tablet,India,Foreign,Cadila Healthcare Limited,ZYDUS LIFESCIENCES LIMITED,2022 February 14,2027 February 14
3016,H2022/CTD7862/15034,NILWORM SUSPENSION,Albendazole BP,Oral Suspension,India,Foreign,GALAXY PHARMACEUTICAL LTD,GALAXY PHARMACEUTICAL LIMITED,2022 February 14,2027 February 14
3017,H2022/CTD6431/2143ER,Zospride Capsules,Itopride & Esomeprazole,Capsule,Kenya,Foreign,SAI PHARMACEUTICALS LIMITED,SAI PHARMACEUTICALS LTD,2022 February 14,2027 February 14
3018,H2022/CTD8117/16935,Nelcef-DT,Cefixime Dispersible Tablets 100 mg,Dispersible Tablet,India,Foreign,Chiros Pharma,NAIROBI ENTERPRISES LTD,2022 February 14,2027 February 14
3019,H2022/CTD8756/15222,Aropem 1g injection,Meropenem Trihydrate,Powder For Solution For Injection/Infusion,Lebanon,Foreign,Arwan Pharmaceutical Industries Lebanon s.a.l,GOODMAN AGENCIES LTD,2022 February 14,2027 February 14
3020,H2022/CTD8757/14993,Aropem 0.5g injection,Meropenem Trihydrate,Powder For Solution For Injection/Infusion,Lebanon,Foreign,Arwan Pharmaceutical Industries Lebanon s.a.l,GOODMAN AGENCIES LTD,2022 February 14,2027 February 14
3021,H2022/CTD8036/17121,TELMICOS AMH 40:5:12.5MG TABLETS,TELMISARTAN / AMLODIPINE BESYLATE EQUIVALENT TO…,Tablet,Kenya,Local,COSMOS LIMITED,COSMOS LIMITED,2022 February 14,2027 February 14
3022,H2022/CTD6363/1954ER,THIOZONE C,Thiocolchicoside and Celecoxib,Capsule,India,Foreign,Zuvan  Limited,ZUVAN LIMITED,2022 February 14,2027 February 14
3023,H2022/CTD8792/17838,TELOVA SYRUP,Levocetirizine Dihydrochloride & Montelukast Syrup,Syrup,India,Foreign,VITACURA PHARMACEUTICALS,SIMBA PHARMACEUTICALS LTD,2022 February 14,2027 February 14
3024,H2022/CTD8371/16942,GLIPMEVIA 50/500,Sitagliptin Phosphate and Metformin Hydrochloride,Tablet,India,Foreign,GALAXY PHARMACEUTICAL LIMITED,GALAXY PHARMACEUTICAL LIMITED,2022 February 14,2027 February 14
3025,H2022/CTD8380/17492,TELMITAB-40 CT,Telmisartan and Chlorthalidone,Tablet,India,Foreign,GALAXY PHARMACEUTICAL LIMITED,GALAXY PHARMACEUTICAL LIMITED,2022 February 14,2027 February 14
3026,H2022/CTD8885/20537,EMITOSS 8 TABLETS,Ondansetron Hydrochloride Dihydrate USP,Orally disintegrating  tablets,India,Foreign,GALAXY PHARMACEUTICAL LTD,GALAXY PHARMACEUTICAL LIMITED,2022 February 14,2027 February 14
3027,H2022/CTD6833/12945,DYNACORT ORAL SUSPENSION,DEFLAZACORT,Powder For Oral Suspension,India,Foreign,GALAXY PHARMACEUTICAL LIMITED,GALAXY PHARMACEUTICAL LIMITED,2022 February 14,2027 February 14
3028,H2022/CTD8399/16943,GLIPMEVIA 50/850,Sitagliptin Phosphate and Metformin Hydrochloride,Tablet,India,Foreign,GALAXY PHARMACEUTICAL LIMITED,GALAXY PHARMACEUTICAL LIMITED,2022 February 14,2027 February 14
3029,H2022/CTD8400/16944,GLIPMEVIA 50/1000,Sitagliptin Phosphate and Metformin Hydrochloride,Tablet,India,Foreign,GALAXY PHARMACEUTICAL LIMITED,GALAXY PHARMACEUTICAL LIMITED,2022 February 14,2027 February 14
3030,H2022/CTD8602/19864,ONDEX SYRUP,ONDANSETRON HCL DIHYDRATE BP,Syrup,Kenya,Local,NATIONAL PHARMACY LTD,NATIONAL PHARMACY LTD,2022 February 14,2027 February 14
3031,H2022/CTD8510/16047,Esosole 40mg injection,Esomaprazole,Injection,Kenya,Foreign,SAI PHARMACEUTICALS LIMITED,SAI PHARMACEUTICALS LTD,2022 February 14,2027 February 14
3032,H2022/CTD5366/2139ER,ZOS HP KIT,"AMOXICILLIN, ESOMEPRAZOLE , & CLARITHROMYCIN",Tablet,Kenya,Foreign,SAI PHARMACEUTICALS LIMITED,SAI PHARMACEUTICALS LTD,2022 February 14,2027 February 14
3033,H2022/CTD5336/1457ER,FUSIDERM CREAM,Mometasone Furoate BP & Fusidic Acid BP,Cream,India,Foreign,DOLOPHARMA HEALTHCARE LTD,DOLOPHARMA HEALTHCARE LTD,2022 February 14,2027 February 14
3034,H2022/CTD6354/1891ER,DUSTAM,TAMSULOSIN AND DUTASTERIDE,"Capsule, Hard",India,Foreign,DOLOPHARMA HEALTHCARE LTD,DOLOPHARMA HEALTHCARE LTD,2022 February 14,2027 February 14
3035,H2022/CTD6061/2141ER,Zos Levo HP Kit,"AMOXICILLIN  , ESOMEPRAZOLE  & LEVOFLOXACIN",Tablet,Kenya,Foreign,Sai Pharmaceuticals Limited,SAI PHARMACEUTICALS LTD,2022 February 14,2027 February 14
3036,H2022/CTD6081/2142ER,Vomito 8mg,Ondansetron,Orally disintegrating  tablets,Kenya,Foreign,Sai Pharmaceuticals Limited,SAI PHARMACEUTICALS LTD,2022 February 14,2027 February 14
3037,H2022/CTD9779/21217,S- Pyrimac (Sulfadoxine and Pyrimethamine…,Sulfadoxine Ph. Int. and Pyrimethamine Ph. Int.,Dispersible Tablet,India,Foreign,Macleods Pharmaceuticals Limited,SAI PHARMACEUTICALS LTD,2022 December 20,2027 December 20
3038,H2022/CTD8458/18826,cetirizine,cetirizine hydrochloride,Syrup,Kenya,Local,Zain pharma Limited,ZAIN PHARMA LIMITED,2022 December 20,2027 December 20
3039,H2022/CTD7382/13206,CLOSTAT Dusting Powder,Clotrimazole,Powder And Gel For Gel,India,Foreign,STERLING LAB,SKY HEALTHCARE LTD,2022 December 20,2027 December 20
3040,H2022/CTD9968/22585,OMPAC,OMEPRAZOLE SODIUM,Powder For Injection,India,Foreign,ZAWADI HEALTHCARE LIMITED,ZAWADI HEALTHCARE LTD,2022 December 20,2027 December 20
3041,H2022/CTD9890/22668,Chlorpar Plus,"Aceclofenac, Paracetamol & Chlorzoxazone",Tablet,India,Foreign,Unisel Pharma (K) Ltd.,HARLEYS LTD-NAIROBI,2022 December 15,2027 December 15
3042,H2022/CTD9303/18618,Emtricitabine and Tenofovir alafenamide Tablets…,Emtricitabine and Tenofovir alafenamide,Film-Coated Tablet,India,Foreign,Hetero labs limited,UNISEL LTD,2022 December 15,2027 December 15
3043,H2022/CTD9891/22684,Neorelax A 8mg Tablet,Aceclofenac & Thiocolchicoside,Tablet,India,Foreign,Meyer Organics Pvt.Ltd,HARLEYS LTD-NAIROBI,2022 December 15,2027 December 15
3044,H2022/CTD9280/20772,PHARMADOL FIZZ 1000,PARACETAMOL,Effervescent Tablet,India,Foreign,GALAXY PHARMACEUTICAL LTD,GALAXY PHARMACEUTICAL LIMITED,2022 December 15,2027 December 15
3045,H2022/CTD9424/20669,ESOVIT KIT,"Esomeprazole Magnesium Trihydrate, Levofloxacin, …",Tablet,India,Foreign,Eastleigh Pharmaceuticals Co. Ltd,EASTLEIGH PHARMACEUTUICAL LIMITED,2022 December 15,2027 December 15
3046,H2022/CTD9241/19017,MYLTEGA DT,Dolutegravir Sodium,Tablet,India,Foreign,MYLTEGA DT,SURGILINKS LTD,2022 December 15,2027 December 15
3047,H2022/CTD9889/20162,Actinac ER 200,Aceclofenac BP,Film-Coated Tablet,India,Foreign,Ajanta Pharma Limited,HARLEYS LTD-NAIROBI,2022 December 15,2027 December 15
3048,H2022/CTD8498/18676,CIPROGLAX TABLETS,Ciprofloxacin Hydrochloride USP,Tablet,India,Foreign,GALAXY PHARMACEUTICAL LTD,GALAXY PHARMACEUTICAL LIMITED,2022 December 15,2027 December 15
3049,H2022/CTD9564/20922,ZOF MR,"ACECLOFENAC, PARACETAMOL & CHLORZOXAZONE TABLETS",Tablet,India,Foreign,WELCARE LIFESCIENCES,WEGA HEALTHCARE LTD,2022 December 15,2027 December 15
3050,H2022/CTD9910/21336,SYLVITAS 15% Concentrate for solution for Infusion,Potassium Chloride,Concentrate For Solution For Infusion,Kenya,Local,Tasa Pharma Limited,TASA PHARMA LIMITED,2022 December 15,2027 December 15
3051,H2022/CTD8939/20628,Tasnovel Solution for Injection,Midazolam Hydrochloride,Solution For Injection,Kenya,Local,Tasa Pharma Limited,TASA PHARMA LIMITED,2022 December 15,2027 December 15
3052,H2022/CTD9368/20498,TRISHIELD,"Betamethasone, Clotrimazole and Gentamicin",Cream,India,Foreign,TRIDENT LIFELINE PRIVATE LIMITED,EASTLEIGH PHARMACEUTUICAL LIMITED,2022 December 15,2027 December 15
3053,H2022/CTD8017/15701,DAFLON 1000 mg,Micronized purified flavonoid fraction,Film-Coated Tablet,France,Foreign,Les Laboratoires Servier,HARLEYS LTD-NAIROBI,2022 December 15,2027 December 15
3054,H2022/CTD9581/20691,TRIXI,Cefuroxime Axetil USP,Tablet,India,Foreign,Eastleigh Pharmaceuticals Co. Ltd,EASTLEIGH PHARMACEUTUICAL LIMITED,2022 December 15,2027 December 15
3055,H2022/CTD8940/20629,Tasnovel Forte Solution for Injection,Midazolam Hydrochloride,Solution For Injection,Kenya,Local,Tasa Pharma Limited,TASA PHARMA LIMITED,2022 December 15,2027 December 15
3056,H2022/CTD8544/19180,KOFGON,"DIPHENHYDRAMINE HYDROCHLORIDE, CHLORPHENIRAMINE…",Syrup,Kenya,Local,Zain Pharma Limited,ZAIN PHARMA LIMITED,2022 December 15,2027 December 15
3057,H2022/CTD9907/21118,Tasaroxin IV Solution for Infusion,Ciprofloxacin lactate (As Ciprofloxacin),Solution For Infusion,Kenya,Local,Tasa Pharma Limited,TASA PHARMA LIMITED,2022 December 15,2027 December 15
3058,H2022/CTD8882/20310,LYSODOL GEL,-	Aceclofenac BP - Oleum Lini (containing…,Gel,India,Foreign,GALAXY PHARMACEUTICAL LTD,GALAXY PHARMACEUTICAL LIMITED,2022 December 15,2027 December 15
3059,H2022/CTD8546/19182,RESPILIN,SALBUTAMOL SULPHATE,Syrup,Kenya,Local,Zain Pharma Limited,ZAIN PHARMA LIMITED,2022 December 15,2027 December 15
3060,H2022/CTD9514/21666,Rosuva 20 Tablet,Rosuvastatin Calcium USP,Film-Coated Tablet,Bangladesh,Foreign,SQUARE Pharmaceuticals Ltd.,ACE PHARMACEUTICALS LTD,2022 December 15,2027 December 15
3061,H2022/CTD9937/21860,ENVUTEG,"Lamivudine USP , Tenofovir Alafenamide and…",Tablet,India,Foreign,Mylan Laboratories Limited,SURGILINKS LTD,2022 December 15,2027 December 15
3062,H2022/CTD9935/22401,PETHEROL Solution for Injection,Pethidine,Solution For Injection,Kenya,Local,Tasa Pharma Limited,TASA PHARMA LIMITED,2022 December 15,2027 December 15
3063,H2022/CTD9934/22403,DEXATAS 25% Solution for Infusion,Glucose (As Monohydrate),Solution For Infusion,Kenya,Local,Tasa Pharma Limited,TASA PHARMA LIMITED,2022 December 15,2027 December 15
3064,H2022/CTD9933/22402,DEXATAS 10% Solution for Infusion,Glucose (As Monohydrate),Solution For Infusion,Kenya,Local,Tasa Pharma Limited,TASA PHARMA LIMITED,2022 December 15,2027 December 15
3065,H2022/CTD9932/22011,DEXATAS 50 % Concentrate for Solution for Infusion,Glucose Monohydrate,Concentrate For Solution For Infusion,Kenya,Local,Tasa Pharma Limited,TASA PHARMA LIMITED,2022 December 15,2027 December 15
3066,H2022/CTD9931/21816,DEXATAS 5% Solution for Infusion,Glucose Monohydrate,Solution For Infusion,Kenya,Local,Tasa Pharma Limited,TASA PHARMA LIMITED,2022 December 15,2027 December 15
3067,H2022/CTD9471/20523,MEURI,Desogestrel Ph. Eur. and Ethinylestradiol USP,Tablet,India,Foreign,"Population Services International, South Africa",EVKA CONSULTZ LTD,2022 December 15,2027 December 15
3068,H2022/CTD9470/20578,AVERTISO (Misoprostol 200 mcg Tablets),Misoprostol (As 1% HPMC Dispersion) Ph. Eur,Tablet,India,Foreign,"Population Services International, South Africa",EVKA CONSULTZ LTD,2022 December 15,2027 December 15
3069,H2022/CTD9469/20431,PRONTA,Levonorgestrel Ph. Eur,Tablet,India,Foreign,"Population Services International, South Africa",EVKA CONSULTZ LTD,2022 December 15,2027 December 15
3070,H2022/CTD9519/20479,Viglita 50 Tablet,Vildagliptin,Tablet,Bangladesh,Foreign,Square Pharmaceuticals Ltd.,ACE PHARMACEUTICALS LTD,2022 December 15,2027 December 15
3071,H2022/CTD8395/18493,GALAXY’S NEUROCARE INJECTION,"Methylcobalamin, Niacinamide, Pyridoxine…",Injection,India,Foreign,GALAXY PHARMACEUTICAL LTD,GALAXY PHARMACEUTICAL LIMITED,2022 December 15,2027 December 15
3072,H2022/CTD7517/14120,Amucap 250mg,Amoxicillin Trihydrate,Capsule,China,Foreign,NORTH CHINA PHARMACEUTICAL CORPORATION LTD(NCPC)-…,MANCHE PHARMA LIMITED,2022 December 15,2027 December 15
3073,H2022/CTD8423/15608,Bisocor 5 Tablet,Bisoprolol Fumarate USP,Tablet,Bangladesh,Foreign,Square Formulations Ltd.,ACE PHARMACEUTICALS LTD,2022 December 15,2027 December 15
3074,H2022/CTD9021/20449,MEFTAN PLUS 10:5MG FILM COATED TABLETS,MONTELUKAST / LEVOCETRIZINE,Film-Coated Tablet,Kenya,Local,COSMOS LIMITED,COSMOS LIMITED,2022 December 14,2027 December 14
3075,H2022/CTD9520/20218,Siglimet 50/500 Tablet,Sitagliptin Phosphate Monohydrate INN & Metformin…,Film-Coated Tablet,Bangladesh,Local,SQUARE Pharmaceuticals Ltd.,ACE PHARMACEUTICALS LTD,2022 December 14,2027 December 14
3076,H2022/CTD9521/20219,Siglimet 50/1000 Tablet,Sitagliptin Phosphate Monohydrate INN & Metformin…,Film-Coated Tablet,Bangladesh,Foreign,SQUARE Pharmaceuticals Ltd.,ACE PHARMACEUTICALS LTD,2022 December 14,2027 December 14
3077,H2022/CTD8788/17474,Artemether and Lumefantrine CIPLA Dispersible…,Artemether and Lumefantrine,Dispersible Tablet,India,Foreign,Cipla Limited,PHILLIPS HEALTHCARE SERVICES LTD,2022 December 05,2027 December 05
3078,H2022/CTD8196/17724,Dolutegravir and Lamivudine 50/300 mg tablet,Dolutegravir Sodium  and Lamivudine,Tablet,India,Foreign,Cipla Limited,PHILLIPS HEALTHCARE SERVICES LTD,2022 December 05,2027 December 05
3079,H2022/CTD8530/18466,Cabozanix 60 Tablet,Cabozantinib,Tablet,Bangladesh,Foreign,Beacon Medicare Limited,GENERICS AFRICA LTD,2022 December 01,2027 December 01
3080,H2022/CTD8554/18600,Nilonix 150,Nilotinib Hydrochloride Monohydrate,Capsule,Bangladesh,Foreign,Beacon Medicare Limited,GENERICS AFRICA LTD,2022 December 01,2027 December 01
3081,H2022/CTD8539/16152,Levipil inj,Levetiracetam,Injection,India,Foreign,SUN PHARMACEUTICAL INDUSTRIES LIMITED,SUN PHARMA EAST AFRICA LTD,2022 December 01,2027 December 01
3082,H2022/CTD8538/18560,Nilonix 200,Nilotinib Hydrochloride Monohydrate INN,Capsule,Bangladesh,Foreign,Beacon Medicare Limited,GENERICS AFRICA LTD,2022 December 01,2027 December 01
3083,H2022/CTD8537/17471,ROZAVEL 40,Rosuvastatin Calcium Tablets 40mg,Film-Coated Tablet,India,Foreign,SUN PHARMACEUTICAL INDUSTRIES LIMITED,SUN PHARMA EAST AFRICA LTD,2022 December 01,2027 December 01
3084,H2022/CTD7445/14619,CONCOR AMLO 5MG/10MG TABLETS,Bisoprolol fumarate and Amlodipine Besilate,Tablet,Hungary,Foreign,Merck (Pty) Limited,IMPERIAL MANAGED SOLUTIONS EAST AFRICA LTD-…,2022 December 01,2027 December 01
3085,H2022/CTD7446/14620,CONCOR AMLO 10MG/5MG TABLETS,Bisoprolol fumarate and Amlodipine Besilate,Tablet,Hungary,Foreign,Merck (Pty) Limited,IMPERIAL MANAGED SOLUTIONS EAST AFRICA LTD-…,2022 December 01,2027 December 01
3086,H2022/CTD7450/14626,CONCOR AMLO 10MG/10MG TABLETS,Bisoprolol fumarate and Amlodipine Besilate,Tablet,Hungary,Foreign,Merck (Pty) Ltd,IMPERIAL MANAGED SOLUTIONS EAST AFRICA LTD-…,2022 December 01,2027 December 01
3087,H2022/CTD6679/2457ER,CILNEED 10 CT TABLETS,Cilnidipine and Chlorthalidone,Tablet,India,Foreign,M/s. Innocia Lifesciences Pvt. Ltd.,WESSEX PHARMACEUTICALS LTD,2022 December 01,2027 December 01
3088,H2022/CTD8463/18457,Apalunix Tablet,Apalutamide  INN,Tablet,Bangladesh,Foreign,Beacon Medicare Limited,GENERICS AFRICA LTD,2022 December 01,2027 December 01
3089,H2022/CTD6626/12895,TREVICTA®  525mg,Paliperidone Palmitate,Prolonged-Release Suspension For Injection,Belgium,Foreign,Janssen-Cilag International NV,JOHNSON & JOHNSON MIDDLE EAST FZ LLC,2022 December 01,2027 December 01
3090,H2022/CTD7520/14297,TRIMIC FORTE L,"Metronidazole BP,  Miconazole Nitrate BP, …",Pessary,India,Foreign,Bliss GVS Pharma Ltd.,THERALIFE PHARMA LTD,2022 December 01,2027 December 01
3091,H2022/CTD8338/16386,SPASMODEX-10,Hyoscine Butylbromide B.P.,Tablet,India,Foreign,GALAXY PHARMACEUTICAL LTD,GALAXY PHARMACEUTICAL LIMITED,2022 December 01,2027 December 01
3092,H2022/CTD6616/12877,TREVICTA®  350mg,Paliperidone Palmitate,Prolonged-Release Suspension For Injection,Belgium,Foreign,Janssen-Cilag International NV,JOHNSON & JOHNSON MIDDLE EAST FZ LLC,2022 December 01,2027 December 01
3093,H2022/CTD8975/20686,VILDAMET 100mg XR/850mg XR TABLETS,Vildagliptin & Metformin Hydrochloride,Tablet,India,Foreign,M/s. Innocia Lifesciences Pvt. Ltd.,WESSEX PHARMACEUTICALS LTD,2022 December 01,2027 December 01
3094,H2022/CTD6609/12835,TREVICTA® 263mg,Paliperidone Palmitate,Prolonged-Release Suspension For Injection,Belgium,Foreign,Janssen-Cilag International NV,JOHNSON & JOHNSON MIDDLE EAST FZ LLC,2022 December 01,2027 December 01
3095,H2022/CTD6672/2459ER,CILNITEL 10/80 TABLETS,Cilnidipine and Telmisartan,Tablet,India,Foreign,M/s. Innocia Lifesciences Pvt. Ltd.,WESSEX PHARMACEUTICALS LTD,2022 December 01,2027 December 01
3096,H2022/CTD8974/20687,VILDAMET 100mg XR/1000mg XR TABLETS,Vildagliptin & Metformin Hydrochloride,Film-Coated Tablet,India,Foreign,M/s. Innocia Lifesciences Pvt. Ltd.,WESSEX PHARMACEUTICALS LTD,2022 December 01,2027 December 01
3097,H2022/CTD6682/2458ER,CILNITEL 10/40 TABLETS,Cilnidipine & Telmisartan,Tablet,India,Foreign,M/s. Innocia Lifesciences Pvt. Ltd.,WESSEX PHARMACEUTICALS LTD,2022 December 01,2027 December 01
3098,H2022/CTD8617/17056,CODAMOL RUSAN,"Paracetamol BP …. 500 mg, Codeine phosphate BP ……",Tablet,India,Foreign,CODAMOL RUSAN,SURGILINKS LTD,2022 December 01,2027 December 01
3099,H2022/CTD7238/14257,AZITHRAA 500,Azithromycin,Tablet,India,Foreign,Pinnacle Life Science Pvt Ltd,UNISEL LTD,2022 December 01,2027 December 01
3100,H2022/CTD6683/2455ER,ONDERON 4 MD TABLETS,Ondansetron Hydrochloride Dihydrate,Tablet,India,Foreign,INNOCIA LIFESCIENCES PVT. LTD,WESSEX PHARMACEUTICALS LTD,2022 December 01,2027 December 01
3101,H2022/CTD8892/20132,LE SURE KIT,"AMOXICILLIN 1000MG, ESOMEPRAZOLE 40MG AND…",Coated Tablet,India,Foreign,NATIONAL PHARMACY LTD,NATIONAL PHARMACY LTD,2022 December 01,2027 December 01
3102,H2022/CTD8872/20004,Crizonix 250mg Capsule,Crizotinib,Capsule,Bangladesh,Foreign,Beacon Medicare Limited,GENERICS AFRICA LTD,2022 December 01,2027 December 01
3103,H2022/CTD6724/18174,VOMIKIND-MD 4,Ondansetron,Orally disintegrating  tablets,India,Foreign,MANKIND PHARMA LTD.,SURGILINKS LTD,2022 December 01,2027 December 01
3104,H2022/CTD7137/13917,Ondem-MD 4,Ondansetron USP,Tablet,India,Foreign,Alkem Laboratories Limited,PHARMACOR LTD,2022 December 01,2027 December 01
3105,H2022/CTD9136/18490,BLACIDEC 10,Solifenacin succinate,Film-Coated Tablet,India,Foreign,MSN Laboratories Private Limited,SIMBA PHARMACEUTICALS LTD,2022 December 01,2027 December 01
3106,H2022/CTD864918787,Elbonix 25 tablet,Eltrombopag Olamine,Tablet,Bangladesh,Foreign,Beacon Medicare Limited,GENERICS AFRICA LTD,2022 December 01,2027 December 01
3107,H2022/CTD8661/17756,VITOC-D DROPS,Colecalciferol BP,"Oral Drops, Solution",India,Foreign,CACHET PHARMACEUTICALS PVT. LTD,PHILLIPS THERAPEUTICS LIMITED,2022 December 01,2027 December 01
3108,H2022/CTD8886/20536,EMITOSS 4 TABLETS,-	Ondansetron Hydrochloride Dihydrate USP,Orally disintegrating  tablets,India,Foreign,GALAXY PHARMACEUTICAL LTD,GALAXY PHARMACEUTICAL LIMITED,2022 December 01,2027 December 01
3109,H2022/CTD8660/19879,AZ,ALBENDAZOLE,Oral Suspension,Kenya,Local,Zain Pharma Limited,ZAIN PHARMA LIMITED,2022 December 01,2027 December 01
3110,H2022/CTD6816/12551,ZOLEDRONIC ACID MYLAN,Zoledronic Acid,Injection,India,Foreign,Mylan Laboratories Limited [Specialty Formulation…,SURGILINKS LTD,2022 December 01,2027 December 01
3111,H2022/CTD8295/15448,Candizole Powder for Oral Suspension,Fluconazole,Oral Suspension,Kenya,Local,REGAL PHARMACEUTICALS LIMITED,REGAL PHARMACEUTICALS LTD,2022 December 01,2027 December 01
3112,H2022/CTD8745/15726,STIGMINE,Neostigmine Methylsulfate USP,Injection,India,Foreign,GALAXY PHARMACEUTICAL LIMITED,GALAXY PHARMACEUTICAL LIMITED,2022 December 01,2027 December 01
3113,H2022/CTD9015/18474,RIFAXIM 550,Rifaximin Tablets,Tablet,India,Foreign,TIBA HEALTHCARE LIMITED,PHARMACOR LTD,2022 December 01,2027 December 01
3114,H2022/CTD8985/20679,VILDAMET 100mg XR/500mg XR TABLETS,Vildagliptin & Metformin Hydrochloride,Film-Coated Tablet,India,Foreign,M/s. Innocia Lifesciences Pvt. Ltd.,WESSEX PHARMACEUTICALS LTD,2022 December 01,2027 December 01
3115,H2022/CTD8979/20721,DAPAMET-V XR 5 TABLETS,"Dapagliflozin Propanediol Monohydrate,…",Film-Coated Tablet,India,Foreign,M/s. Innocia Lifesciences Pvt. Ltd.,WESSEX PHARMACEUTICALS LTD,2022 December 01,2027 December 01
3116,H2022/CTD6451/2328ER,APIBAN 2.5MG TABLETS,Apixaban,Film-Coated Tablet,Pakistan,Foreign,INNOCIA LIFESCIENCES PVT. LTD.,WESSEX PHARMACEUTICALS LTD,2022 December 01,2027 December 01
3117,H2022/CTD6452/2464ER,APIBAN 5MG TABLETS,APIXABAN,Film-Coated Tablet,Pakistan,Foreign,INNOCIA LIFESCIENCES PVT. LTD.,WESSEX PHARMACEUTICALS LTD,2022 December 01,2027 December 01
3118,H2022/CTD9022/19010,FIBRON 40MG FILM COATED TABLETS,FEBUXOSTAT,Film-Coated Tablet,Kenya,Local,COSMOS LIMITED,COSMOS LIMITED,2022 December 01,2027 December 01
3119,H2022/CTD9023/19011,FIBRON 80MG FILM COATED TABLETS,FEBUXOSTAT,Film-Coated Tablet,Kenya,Local,COSMOS LIMITED,COSMOS LIMITED,2022 December 01,2027 December 01
3120,H2022/CTD6544/2462ER,DIAJARD 10 MG TABLETS,Empagliflozin,Film-Coated Tablet,Pakistan,Foreign,M/s. Innocia Lifesciences Pvt. Ltd.,WESSEX PHARMACEUTICALS LTD,2022 December 01,2027 December 01
3121,H2022/CTD7776/14211,FENSTUD INJECTION 50 MCG,Fentanyl citrate Ph . Eur,Injection,India,Foreign,RUSAN PHARMA LTD.,SURGILINKS LTD,2022 December 01,2027 December 01
3122,H2022/CTD6548/2460ER,DIAJARD-MXR 10MG/ 1000MG TABLETS,Empagliflozin and Metformin Hcl,Film-Coated Tablet,Pakistan,Foreign,M/s. Innocia Lifesciences Pvt. Ltd.,WESSEX PHARMACEUTICALS LTD,2022 December 01,2027 December 01
3123,H2022/CTD7674/14857,URSOCOL 150,Ursodeoxycholic acid tablets BP 150MG,Tablet,India,Foreign,Sun Pharmaceutical Industries Limited,SUN PHARMA EAST AFRICA LTD,2022 December 01,2027 December 01
3124,H2022/CTD6549/2461ER,DIAJARD 25 MG TABLETS,Empagliflozin,Film-Coated Tablet,Pakistan,Foreign,M/s. Innocia Lifesciences Pvt. Ltd.,WESSEX PHARMACEUTICALS LTD,2022 December 01,2027 December 01
3125,H2022/CTD6550/2456ER,CILNEED 20 CT TABLETS,Cilnidipine and Chlorthalidone,Tablet,India,Foreign,M/s. Innocia Lifesciences Pvt. Ltd.,WESSEX PHARMACEUTICALS LTD,2022 December 01,2027 December 01
3126,H2022/CTD8976/20664,ROSTAT CV 10 CAPSULES,Rosuvastatin Calcium & Clopidogrel Bisulfate,Capsule,India,Foreign,M/s. Innocia Lifesciences Pvt. Ltd.,WESSEX PHARMACEUTICALS LTD,2022 December 01,2027 December 01
3127,H2022/CTD8977/20666,ROSTAT CV 20 CAPSULES,Rosuvastatin Calcium & Clopidogrel Bisulfate,Capsule,India,Foreign,M/s. Innocia Lifesciences Pvt. Ltd.,WESSEX PHARMACEUTICALS LTD,2022 December 01,2027 December 01
3128,H2022/CTD8237/16530,GASTICA SUSPENSION,"Simethicone Emulsion USP, Calcium Carbonate BP,…",Oral Suspension,India,Foreign,GALAXY PHARMACEUTICAL LTD,GALAXY PHARMACEUTICAL LIMITED,2022 December 01,2027 December 01
3129,H2022/CTD8978/20722,DAPAMET-V XR 10 TABLETS,"Dapagliflozin Propanediol Monohydrate,…",Film-Coated Tablet,India,Foreign,M/s. Innocia Lifesciences Pvt. Ltd.,WESSEX PHARMACEUTICALS LTD,2022 December 01,2027 December 01
3130,H2022/CTD7967/15084,"Diphtheria and Tetanus Vaccine (Adsorbed, Reduced…","Diphtheria and Tetanus Vaccine (Adsorbed, Reduced…",Suspension For Injection,India,Foreign,BIOLOGICAL E. LTD,GALAXY PHARMACEUTICAL LIMITED,2022 December 01,2027 December 01
3131,H2022/CTD8773/18785,HIRZOLID,Linezolid,Tablet,India,Foreign,HIRAL LABS LIMITED,ZAWADI HEALTHCARE LTD,2022 December 01,2027 December 01
3132,H2022/CTD7661/14837,TINEAHIT,Luliconazole,Cream,India,Foreign,GALAXY PHARMACEUTICAL LIMITED,GALAXY PHARMACEUTICAL LIMITED,2022 December 01,2027 December 01
3133,H2022/CTD5897/1879ER,DAPAMET XR 5MG/500MG TABLETS,Dapagliflozin Propanediol Monohydrate & Metformin…,Tablet,India,Foreign,M/s. Innocia Lifesciences Pvt. Ltd.,WESSEX PHARMACEUTICALS LTD,2022 December 01,2027 December 01
3134,H2022/CTD6088/2327ER,CILNEED-20 TABLETS,Cilnidipine,Tablet,India,Foreign,M/s. Innocia Lifesciences Pvt. Ltd.,WESSEX PHARMACEUTICALS LTD,2022 December 01,2027 December 01
3135,H2022/CTD5776/1509ER,ZILOX 500 CAPSULES,Amoxicillin Trihydrate BP,Capsule,India,Foreign,Sanjeevani Bio-tech Exim Pvt Ltd,ZIKE CORPORATION LTD,2022 December 01,2027 December 01
3136,H2022/CTD5894/1878ER,DAPAMET XR 10MG/1000MG TABLETS,Dapagliflozin Propanediol Monohydrate & Metformin…,Tablet,India,Foreign,INNOCIA LIFESCIENCES PVT. LTD,WESSEX PHARMACEUTICALS LTD,2022 December 01,2027 December 01
3137,H2022/CTD5895/2331ER,DAPAMET XR 10MG/500MG TABLETS,Dapagliflozin Propanediol Monohydrate & Metformin…,Tablet,India,Foreign,M/s. Innocia Lifesciences Pvt. Ltd.,WESSEX PHARMACEUTICALS LTD,2022 December 01,2027 December 01
3138,H2022/CTD5977/3833ER,Tamsu - D  Capsules,Tamsulosin Hydrochloride & Dutasteride,Capsule,India,Foreign,SAI PHARMACEUTICALS LIMITED,SAI PHARMACEUTICALS LTD,2022 August 31,2027 August 31
3139,H2022/CTD5752/3846ER,Pronil 20mg Capsules,Fluoxetine,Capsule,India,Foreign,SAI PHARMACEUTICALS LIMITED,SAI PHARMACEUTICALS LTD,2022 August 31,2027 August 31
3140,H2022/CTD6571/3834ER,M-Olanzapine 10mg Tablets,Olanzapine,Tablet,India,Foreign,SAI PHARMACEUTICALS LIMITED,SAI PHARMACEUTICALS LTD,2022 August 31,2027 August 31
3141,H2022/CTD8597/16373,Dapzin-10,Dapagliflozin,Tablet,India,Foreign,Micro Labs Limited,MICRO LABS (EA) LTD,2022 August 31,2027 August 31
3142,H2022/CTD6646/12941,ALMONT 10,Montelukast Sodium Eur Ph.,Film-Coated Tablet,India,Foreign,Alkem Laboratories Limited,PHARMACOR LTD,2022 August 31,2027 August 31
3143,H2022/CTD6742/3837ER,Ecinil 20mg Tablets,Escitalopram Oxalate 20mg,Film-Coated Tablet,India,Foreign,SAI PHARMACEUTICALS LIMITED,SAI PHARMACEUTICALS LTD,2022 August 31,2027 August 31
3144,H2022/CTD8876/20501,LIDOCEL INJECTION,LIDOCAINE & ADRENALINE BP,Injection,India,Foreign,PROMED PHARMACEUTICALS LTD,PRO MED PHARMACEUTICALS  LTD,2022 August 23,2027 August 23
3145,H2022/CTD8853/17334,TELTAS 80AH,"TELMISARTAN Ph. Eur, AMLODIPINE BESILATE Ph. Eur,…",Tablet,India,Foreign,INTAS PHARMACEUTICALS LIMITED,ACCORD HEALTHCARE (K) LTD,2022 August 03,2027 August 03
3146,H2022/CTD8852/17324,TELTAS 40AH,"TELMISARTAN Ph Eur, AMLODIPINE BESILATE Ph Eur…",Tablet,India,Foreign,INTAS PHARMACEUTICALS LIMITED,ACCORD HEALTHCARE (K) LTD,2022 August 03,2027 August 03
3147,H2022/CTD7580/14756,NEOMIB-2mg,Bortezomib,Injection,India,Foreign,GETWELL PHARMACEUTICALS LTD,NAIROBI ENTERPRISES LTD,2022 August 03,2027 August 03
3148,H2022/CTD7138/13995,FOSFA 2gm with Mesna Injection 200mg/2ml,Ifosfamide USP and Mesna BP,Powder For Injection,India,Foreign,GETWELL PHARMACEUTICALS LTD,NAIROBI ENTERPRISES LTD,2022 August 03,2027 August 03
3149,H2022/CTD8837/18344,Cafenol Extra Tablets,"Aspirin, Paracetamol and Caffeine",Tablet,Kenya,Local,Beta Healthcare International Limited,BETA HEALTHCARE INTERNATIONAL LTD,2022 August 02,2027 August 02
3150,H2022/CTD9402/20973,DORI 500,Doripenem 500mg,Powder For Solution For Injection,Pakistan,Foreign,Pharmaken Ltd,PHARMAKEN LTD,2022 August 02,2027 August 02
3151,H2022/CTD6456/12455,ECALTA,ANIDULAFUNGIN,Powder And Solution For Solution For Injectio,United States,Foreign,PFIZER LABORATORIES LIMITED,PFIZER LABORATORIES LTD,2022 August 02,2027 August 02
3152,H2022/CTD9157/20165,CO-ORIXO,Ofloxacin USP & Ornidazole IH,Film-Coated Tablet,India,Foreign,Ajanta Pharma Limited,HARLEYS LTD-NAIROBI,2022 August 02,2027 August 02
3153,H2022/CTD9149/20315,Amaday PL 10/8,Amlodipine Besilate BP & Perindopril Erbumine BP,Tablet,India,Foreign,Ajanta Pharma Limited,HARLEYS LTD-NAIROBI,2022 August 02,2027 August 02
3154,H2022/CTD9150/20312,Amaday PL 5/4,Amlodipine Besilate BP & Perindopril Erbumine BP,Tablet,India,Foreign,Ajanta Pharma Limited,HARLEYS LTD-NAIROBI,2022 August 02,2027 August 02
3155,H2022/CTD9152/20314,Amaday PL 10/4,Amlodipine Besilate BP & Perindopril Erbumine BP,Tablet,India,Foreign,Ajanta Pharma Limited,HARLEYS LTD-NAIROBI,2022 August 02,2027 August 02
3156,H2022/CTD9151/20313,Amaday PL 5/8,Amlodipine Besilate & BP Perindopril Erbumine BP,Tablet,India,Foreign,Ajanta Pharma Limited,HARLEYS LTD-NAIROBI,2022 August 02,2027 August 02
3157,H2022/CTD8810/18220,AZADUAL 100,Azacitidine,Injection,India,Foreign,MSN Laboratories Private Limited,MSN LABORATORIES PVT LTD,2022 August 02,2027 August 02
3158,H2022/CTD7236/14255,syschol -500,Citicoline Sodium,Tablet,India,Foreign,Micro Labs Limited,MICRO LABS (EA) LTD,2022 August 02,2027 August 02
3159,H2022/CTD7563/14729,Vanbact  I.V Injection 1gm,Vancomycin HCl,Injection,Pakistan,Foreign,NABIQASIM INDUSTRIES (PVT.) LTD.,HARLEYS LTD-NAIROBI,2022 August 02,2027 August 02
3160,H2022/CTD9463/20280,Vildaril M 50/850,Vildagliptin IH & Metformin Hydrochloride USP,Film-Coated Tablet,India,Foreign,Ajanta Pharma Limited,HARLEYS LTD-NAIROBI,2022 August 02,2027 August 02
3161,H2022/CTD9459/21024,DIAZAC 5,Dapagliflozin IH,Film-Coated Tablet,India,Foreign,Ajanta Pharma Limited,HARLEYS LTD-NAIROBI,2022 August 02,2027 August 02
3162,H2022/CTD8541/18661,Niraparix Capsule,Niraparib Tosylate Monohydrate,Capsule,Bangladesh,Foreign,Beacon Medicare Limited,GENERICS AFRICA LTD,2022 August 02,2027 August 02
3163,H2022/CTD9462/20301,Vildaril M 50/500,Vildagliptin IH & Metformin Hydrochloride USP,Film-Coated Tablet,India,Foreign,Ajanta Pharma Limited,HARLEYS LTD-NAIROBI,2022 August 02,2027 August 02
3164,H2022/CTD8647/18827,Wedica 100 Tablet,Trelagliptin Succinate INN,Tablet,Bangladesh,Foreign,Beacon Medicare Limited,GENERICS AFRICA LTD,2022 August 02,2027 August 02
3165,H2022/CTD9461/20279,Vildaril M 50/1000,Vildagliptin IH & Metformin Hydrochloride USP,Film-Coated Tablet,India,Foreign,Ajanta Pharma Limited,HARLEYS LTD-NAIROBI,2022 August 02,2027 August 02
3166,H2022/CTD8648/18789,Dapawin 5,Dapagliflozin Propanediol Monohydrate INN eqv. to…,Tablet,Bangladesh,Foreign,Beacon Medicare Limited,GENERICS AFRICA LTD,2022 August 02,2027 August 02
3167,H2022/CTD7842/14998,MALAPIP SUSPENSION,DIHYDROARTEMISININ AND PIPERAQUINE SUSPENSION,Oral Liquid,India,Foreign,KRISHNA CHEMISTS LTD,KRISHNA CHEMISTS LTD,2022 August 02,2027 August 02
3168,H2022/CTD9460/21025,DIAZAC 10,Dapagliflozin IH,Film-Coated Tablet,India,Foreign,Ajanta Pharma Limited,HARLEYS LTD-NAIROBI,2022 August 02,2027 August 02
3169,H2022/CTD9223/20624,FEVASTIN TR,Paracetamol BP& Tramadol Hydrochloride BP,Effervescent Tablet,India,Foreign,"TIL HEALTHCARE PVT LTD.,",HARLEYS LTD-NAIROBI,2022 August 02,2027 August 02
3170,H2022/CTD8608/16015,NULOC 20,Esomeprazole magnesium USP,Coated Tablet,India,Foreign,Alkem Laboratories Limited,PHARMACOR LTD,2022 April 27,2027 April 27
3171,H2022/CTD8605/16025,NULOC - 40,Esomeprazole magnesium USP,Coated Tablet,India,Foreign,Alkem Laboratories Limited,PHARMACOR LTD,2022 April 27,2027 April 27
3172,H2022/CTD7143/14047,Amicine 500mg/2ml solution for Infusion,Amikacine Sulphate EP equivalent to Amikacin,Solution For Injection,Jordan,Foreign,Ms Pharma- Jordan,EVKA CONSULTZ LTD,2022 April 27,2027 April 27
3173,H2022/CTD8217/15498,Senergy® Plus (5/160/12.5) mg F.C Tablets,Amlodipine Besylate Ph. Eur equivalent to…,Film-Coated Tablet,Jordan,Foreign,United Pharmaceutical Mfg. Co Ltd.,EVKA CONSULTZ LTD,2022 April 27,2027 April 27
3174,H2022/CTD8966/20705,BP-TEL 5/40 NB TABLETS,Nebivolol Hydrochloride & Telmisartan,Film-Coated Tablet,India,Foreign,M/s. Innocia Lifesciences Pvt. Ltd.,WESSEX PHARMACEUTICALS LTD,2022 April 22,2027 April 22
3175,H2022/CTD8967/20707,BP-TEL 5/80 NB TABLETS,Nebivolol Hydrochloride & Telmisartan,Film-Coated Tablet,India,Foreign,M/s. Innocia Lifesciences Pvt. Ltd.,WESSEX PHARMACEUTICALS LTD,2022 April 22,2027 April 22
3176,H2022/CTD6054/1996ER,NEPAFLAM,Nepafenac Ophthalmic Suspension 0.1% w/v,"Eye Drops, Suspension",India,Foreign,Ajanta Pharma Limited.,HARLEYS LTD-NAIROBI,2022 April 22,2027 April 22
3177,H2022/CTD6289/1974ER,Roviros Tablet,Rosuvastatin Calcium,Tablet,Pakistan,Foreign,NABIQASIM INDUSTRIES (PVT.) LTD.,HARLEYS LTD-NAIROBI,2022 April 22,2027 April 22
3178,H2022/CTD6290/1973ER,ES-PRAMCIT TABLET 10MG,Escitalopram as Oxalate,Tablet,Pakistan,Foreign,Nabiqasim Industries (Pvt) Ltd,HARLEYS LTD-NAIROBI,2022 April 22,2027 April 22
3179,H2022/CTD5556/1684ER,ROSUTOR 20,Rosuvastatin Calcium,Tablet,India,Foreign,Ajanta Pharma Limited.,HARLEYS LTD-NAIROBI,2022 April 22,2027 April 22
3180,H2022/CTD8708/18424,Poliomyelitis Vaccine (Inactivated) - 1 Dose.,Polio trivalent bulk,Suspension For Injection,India,Foreign,Serum Institute of India Pvt Limited,SAI PHARMACEUTICALS LTD,2022 April 21,2027 April 21
3181,H2022/CTD7557/14711,Ezium Capsules 40mg,Esomeprazole,"Capsule, Hard",Pakistan,Foreign,THE SEARLE COMPANY LIMITED,UNISEL LTD,2022 April 20,2027 April 20
3182,H2022/CTD8928/20252,ETOVAC 120,ETORICOXIB,Tablet,Kenya,Local,PROMED PHARMACEUTICAL LTD,PRO MED PHARMACEUTICALS  LTD,2022 April 14,2027 April 14
3183,H2022/CTD9026/20730,QSita-M 50mg/1000mg Tablet,"Sitagliptin, Metformin",Tablet,Pakistan,Foreign,Q PHARMA DMCC,CINTANA HEALTHCARE SERVICES LTD,2022 April 10,2027 April 10
3184,H2022/CTD8755/16085,Sea-Mox 400mg Tablet,Moxifloxacin Hydrochloride,Tablet,Pakistan,Foreign,The Searle Company Ltd,UNISEL LTD,2022 April 10,2027 April 10
3185,H2022/CTD8041/16476,Tiban,Teneligliptin Hydrobromide Hydrate,Tablet,India,Foreign,Ajanta Pharma Limited,HARLEYS LTD-NAIROBI,2022 April 10,2027 April 10
3186,H2022/CTD9027/20738,Prosta-Q 0.4mg Capsules,Tamsulosin HCL,Capsule,Pakistan,Foreign,Q PHARMA DMCC,CINTANA HEALTHCARE SERVICES LTD,2022 April 10,2027 April 10
3187,H2022/CTD9028/20695,Pregab-Q 75mg Capsules,Pregabalin 75mg,Capsule,Pakistan,Foreign,Q PHARMA DMCC,CINTANA HEALTHCARE SERVICES LTD,2022 April 10,2027 April 10
3188,H2022/CTD8772/18597,HIRNEX,Tranexamic Acid,Injection,India,Foreign,HIRAL LABS LIMITED,ZAWADI HEALTHCARE LTD,2022 April 10,2027 April 10
3189,H2022/CTD9025/20731,QSita-M 50mg/ 500mg Tablet,"Sitagliptin, Metformin",Tablet,Pakistan,Foreign,Q PHARMA DMCC,CINTANA HEALTHCARE SERVICES LTD,2022 April 10,2027 April 10
3190,H2022/CTD6824/12851,GSUNATE-120,Artesunate for Injection 120 mg,Powder For Injection,India,Foreign,GSUNATE-120,THERALIFE PHARMA LTD,2022 April 10,2027 April 10
3191,H2022/CTD9049/18189,Byscard Tablets 10mg,Nebivolol Hydrochloride,Tablet,Pakistan,Foreign,THE SEARLE COMPANY LIMITED,UNISEL LTD,2022 April 10,2027 April 10
3192,H2022/CTD8695/16599,STATINOR 20,Rosuvastatin calcium (Amorphous),Film-Coated Tablet,India,Foreign,M/s. Hetero Labs Limited,UNISEL LTD,2022 April 10,2027 April 10
3193,H2022/CTD8694/16597,STATINOR 10,Rosuvastatin calcium (Amorphous),Film-Coated Tablet,India,Foreign,M/s. Hetero Labs Limited,UNISEL LTD,2022 April 10,2027 April 10
3194,H2022/CTD8862/20125,Afanix 40 mg,Afatinib,Tablet,Bangladesh,Foreign,Beacon Medicare Limited,GENERICS AFRICA LTD,2022 April 10,2027 April 10
3195,H2022/CTD7686/14883,ADDNOK N 2.0/0.5 (BUPRENORPHINE HCL & NALOXONE…,BUPRENORPHINE HCL & NALOXONE HCL TABLETS,Tablet,India,Foreign,RUSAN PHARMA LTD.,SURGILINKS LTD,2022 April 10,2027 April 10
3196,H2022/CTD9050/18188,Byscard Tablets 5mg,Nebivolol Hydrochloride,Tablet,Pakistan,Foreign,THE SEARLE COMPANY LIMITED,UNISEL LTD,2022 April 10,2027 April 10
3197,H2022/CTD8863/20090,Axinix 5mg,Axitinib,Tablet,Bangladesh,Foreign,Beacon Medicare Limited,GENERICS AFRICA LTD,2022 April 10,2027 April 10
3198,H2022/CTD8946/16445,Xaroban Tablets 10mg,Rivaroxaban,Tablet,Pakistan,Foreign,THE SEARLE COMPANY LIMITED,UNISEL LTD,2022 April 10,2027 April 10
3199,H2022/CTD9051/18187,Byscard Tablets 2.5mg,Nebivolol Hydrochloride,Tablet,Pakistan,Foreign,THE SEARLE COMPANY LIMITED,UNISEL LTD,2022 April 10,2027 April 10
3200,H2022/CTD8873/20017,Palbonix 100mg capsule,Palbociclib,Capsule,Bangladesh,Foreign,Beacon Medicare Limited,GENERICS AFRICA LTD,2022 April 10,2027 April 10
3201,H2022/CTD6897/13382,ETROBAX 60,Etoricoxib,Tablet,India,Foreign,M/s. Hetero Labs Limited,UNISEL LTD,2022 April 10,2027 April 10
3202,H2022/CTD8650/18860,Elbonix 50 Tablet,Eltrombopag Olamine,Tablet,Bangladesh,Foreign,Beacon Medicare Limited,GENERICS AFRICA LTD,2022 April 10,2027 April 10
3203,H2022/CTD8114/16003,BEVAMAB 400,BEVACIZUMAB,Injection,India,Foreign,INTAS PHARMACEUTICALS LTD,ACCORD HEALTHCARE (K) LTD,2022 April 05,2027 April 05
3204,H2021/CTD8724/18990,CEFROXYM 500 TABLETS,CEFUROXIME AXETIL,Film-Coated Tablet,Kenya,Local,Laboratory & Allied Limited,LABORATORY & ALLIED LTD,2021 September 23,2026 September 23
3205,H2021/CTD8186/17123,WIMAL 500/25mg,Sulfadoxine and Pyrimethamine,Dispersible Tablet,Kenya,Local,UNIVERSAL CORPORATION LIMITED,UNIVERSAL CORPORATION LTD,2021 September 23,2026 September 23
3206,H2021/CTD8723/18995,CEFROXYM 250 TABLETS,CEFUROXIME AXETIL,Film-Coated Tablet,Kenya,Local,Laboratory & Allied Limited.,LABORATORY & ALLIED LTD,2021 September 23,2026 September 23
3207,H2021/CTD8721/14818,PACSITA 150,Capecitabine,Film-Coated Tablet,India,Foreign,AUROBINDO PHARMA LIMITED,SIMBA PHARMACEUTICALS LTD,2021 September 23,2026 September 23
3208,H2021/CTD8720/14817,PACSITA 500,Capecitabine,Film-Coated Tablet,India,Foreign,Aurobindo Pharma Limited,SIMBA PHARMACEUTICALS LTD,2021 September 23,2026 September 23
3209,H2021/CTD8600/19885,ITORPLUS,RABEPRAZOLE SODIUM BP AND ITOPRIDE HYDROCHLORIDE,"Capsule, Hard",India,Foreign,Welcare Lifesciences,WEGA HEALTHCARE LTD,2021 September 23,2026 September 23
3210,H2021/CTD8416/16027,Brinzox T,Brinzolamide 1% w/v and Timolol 0.5% w/v…,"Ear/Eye Drops, Suspension",India,Foreign,Ajanta Pharma Limited,HARLEYS LTD-NAIROBI,2021 September 23,2026 September 23
3211,H2021/CTD8387/17094,APREZO STARTER PACK,Apremilast,Film-Coated Tablet,India,Foreign,Glenmark Pharmaceuticals Limited,GLENMARK PHARMACEUTICALS (K) LTD,2021 September 23,2026 September 23
3212,H2021/CTD8311/18208,WIMAL PLUS ADULT,"SULFADOXINE, PYRIMETHAMINE AND AMODIAQUINE",Dispersible Tablet,Kenya,Local,Universal Corporation Limited,UNIVERSAL CORPORATION LTD,2021 September 23,2026 September 23
3213,H2021/CTD8309/17097,APREZO,Apremilast IH,Film-Coated Tablet,India,Foreign,Glenmark Pharmaceuticals Limited,GLENMARK PHARMACEUTICALS (K) LTD,2021 September 23,2026 September 23
3214,H2021/CTD8185/17740,WIMAL 250/12.5Mg,Sulfadoxine and Pyrimethamine,Dispersible Tablet,Kenya,Local,Universal Corporation Limited,UNIVERSAL CORPORATION LTD,2021 September 23,2026 September 23
3215,H2021/CTD8109/16404,Malaphar injection 80mg,Artemether,Injection,Kenya,Foreign,Sai Pharmaceuticals Limited,SAI PHARMACEUTICALS LTD,2021 September 23,2026 September 23
3216,H2021/CTD8088/17118,Apcalis SX 20,Tadalafil,Tablet,India,Foreign,AJANTA PHARMA LIMITED,HARLEYS LTD-NAIROBI,2021 September 23,2026 September 23
3217,H2021/CTD8013/16455,GLAMYCIN,Gentamicin Sulfate,Solution For Injection,China,Foreign,Gentamicin injection 80mg/2ml,GLAD HEALTHCARE KENYA LIMITED,2021 September 23,2026 September 23
3218,H2021/CTD7302/14318,FC-ZOLE 150,Fluconazole USP,Tablet,India,Foreign,GALAXY PHARMACEUTICAL LTD,GALAXY PHARMACEUTICAL LIMITED,2021 September 23,2026 September 23
3219,H2021/CTD6892/13373,DERMET OINTMENT,MOMETASONE FUROATE,Ointment,Kenya,Local,Laboratory & Allied Ltd,LABORATORY & ALLIED LTD,2021 September 23,2026 September 23
3220,H2021/CTD8754/19830,Empaflo 25mg Tablets,Empagliflozin,Film-Coated Tablet,Kenya,Local,DAWA LTD,DAWA LTD,2021 September 23,2026 September 23
3221,H2021/CTD5971/1785,HISTY SYRUP,EBASTINE SYRUP,Oral Liquid,India,Foreign,KRISHNA CHEMISTS LTD,KRISHNA CHEMISTS LTD,2021 October 13,2026 October 13
3222,H2016/CTD3413/552,ACTIDROX-1000,CEFADROXIL,Film-Coated Tablet,India,Foreign,KRISHNA CHEMISTS LTD,KRISHNA CHEMISTS LTD,2021 November 10,2026 November 10
3223,H2021/CTD6275/2444,DAPLONG,DAPOXETINE 30MG + SILDENAFIL CITRATE 50MG,Tablet,India,Foreign,KRISHNA CHEMISTS LTD,KRISHNA CHEMISTS LTD,2021 November 08,2026 November 08
3224,H2017/CTD4118/148,PROSTAFLO-F,Finasteride USP and Tamsulosin Hydrochloride USP,Capsule,India,Foreign,KRISHNA CHEMISTS LTD,KRISHNA CHEMISTS LTD,2021 November 06,2026 November 06
